threshold,precision,recall,f1,costo_q,alertas_por_100k
0.006595006648348626,0.03386769022352676,1.0,0.06551648831622625,2310660.0,100000.0
0.007209282890397274,0.03389064618165386,1.0,0.06555944055944056,2309040.0,99932.26461955295
0.007655803114012059,0.033913633280578795,1.0,0.0656024491581019,2307420.0,99864.52923910589
0.008089458281657887,0.033936651583710405,1.0,0.06564551422319474,2305800.0,99796.79385865884
0.008385783451894899,0.03395970115462984,1.0,0.06568863586599519,2304180.0,99729.05847821178
0.008598835528551195,0.03390726476363087,0.9977777777777778,0.06558574349985392,2306940.0,99661.32309776473
0.008763583992827345,0.033930325700899266,0.9977777777777778,0.06562888255499524,2305320.0,99593.58771731767
0.008877542614704602,0.03395341802782819,0.9977777777777778,0.06567207839695773,2303700.0,99525.85233687062
0.009003413673130766,0.03397397094430993,0.9977777777777778,0.06571052246451047,2302260.0,99465.64310980658
0.009218074625957619,0.033997122737942004,0.9977777777777778,0.06575382587683971,2300640.0,99397.90772935952
0.00935555550134724,0.034020306106985906,0.9977777777777778,0.06579718640093786,2299020.0,99330.17234891247
0.009465514019171882,0.03404352111608158,0.9977777777777778,0.06584060414986435,2297400.0,99262.43696846542
0.0095544672802468,0.03406676783004552,0.9977777777777778,0.06588407923697726,2295780.0,99194.70158801836
0.009683820903074233,0.034090046313871386,0.9977777777777778,0.06592761177593422,2294160.0,99126.96620757131
0.009801828461431317,0.03411335663273059,0.9977777777777778,0.06597120188069351,2292540.0,99059.23082712425
0.009885362771357105,0.03413410369469363,0.9977777777777778,0.06600999705968832,2291100.0,98999.02160006021
0.010063124573507729,0.034157474324838344,0.9977777777777778,0.0660536962118426,2289480.0,98931.28621961316
0.01013136602062806,0.03418087697929354,0.9977777777777778,0.06609745326070955,2287860.0,98863.5508391661
0.010201573559761324,0.03420431172392778,0.9977777777777778,0.06614126832142594,2286240.0,98795.81545871905
0.010227280373464282,0.034227778624790366,0.9977777777777778,0.06618514150943396,2284620.0,98728.08007827199
0.010274021275771155,0.034251277748111986,0.9977777777777778,0.06622907294048233,2283000.0,98660.34469782494
0.010304830346068418,0.03427480916030534,0.9977777777777778,0.0662730627306273,2281380.0,98592.6093173779
0.010390005556478798,0.03429575313168347,0.9977777777777778,0.06631221385319747,2279940.0,98532.40009031384
0.010450761842674069,0.034319345715814416,0.9977777777777778,0.0663563141949309,2278320.0,98464.66470986679
0.010495078811318127,0.034342970781704146,0.9977777777777778,0.06640047323277137,2276700.0,98396.92932941974
0.010556821501936774,0.034366628396479144,0.9977777777777778,0.06644469108398077,2275080.0,98329.19394897268
0.010612878114369305,0.03439031862745098,0.9977777777777778,0.06648896786613356,2273460.0,98261.45856852563
0.010641506116283743,0.03441404154211696,0.9977777777777778,0.06653330369711788,2271840.0,98193.72318807857
0.010685812815733973,0.03443779720816076,0.9977777777777778,0.06657769869513641,2270220.0,98125.98780763152
0.010754162798746532,0.03446158569345307,0.9977777777777778,0.06662215297870762,2268600.0,98058.25242718447
0.010794059190849753,0.034482758620689655,0.9977777777777778,0.06666171776408582,2267160.0,97998.04320012042
0.010840018842378571,0.03450660928373809,0.9977777777777778,0.06670628435596494,2265540.0,97930.30781967337
0.010885026538006921,0.034530492963162344,0.9977777777777778,0.06675091057756634,2263920.0,97862.57243922631
0.010917327736924649,0.03455440972756657,0.9977777777777778,0.06679559654864624,2262300.0,97794.83705877926
0.010951542265996784,0.03457835964574509,0.9977777777777778,0.06684034238928173,2260680.0,97727.10167833221
0.010996297315416171,0.03460234278668311,0.9977777777777778,0.06688514821987189,2259060.0,97659.36629788515
0.011018309111559809,0.03462635921955734,0.9977777777777778,0.06693001416113885,2257440.0,97591.6309174381
0.011043291831995981,0.034647735164750365,0.9977777777777778,0.06696994555895294,2256000.0,97531.42169037406
0.011083895581842489,0.03467181467181467,0.9977777777777778,0.06701492537313433,2254380.0,97463.686309927
0.01110895783872923,0.03469592767174098,0.9977777777777778,0.06705996564856993,2252760.0,97395.95092947995
0.011165029125549947,0.03472007423445716,0.9977777777777778,0.06710506650724854,2251140.0,97328.21554903289
0.011188344842755268,0.03474425443008589,0.9977777777777778,0.06715022807148732,2249520.0,97260.48016858584
0.01120823735066351,0.03476846832894533,0.9977777777777778,0.06719545046393295,2247900.0,97192.74478813878
0.011223567547743946,0.03479271600154979,0.9977777777777778,0.06724073380756271,2246280.0,97125.00940769173
0.0112374362200504,0.03481429789873614,0.9977777777777778,0.06728103693713944,2244840.0,97064.80018062769
0.011256342942066743,0.03483860955927995,0.9977777777777778,0.06732643574748838,2243220.0,96997.06480018063
0.011265006006789948,0.03486295519838497,0.9977777777777778,0.0673718958661565,2241600.0,96929.32941973358
0.011280377196602402,0.034887334887334885,0.9977777777777778,0.06741741741741741,2239980.0,96861.59403928653
0.01130211143644202,0.03491174869761294,0.9977777777777778,0.06746300052588085,2238360.0,96793.85865883947
0.0113190618086049,0.03493619670090258,0.9977777777777778,0.06750864531649375,2236740.0,96726.12327839242
0.011329430986892871,0.03496067896908822,0.9977777777777778,0.06755435191454148,2235120.0,96658.38789794536
0.01134957367617828,0.03498519557425588,0.9977777777777778,0.0676001204456489,2233500.0,96590.65251749831
0.01136492846115873,0.0350070169967254,0.9977777777777778,0.06764085567942152,2232060.0,96530.44329043425
0.011385015698839597,0.0350315986580323,0.9977777777777778,0.06768674153915731,2230440.0,96462.7079099872
0.011394013700306163,0.03505621486570893,0.9977777777777778,0.06773268969678685,2228820.0,96394.97252954016
0.011413479798141554,0.03508086569263224,0.9977777777777778,0.06777870027926636,2227200.0,96327.2371490931
0.01142659365377385,0.03510555121188429,0.9977777777777778,0.06782477341389728,2225580.0,96259.50176864605
0.01144561095950565,0.03513027149675299,0.9977777777777778,0.06787090922832742,2223960.0,96191.766388199
0.01146846738794291,0.03515502662073285,0.9977777777777778,0.0679171078505521,2222340.0,96124.03100775194
0.011493762323971502,0.03517706048260733,0.9977777777777778,0.06795822612380809,2220900.0,96063.82178068788
0.011507367925139098,0.03520188161505292,0.9977777777777778,0.0680045437334343,2219280.0,95996.08640024083
0.0115216209670569,0.035226737800094145,0.9977777777777778,0.0680509245225826,2217660.0,95928.35101979377
0.01154729655638603,0.035251629112035804,0.9977777777777778,0.0680973686206112,2216040.0,95860.61563934672
0.011562507069247677,0.035276555625392836,0.9977777777777778,0.06814387615723175,2214420.0,95792.88025889968
0.011581535884328895,0.035301517414891105,0.9977777777777778,0.06819044726251045,2212800.0,95725.14487845263
0.011600350649219623,0.03532651455546813,0.9977777777777778,0.0682370820668693,2211180.0,95657.40949800558
0.011607896150954195,0.03534876397417729,0.9977777777777778,0.0682785888077859,2209740.0,95597.20027094152
0.011620852523527616,0.035373828094225165,0.9977777777777778,0.06832534428973598,2208120.0,95529.46489049446
0.011633551423817542,0.035398927783033746,0.9977777777777778,0.06837216384955079,2206500.0,95461.72951004741
0.011643275534711691,0.03542406311637081,0.9977777777777778,0.06841904761904762,2204880.0,95393.99412960035
0.011651870765481038,0.03544923417021949,0.9977777777777778,0.06846599573040561,2203260.0,95326.2587491533
0.011659819522298245,0.035395433357035634,0.9955555555555555,0.06836041809719998,2206020.0,95258.52336870624
0.011670739722497294,0.03542061986084757,0.9955555555555555,0.06840739044128874,2204400.0,95190.7879882592
0.011675698244675651,0.035445842234353986,0.9955555555555555,0.06845442738177095,2202780.0,95123.05260781215
0.011686754255056173,0.035468292296730264,0.9955555555555555,0.06849629233239049,2201340.0,95062.84338074809
0.01169895307301696,0.03549358263349707,0.9955555555555555,0.06854345165238677,2199720.0,94995.10800030104
0.011711115695635996,0.03551890906207881,0.9955555555555555,0.06859067595498737,2198100.0,94927.372619854
0.01172121748148336,0.035544271659790544,0.9955555555555555,0.06863796537459782,2196480.0,94859.63723940693
0.011732502952852298,0.03556967050416832,0.9955555555555555,0.06868532004599463,2194860.0,94791.90185895989
0.011743195645609154,0.035595105672969966,0.9955555555555555,0.06873274010432648,2193240.0,94724.16647851282
0.011752140391255803,0.035620577244175874,0.9955555555555555,0.06878022568511553,2191620.0,94656.43109806578
0.011763006620421054,0.03564324926406238,0.9955555555555555,0.0688224902066211,2190180.0,94596.22187100173
0.01177466118602077,0.035668789808917196,0.9955555555555555,0.06887009992313604,2188560.0,94528.48649055467
0.011783834689543105,0.03569436698271054,0.9955555555555555,0.06891777555572648,2186940.0,94460.75111010762
0.011791280062687058,0.035719980864295967,0.9955555555555555,0.06896551724137931,2185320.0,94393.01572966056
0.01180417899901243,0.03574563153275353,0.9955555555555555,0.06901332511746129,2183700.0,94325.28034921351
0.011815013466189635,0.03577131906739061,0.9955555555555555,0.06906119932172036,2182080.0,94257.54496876647
0.011827080069274628,0.035797043547742706,0.9955555555555555,0.06910913999228693,2180460.0,94189.8095883194
0.011836505932596851,0.035819940833133446,0.9955555555555555,0.06915180983252296,2179020.0,94129.60036125536
0.011849860821974107,0.035845735317650826,0.9955555555555555,0.06919987642879209,2177400.0,94061.86498080831
0.011868378477337224,0.03587156697894147,0.9955555555555555,0.06924800989257285,2175780.0,93994.12960036125
0.011875960857489183,0.035897435897435895,0.9955555555555555,0.06929621036349574,2174160.0,93926.3942199142
0.011885915117290036,0.035923342153796806,0.9955555555555555,0.06934447798158037,2172540.0,93858.65883946714
0.011892690259603626,0.035949285828919916,0.9955555555555555,0.06939281288723669,2170920.0,93790.9234590201
0.011900240596629655,0.035975267003934795,0.9955555555555555,0.06944121522126637,2169300.0,93723.18807857303
0.01190600852449412,0.03600128576020572,0.9955555555555555,0.06948968512486428,2167680.0,93655.45269812598
0.011909909631320515,0.036024445159215185,0.9955555555555555,0.0695328263231414,2166240.0,93595.24347106194
0.011922595513283757,0.03605053512513076,0.9955555555555555,0.0695814242447775,2164620.0,93527.50809061488
0.01192961188866734,0.036076662908680945,0.9955555555555555,0.06963009014609885,2163000.0,93459.77271016783
0.011935370764447612,0.03610282859215086,0.9955555555555555,0.06967882416984214,2161380.0,93392.03732972078
0.01194541991692229,0.03612903225806452,0.9955555555555555,0.06972762645914397,2159760.0,93324.30194927372
0.011951182123562448,0.0361552739891857,0.9955555555555555,0.06977649715754225,2158140.0,93256.56656882667
0.01196303449437061,0.03618155386851882,0.9955555555555555,0.06982543640897755,2156520.0,93188.83118837961
0.011975389010057994,0.03620494585421044,0.9955555555555555,0.06986899563318777,2155080.0,93128.62196131557
0.011986208020454036,0.03623129801860089,0.9955555555555555,0.06991806476785017,2153460.0,93060.88658086852
0.011992786773188595,0.036257688572353515,0.9955555555555555,0.06996720287365298,2151840.0,92993.15120042146
0.011999245768580302,0.03628411759941686,0.9955555555555555,0.07001641009611628,2150220.0,92925.41581997441
0.01200775603440979,0.03631058518398444,0.9955555555555555,0.07006568658116985,2148600.0,92857.68043952735
0.012017955027314555,0.03633709141049558,0.9955555555555555,0.07011503247515455,2146980.0,92789.9450590803
0.012022393491572973,0.03636363636363636,0.9955555555555555,0.0701644479248238,2145360.0,92722.20967863325
0.012029054474064953,0.036387264457439894,0.9955555555555555,0.07020843128036358,2143920.0,92662.0004515692
0.012034884138146964,0.03641388279281476,0.9955555555555555,0.07025797851485925,2142300.0,92594.26507112215
0.01204188153531805,0.03644054010086221,0.9955555555555555,0.07030759573132454,2140680.0,92526.5296906751
0.01205238555200681,0.036467236467236465,0.9955555555555555,0.07035728307813113,2139060.0,92458.79431022804
0.012059818273652507,0.036493971977842946,0.9955555555555555,0.0704070407040704,2137440.0,92391.058929781
0.01206917726721506,0.03652074671883916,0.9955555555555555,0.07045686875835495,2135820.0,92323.32354933393
0.012086514072206534,0.036547560776635665,0.9955555555555555,0.07050676739062008,2134200.0,92255.58816888688
0.012099224146895503,0.036571428571428574,0.9955555555555555,0.0705511811023622,2132760.0,92195.37894182284
0.0121105257860181,0.03659831713095335,0.9955555555555555,0.07060121345835632,2131140.0,92127.64356137578
0.012119167990306226,0.03662524525833878,0.9955555555555555,0.07065131682699889,2129520.0,92059.90818092873
0.012127543982734537,0.0366522130409883,0.9955555555555555,0.07070149135958337,2127900.0,91992.17280048167
0.012135348867390712,0.03667922056656296,0.9955555555555555,0.07075173720783323,2126280.0,91924.43742003462
0.01214174649112543,0.036706267922982386,0.9955555555555555,0.07080205452390359,2124660.0,91856.70203958757
0.012153524026526764,0.036733355198425716,0.9955555555555555,0.07085244346038273,2123040.0,91788.96665914051
0.012155523216782696,0.03676048248133257,0.9955555555555555,0.07090290417029359,2121420.0,91721.23127869346
0.01216867786907295,0.03678462927990804,0.9955555555555555,0.07094781851294639,2119980.0,91661.02205162942
0.012174509384910192,0.036811832374691864,0.9955555555555555,0.07099841521394612,2118360.0,91593.28667118236
0.01218254112028027,0.036839075733903465,0.9955555555555555,0.07104908413289986,2116740.0,91525.55129073531
0.012193959505268461,0.03686635944700461,0.9955555555555555,0.07109982542453579,2115120.0,91457.81591028825
0.012204521934459263,0.03689368360372231,0.9955555555555555,0.07115063924402446,2113500.0,91390.0805298412
0.01221082080209002,0.036921048294049776,0.9955555555555555,0.0712015257469803,2111880.0,91322.34514939414
0.01222140075322412,0.036948453608247424,0.9955555555555555,0.07125248508946322,2110260.0,91254.60976894709
0.012233649118899582,0.03697284806470248,0.9955555555555555,0.0712978435585263,2108820.0,91194.40054188305
0.012243770269764902,0.0370003303600925,0.9955555555555555,0.0713489409141583,2107200.0,91126.66516143599
0.012252125981224217,0.03702785354161501,0.9955555555555555,0.07140011156267431,2105580.0,91058.92978098894
0.012257862104934862,0.03705541770057899,0.9955555555555555,0.07145135566188197,2103960.0,90991.19440054189
0.012267937707161376,0.037083022928565516,0.9955555555555555,0.07150267337004229,2102340.0,90923.45902009483
0.012278351359555158,0.03711066931742876,0.9955555555555555,0.07155406484587126,2100720.0,90855.72363964778
0.012286949844581953,0.03713835695929702,0.9955555555555555,0.07160553024854152,2099100.0,90787.98825920072
0.012302955901620644,0.0371630029033596,0.9955555555555555,0.07165133946421431,2097660.0,90727.77903213668
0.0123088849953147,0.03719076871990702,0.9955555555555555,0.07170294494238157,2096040.0,90660.04365168963
0.012312890618827765,0.0372185760571571,0.9955555555555555,0.0717546248098022,2094420.0,90592.30827124257
0.012320938005489567,0.03724642500831393,0.9955555555555555,0.07180637922744029,2092800.0,90524.57289079552
0.012330847663949564,0.037274315666860805,0.9955555555555555,0.07185820835672467,2091180.0,90456.83751034846
0.012336751400043273,0.0373022481265612,0.9955555555555555,0.07191011235955057,2089560.0,90389.10212990141
0.012344498373510749,0.037330222481459875,0.9955555555555555,0.07196209139828126,2087940.0,90321.36674945436
0.012358690247548156,0.037358238825883926,0.9955555555555555,0.07201414563574988,2086320.0,90253.6313690073
0.01236313736744935,0.037299732977303074,0.9933333333333333,0.07189963004664629,2089260.0,90193.42214194326
0.01237329523230893,0.03732776617954071,0.9933333333333333,0.07195171026156942,2087640.0,90125.68676149621
0.012382111184104832,0.03735584155106134,0.9933333333333333,0.07200386597938144,2086020.0,90057.95138104915
0.012393297254725617,0.03738395918708706,0.9933333333333333,0.07205609736439107,2084400.0,89990.2160006021
0.01240552985472292,0.03741211918312688,0.9933333333333333,0.0721084045813841,2082780.0,89922.48062015504
0.01241156262955751,0.037440321634977805,0.9933333333333333,0.07216078779562515,2081160.0,89854.74523970799
0.012421794744687251,0.0374685666387259,0.9933333333333333,0.07221324717285946,2079540.0,89787.00985926093
0.01242787885368578,0.03749370910920986,0.9933333333333333,0.07225994180407372,2078100.0,89726.80063219689
0.012434871232323666,0.03752203475195165,0.9933333333333333,0.07231254549866538,2076480.0,89659.06525174982
0.012442094830411334,0.03755040322580645,0.9933333333333333,0.07236522583778533,2074860.0,89591.32987130278
0.012452186390417138,0.03757881462799496,0.9933333333333333,0.07241798298906439,2073240.0,89523.59449085573
0.01246252412672505,0.03760726905603231,0.9933333333333333,0.07247081712062257,2071620.0,89455.85911040868
0.012472250461261273,0.03763576660772922,0.9933333333333333,0.07252372840107082,2070000.0,89388.12372996162
0.012479871996636829,0.03766430738119313,0.9933333333333333,0.0725767169995129,2068380.0,89320.38834951457
0.012487592300518973,0.03768971332209106,0.9933333333333333,0.07262388302193339,2066940.0,89260.17912245051
0.012498776653883192,0.03771833600540039,0.9933333333333333,0.07267701812860743,2065320.0,89192.44374200345
0.01250722681007959,0.03774700219557507,0.9933333333333333,0.07273023104458184,2063700.0,89124.7083615564
0.012518496185399245,0.0377757119918871,0.9933333333333333,0.07278352194089392,2062080.0,89056.97298110936
0.0125269248945467,0.03780446549391069,0.9933333333333333,0.07283689098908261,2060460.0,88989.2376006623
0.012536933528586529,0.037833262801523486,0.9933333333333333,0.07289033836119038,2058840.0,88921.50222021525
0.012543904817046859,0.03786210401490767,0.9933333333333333,0.07294386422976501,2057220.0,88853.76683976818
0.01255748737008933,0.037890989234551156,0.9933333333333333,0.07299746876786152,2055600.0,88786.03145932115
0.012569459909211163,0.03791670201034863,0.9933333333333333,0.0730451834300188,2054160.0,88725.8222322571
0.012580167048675496,0.03794567062818336,0.9933333333333333,0.07309893704006541,2052540.0,88658.08685181003
0.012586543303920058,0.0379746835443038,0.9933333333333333,0.07315276982243679,2050920.0,88590.35147136298
0.012597104413246536,0.03800374086039789,0.9933333333333333,0.07320668195217818,2049300.0,88522.61609091592
0.01260500272785008,0.03803284267846507,0.9933333333333333,0.07326067360485126,2047680.0,88454.88071046887
0.012612345268367332,0.03806198910081744,0.9933333333333333,0.073314744956536,2046060.0,88387.14533002183
0.012616121242544581,0.03809118023008096,0.9933333333333333,0.07336889618383258,2044440.0,88319.40994957477
0.01262377998694823,0.03811716551547711,0.9933333333333333,0.07341709780734171,2043000.0,88259.20072251072
0.012633800271236168,0.038146441372247826,0.9933333333333333,0.07347140039447732,2041380.0,88191.46534206368
0.012641354696946366,0.03817576223417884,0.9933333333333333,0.07352578337034296,2039760.0,88123.72996161661
0.012650261945372552,0.038205128205128204,0.9933333333333333,0.07358024691358024,2038140.0,88055.99458116957
0.012658348141410177,0.0382345393892738,0.9933333333333333,0.07363479120336051,2036520.0,87988.2592007225
0.012663209467904791,0.03826399589111454,0.9933333333333333,0.07368941641938674,2034900.0,87920.52382027546
0.012670423130847132,0.0382934978154716,0.9933333333333333,0.07374412274189557,2033280.0,87852.7884398284
0.012678375901126658,0.03831975996570939,0.9933333333333333,0.07379281881964507,2031840.0,87792.57921276435
0.012688857690661002,0.038349347975291694,0.9933333333333333,0.07384767883694036,2030220.0,87724.8438323173
0.012701173417902334,0.03837898171202885,0.9933333333333333,0.07390262048441762,2028600.0,87657.10845187024
0.012712618663330172,0.03840866128200722,0.9933333333333333,0.07395764394440768,2026980.0,87589.3730714232
0.012721862650917272,0.038438386791641584,0.9933333333333333,0.07401274939978475,2025360.0,87521.63769097615
0.012729109666484346,0.03846815834767642,0.9933333333333333,0.07406793703396852,2023740.0,87453.90231052908
0.01273808492005744,0.03849797605718715,0.9933333333333333,0.07412320703092612,2022120.0,87386.16693008204
0.012748383850166035,0.03852784002758145,0.9933333333333333,0.07417855957517425,2020500.0,87318.43154963497
0.012755917060252246,0.03855442470243229,0.9933333333333333,0.07422783128528727,2019060.0,87258.22232257093
0.012761107598330537,0.038498057833405264,0.9911111111111112,0.07411715828832571,2021820.0,87190.48694212388
0.012767508990507902,0.038441603317208015,0.9888888888888889,0.07400631964077832,2024580.0,87122.75156167682
0.01277582566045971,0.038471513789227973,0.9888888888888889,0.07406174586003163,2022960.0,87055.01618122977
0.012784263882027191,0.03850147084270635,0.9888888888888889,0.07411725516322451,2021340.0,86987.28080078271
0.01279014475059477,0.03853147458654429,0.9888888888888889,0.07417284773731145,2019720.0,86919.54542033566
0.012797880471135357,0.03856152512998267,0.9888888888888889,0.07422852376980818,2018100.0,86851.81003988862
0.012803311756883014,0.03850156087408949,0.9866666666666667,0.07411116675012519,2021040.0,86791.60081282456
0.012813389290817205,0.038531632387399116,0.9866666666666667,0.07416687546980706,2019420.0,86723.86543237751
0.012820137873102848,0.0385617509119333,0.9866666666666667,0.07422266800401203,2017800.0,86656.13005193046
0.012830256667836356,0.038591916558018254,0.9866666666666667,0.07427854454203263,2016180.0,86588.3946714834
0.01283624644986249,0.038622129436325675,0.9866666666666667,0.0743345052737318,2014560.0,86520.65929103635
0.012843323690383239,0.03865238965787412,0.9866666666666667,0.07439055038954512,2012940.0,86452.92391058929
0.012849585806851947,0.03868269733403032,0.9866666666666667,0.0744466800804829,2011320.0,86385.18853014224
0.012854058300759271,0.03870967741935484,0.9866666666666667,0.07449664429530202,2009880.0,86324.9793030782
0.012858478121473498,0.03874007503708228,0.9866666666666667,0.07455293426244648,2008260.0,86257.24392263114
0.012863531388998956,0.03877052043311212,0.9866666666666667,0.07460930935977146,2006640.0,86189.50854218409
0.012872820036109558,0.03880101372017827,0.9866666666666667,0.07466576978054318,2005020.0,86121.77316173703
0.012880182666871505,0.038831555011369596,0.9866666666666667,0.07472231571861326,2003400.0,86054.03778128998
0.012888950038749958,0.03886214442013129,0.9866666666666667,0.07477894736842106,2001780.0,85986.30240084293
0.012902615944581619,0.03889278206026629,0.9866666666666667,0.07483566492499578,2000160.0,85918.56702039587
0.012912237717982573,0.03892346804593671,0.9866666666666667,0.07489246858395884,1998540.0,85850.83163994882
0.012923869095218185,0.038950785156592685,0.9866666666666667,0.0749430331673559,1997100.0,85790.62241288478
0.012933623707360987,0.038981562774363474,0.9866666666666667,0.075,1995480.0,85722.88703243772
0.012940537874892652,0.0390123890695018,0.9866666666666667,0.07505705350350773,1993860.0,85655.15165199067
0.01295465154069289,0.03904326415758002,0.9866666666666667,0.07511419387582473,1992240.0,85587.41627154361
0.012968511353186774,0.03907418815453666,0.9866666666666667,0.07517142131549988,1990620.0,85519.68089109656
0.012975092314876445,0.039105161176677825,0.9866666666666667,0.07522873602168756,1989000.0,85451.9455106495
0.012979704325859421,0.03913618334067871,0.9866666666666667,0.07528613819415006,1987380.0,85384.21013020245
0.01298805202014866,0.039163799947075945,0.9866666666666667,0.07533723593789768,1985940.0,85324.00090313841
0.01299440675510231,0.03919491525423729,0.9866666666666667,0.07539480387162506,1984320.0,85256.26552269135
0.012999259646183583,0.039226080042406575,0.9866666666666667,0.07545245985215396,1982700.0,85188.5301422443
0.013006664553438164,0.039257294429708225,0.9866666666666667,0.07551020408163266,1981080.0,85120.79476179725
0.013016397421369836,0.03928855853464295,0.9866666666666667,0.0755680367628287,1979460.0,85053.05938135019
0.013022862045833158,0.039319872476089264,0.9866666666666667,0.07562595809913132,1977840.0,84985.32400090314
0.01303453030429727,0.039351236373304975,0.9866666666666667,0.07568396829455382,1976220.0,84917.58862045608
0.013048438570858174,0.03937915742793792,0.9866666666666667,0.07573560767590619,1974780.0,84857.37939339204
0.013052571233789891,0.03941061601278182,0.9866666666666667,0.07579378627517924,1973160.0,84789.64401294499
0.013055362977427955,0.039442124900062187,0.9866666666666667,0.07585205432647134,1971540.0,84721.90863249793
0.01306474828477609,0.039473684210526314,0.9866666666666667,0.07591041203624552,1969920.0,84654.17325205088
0.013072118156783037,0.039505294065308304,0.9866666666666667,0.07596885961160064,1968300.0,84586.43787160382
0.01307985651224621,0.039536954585930546,0.9866666666666667,0.07602739726027398,1966680.0,84518.70249115677
0.013090250792830486,0.03956866589430532,0.9866666666666667,0.07608602519064347,1965060.0,84450.96711070972
0.013095458253737823,0.03959689645946669,0.9866666666666667,0.0761382148675298,1963620.0,84390.75788364567
0.013100418833073219,0.039628704034273474,0.9866666666666667,0.07619701390080659,1962000.0,84323.02250319862
0.013103437304732807,0.03966056275122823,0.9866666666666667,0.07625590382138257,1960380.0,84255.28712275157
0.013111403472715208,0.03969247273377436,0.9866666666666667,0.07631488484015125,1958760.0,84187.55174230451
0.013118458350547887,0.03972443410575289,0.9866666666666667,0.07637395716865916,1957140.0,84119.81636185746
0.013127187495315846,0.03975644699140401,0.9866666666666667,0.07643312101910828,1955520.0,84052.0809814104
0.013134606644964299,0.03978851151536876,0.9866666666666667,0.07649237660435869,1953900.0,83984.34560096335
0.013141609718740652,0.039820627802690585,0.9866666666666667,0.07655172413793103,1952280.0,83916.61022051629
0.013146586190969147,0.03984921917070544,0.9866666666666667,0.07660455486542443,1950840.0,83856.40099345225
0.013153683460571454,0.039881433575855565,0.9866666666666667,0.07666407666407667,1949220.0,83788.6656130052
0.013160470527938187,0.039913700107874865,0.9866666666666667,0.0767236910316226,1947600.0,83720.93023255814
0.01316661931118993,0.039946018893387315,0.9866666666666667,0.0767833981841764,1945980.0,83653.19485211109
0.013171180091030356,0.039978390059427334,0.9866666666666667,0.07684319833852545,1944360.0,83585.45947166404
0.013175193139864866,0.04001081373344147,0.9866666666666667,0.07690309171213303,1942740.0,83517.72409121698
0.013181832376891208,0.04004329004329004,0.9866666666666667,0.07696307852314092,1941120.0,83449.98871076993
0.013186969193893137,0.04007220216606498,0.9866666666666667,0.07701647875108412,1939680.0,83389.77948370588
0.013191071627368147,0.040104778249480624,0.9866666666666667,0.07707664265254752,1938060.0,83322.04410325883
0.013198233556992761,0.04013740734044476,0.9866666666666667,0.07713690062543432,1936440.0,83254.30872281178
0.013205339888912888,0.04017008956844296,0.9866666666666667,0.0771972528905503,1934820.0,83186.57334236472
0.013212614314133682,0.04020282506338283,0.9866666666666667,0.07725769966939272,1933200.0,83118.83796191767
0.013216557764090127,0.04023561395559583,0.9866666666666667,0.07731824118415324,1931580.0,83051.10258147061
0.013221552901009606,0.040268456375838924,0.9866666666666667,0.07737887765772046,1929960.0,82983.36720102356
0.013226453000484148,0.040297694681430386,0.9866666666666667,0.0774328566445762,1928520.0,82923.1579739595
0.013230985241501871,0.040330638568444,0.9866666666666667,0.07749367309538355,1926900.0,82855.42259351246
0.013235471335487364,0.040363636363636365,0.9866666666666667,0.07755458515283843,1925280.0,82787.6872130654
0.013239863793329117,0.040396688199435905,0.9866666666666667,0.07761559304256621,1923660.0,82719.95183261835
0.013245171030325225,0.040429794208705155,0.9866666666666667,0.07767669699090272,1922040.0,82652.21645217128
0.01324811244021148,0.04046295452474255,0.9866666666666667,0.07773789722489714,1920420.0,82584.48107172425
0.013251053570290616,0.0404961692812842,0.9866666666666667,0.0777991939723147,1918800.0,82516.74569127719
0.01325486410859744,0.04052943861250571,0.9866666666666667,0.07786058746163964,1917180.0,82449.01031083014
0.013258817463575252,0.040559057275966016,0.9866666666666667,0.07791524085285602,1915740.0,82388.80108376608
0.013262038116169725,0.0405924300603401,0.9866666666666667,0.0779768177028451,1914120.0,82321.06570331904
0.013264623457812149,0.040625857809497665,0.9866666666666667,0.07803849195887161,1912500.0,82253.33032287197
0.013270242076201122,0.04065934065934066,0.9866666666666667,0.07810026385224274,1910880.0,82185.59494242493
0.013272317383221398,0.040692878746219414,0.9866666666666667,0.07816213361499869,1909260.0,82117.85956197786
0.013276233798542468,0.04072647220693451,0.9866666666666667,0.07822410147991543,1907640.0,82050.12418153082
0.013282096637397444,0.04076012117873864,0.9866666666666667,0.0782861676805078,1906020.0,81982.38880108375
0.013290102207045315,0.04079007808911346,0.9866666666666667,0.07834142037935597,1904580.0,81922.17957401971
0.013294136010856845,0.04082383229128356,0.9866666666666667,0.07840367296485962,1902960.0,81854.44419357266
0.01329857657408597,0.04085764240360725,0.9866666666666667,0.078466024564814,1901340.0,81786.7088131256
0.013304931763762367,0.04089150856511328,0.9866666666666667,0.07852847541563494,1899720.0,81718.97343267855
0.013310642539411728,0.04092543091529173,0.9866666666666667,0.07859102575449155,1898100.0,81651.2380522315
0.013317539748629578,0.04086715867158672,0.9844444444444445,0.07847652790079716,1900860.0,81583.50267178444
0.013322378574478877,0.04090111716369679,0.9844444444444445,0.07853913660136513,1899240.0,81515.7672913374
0.013326536522903214,0.04093134990298439,0.9844444444444445,0.07859487270469263,1897800.0,81455.55806427335
0.013333838250797673,0.04096541520251526,0.9844444444444445,0.07865767045454546,1896180.0,81387.82268382629
0.013339400801292983,0.04099953725127256,0.9844444444444445,0.07872056863616171,1894560.0,81320.08730337924
0.013344797139868692,0.04103371619118192,0.9844444444444445,0.07878356749066334,1892940.0,81252.35192293218
0.013349382275228885,0.041067952164642624,0.9844444444444445,0.07884666725994482,1891320.0,81184.61654248514
0.013353831332488672,0.0411022453145296,0.9844444444444445,0.07890986818667617,1889700.0,81116.88116203807
0.013358540288817984,0.04113659578419537,0.9844444444444445,0.07897317051430609,1888080.0,81049.14578159103
0.013362713100474379,0.04117100371747212,0.9844444444444445,0.07903657448706512,1886460.0,80981.41040114398
0.013371105663346925,0.041201636904761904,0.9844444444444445,0.07909301910373148,1885020.0,80921.20117407992
0.013374322767791946,0.04114306990598529,0.9822222222222222,0.07897793263646923,1887780.0,80853.46579363287
0.013377952358844432,0.04117756661076952,0.9822222222222222,0.07904148783977111,1886160.0,80785.73041318583
0.013381403534911733,0.041212121212121214,0.9822222222222222,0.07910514541387025,1884540.0,80717.99503273876
0.01338678228501817,0.04124673385591639,0.9822222222222222,0.07916890560630485,1882920.0,80650.25965229172
0.013390324985131714,0.04118800784533483,0.98,0.0790535090077978,1885680.0,80582.52427184465
0.013397923749127051,0.04122265844083006,0.98,0.07911733046286329,1884060.0,80514.7888913976
0.01340134265129213,0.041253507951356405,0.98,0.07917414721723519,1882620.0,80454.57966433356
0.013405655248364092,0.04128826888868083,0.98,0.07923816368700026,1881000.0,80386.8442838865
0.013412908359636199,0.041323088455772115,0.98,0.07930228376191333,1879380.0,80319.10890343945
0.013417105629368594,0.04135796680108787,0.98,0.07936650769369208,1877760.0,80251.37352299239
0.013422395263983452,0.04139290407358739,0.98,0.07943083573487032,1876140.0,80183.63814254534
0.013426627978957413,0.04142790042273368,0.98,0.07949526813880126,1874520.0,80115.9027620983
0.013430493122713463,0.04146295599849568,0.98,0.07955980515966084,1872900.0,80048.16738165123
0.013436055485556889,0.04149416635302973,0.98,0.07961725943311067,1871460.0,79987.95815458719
0.013438647244200417,0.04152933421226104,0.98,0.07968199476014093,1869840.0,79920.22277414014
0.013441499174698963,0.04156456173421301,0.98,0.07974683544303797,1868220.0,79852.48739369308
0.013443732891978498,0.041599849070842375,0.98,0.07981178173920912,1866600.0,79784.75201324603
0.013446360442030115,0.04163519637462235,0.98,0.07987683390690092,1864980.0,79717.01663279897
0.013449572902362403,0.041670603798544835,0.98,0.07994199220520258,1863360.0,79649.28125235192
0.013453998380598397,0.041706071496122564,0.98,0.08000725689404935,1861740.0,79581.54587190486
0.01345900223423846,0.0416469474680549,0.9777777777777777,0.07989105764866092,1864500.0,79513.81049145781
0.013464119162527285,0.04167850715165293,0.9777777777777777,0.07994912328518215,1863060.0,79453.60126439377
0.013471462982490199,0.041714069017823284,0.9777777777777777,0.08001454809965448,1861440.0,79385.86588394671
0.013475760363740538,0.041749691621595975,0.9777777777777777,0.08008008008008008,1859820.0,79318.13050349966
0.013477209248622874,0.04178537511870845,0.9777777777777777,0.08014571948998178,1858200.0,79250.39512305261
0.013483432779040351,0.04182111966543104,0.9777777777777777,0.08021146659374716,1856580.0,79182.65974260555
0.01348772436723877,0.04185692541856925,0.9777777777777777,0.080277321656632,1854960.0,79114.9243621585
0.013491516947862768,0.04189279253546606,0.9777777777777777,0.08034328494476399,1853340.0,79047.18898171144
0.013499034844845584,0.04192472606002858,0.9777777777777777,0.08040201005025126,1851900.0,78986.9797546474
0.013502681283708089,0.04196070951745184,0.9777777777777777,0.08046817849305048,1850280.0,78919.24437420035
0.013507031777842007,0.041996754796220295,0.9777777777777777,0.08053445593484031,1848660.0,78851.50899375329
0.013514375038119654,0.04203286205578907,0.9777777777777777,0.08060084264517312,1847040.0,78783.77361330624
0.013517706942633987,0.042069031456162156,0.9777777777777777,0.08066733889449079,1845420.0,78716.03823285918
0.013521941000208273,0.042105263157894736,0.9777777777777777,0.08073394495412844,1843800.0,78648.30285241213
0.01352511367317077,0.04204578105545446,0.9755555555555555,0.08061702323019007,1846560.0,78580.56747196509
0.01353179773933292,0.04207802166203393,0.9755555555555555,0.08067628411283653,1845120.0,78520.35824490103
0.013539199510474813,0.04211435149654643,0.9755555555555555,0.08074305683281222,1843500.0,78452.62286445398
0.013541315065751472,0.04215074411905905,0.9755555555555555,0.08080994017487345,1841880.0,78384.88748400693
0.013548918132096353,0.042187199692485106,0.9755555555555555,0.08087693441414885,1840260.0,78317.15210355987
0.013551688236047786,0.04222371838030201,0.9755555555555555,0.08094403982668019,1838640.0,78249.41672311282
0.013555745229577155,0.04226030034655372,0.9755555555555555,0.08101125668942609,1837020.0,78181.68134266576
0.01355977211212113,0.04229694575585317,0.9755555555555555,0.08107858528026596,1835400.0,78113.94596221871
0.013564889196693233,0.042333654773384764,0.9755555555555555,0.0811460258780037,1833780.0,78046.21058177165
0.013571901628231683,0.0423663385446825,0.9755555555555555,0.08120606733259342,1832340.0,77986.00135470761
0.013574489231647778,0.04240316816381725,0.9755555555555555,0.08127372026288994,1830720.0,77918.26597426056
0.013577655709359737,0.0424400618716164,0.9755555555555555,0.08134148601074671,1829100.0,77850.5305938135
0.013580263925039936,0.0424770198355104,0.9755555555555555,0.08140936485859991,1827480.0,77782.79521336645
0.013583587762494798,0.04251404222351346,0.9755555555555555,0.08147735708982926,1825860.0,77715.0598329194
0.013588161418008168,0.04255112920422603,0.9755555555555555,0.08154546298876196,1824240.0,77647.32445247234
0.013592652283936048,0.042588280946837406,0.9755555555555555,0.0816136828406767,1822620.0,77579.5890720253
0.013594532685177461,0.04262135922330097,0.9755555555555555,0.08167441860465116,1821180.0,77519.37984496125
0.01360097725714488,0.04265863375765232,0.9755555555555555,0.08174285448282283,1819560.0,77451.64446451419
0.013604615814388354,0.04269597354600272,0.9755555555555555,0.08181140514349608,1817940.0,77383.90908406714
0.013608143685407083,0.042636036211428016,0.9733333333333334,0.0816935559078616,1820700.0,77316.17370362008
0.013614241863297091,0.04267342166796571,0.9733333333333334,0.08176218032480866,1819080.0,77248.43832317303
0.013618826291494046,0.04271087274500244,0.9733333333333334,0.08183092013078001,1817460.0,77180.70294272597
0.013623634077316414,0.042748389615459695,0.9733333333333334,0.0818997756170531,1815840.0,77112.96756227892
0.013627152251978804,0.04278179331900762,0.9733333333333334,0.08196107784431138,1814400.0,77052.75833521488
0.013631115639021963,0.04281943493987682,0.9733333333333334,0.08203015263601461,1812780.0,76985.02295476782
0.013635631339133453,0.04285714285714286,0.9733333333333334,0.08209934395501406,1811160.0,76917.28757432077
0.013639503349198659,0.04289491724610714,0.9733333333333334,0.08216865209642622,1809540.0,76849.55219387372
0.013642547013514644,0.04293275828268967,0.9733333333333334,0.082238077356365,1807920.0,76781.81681342666
0.013649124208050695,0.0428725595997253,0.9711111111111111,0.08211970309123368,1810680.0,76714.08143297961
0.013654289872721699,0.04291044776119403,0.9711111111111111,0.08218920443859319,1809060.0,76646.34605253255
0.01365676613046097,0.04294418238993711,0.9711111111111111,0.08225108225108226,1807620.0,76586.1368254685
0.013662246240648882,0.042982197305006395,0.9711111111111111,0.08232080625412075,1806000.0,76518.40144502145
0.013666757593105391,0.043020279582595,0.9711111111111111,0.08239064856711915,1804380.0,76450.6660645744
0.013670157932820908,0.04305842940191152,0.9711111111111111,0.08246060949146146,1802760.0,76382.93068412734
0.01367768801153058,0.04309664694280079,0.9711111111111111,0.08253068932955618,1801140.0,76315.19530368029
0.01368206259125343,0.04313493238574672,0.9711111111111111,0.08260088838484075,1799520.0,76247.45992323324
0.013687146799020366,0.04317328591187512,0.9711111111111111,0.08267120696178584,1797900.0,76179.72454278619
0.013689536252439674,0.04321170770295659,0.9711111111111111,0.08274164536589984,1796280.0,76111.98916233913
0.013697624045284537,0.04324591786244433,0.9711111111111111,0.0828043581241118,1794840.0,76051.77993527507
0.013704655847656374,0.04328446909667195,0.9711111111111111,0.0828750237056704,1793220.0,75984.04455482803
0.013709942322714766,0.04332308912461584,0.9711111111111111,0.0829458100028471,1791600.0,75916.30917438096
0.013713285034820147,0.043361778130581466,0.9711111111111111,0.08301671732522796,1789980.0,75848.57379393392
0.013717023909428892,0.04340053629953322,0.9711111111111111,0.0830877459834585,1788360.0,75780.83841348687
0.013727976825015586,0.04343936381709741,0.9711111111111111,0.08315889628924833,1786740.0,75713.1030330398
0.013731431870198313,0.043478260869565216,0.9711111111111111,0.08323016855537568,1785120.0,75645.36765259276
0.013734993852872551,0.04351289455342029,0.9711111111111111,0.0832936243209759,1783680.0,75585.15842552872
0.013740374977333212,0.0435519234602352,0.9711111111111111,0.08336512781381153,1782060.0,75517.42304508165
0.013747252791628315,0.04359102244389027,0.9711111111111111,0.08343675417661098,1780440.0,75449.6876646346
0.013755982811336057,0.043630191693290736,0.9711111111111111,0.08350850372635199,1778820.0,75381.95228418754
0.01376241742577778,0.04366943139802139,0.9711111111111111,0.08358037678110357,1777200.0,75314.2169037405
0.013767323678018919,0.04370874174834967,0.9711111111111111,0.08365237366003063,1775580.0,75246.48152329343
0.013771732234362816,0.04374812293522875,0.9711111111111111,0.08372449468339879,1773960.0,75178.74614284639
0.013778108526347916,0.04378318805730889,0.9711111111111111,0.08378870673952642,1772520.0,75118.53691578234
0.013782663684174115,0.043822703569995985,0.9711111111111111,0.08386106313567454,1770900.0,75050.80153533528
0.013789061835136477,0.0438622904747566,0.9711111111111111,0.08393354460770192,1769280.0,74983.06615488823
0.013795170490034139,0.043901948965240106,0.9711111111111111,0.08400615148019992,1767660.0,74915.33077444119
0.013798718536716657,0.04394167923579688,0.9711111111111111,0.08407888407888407,1766040.0,74847.59539399412
0.013808235998835353,0.04398148148148148,0.9711111111111111,0.08415174273059889,1764420.0,74779.86001354708
0.013815536146311964,0.04402135589805581,0.9711111111111111,0.08422472776332274,1762800.0,74712.12463310001
0.013819069654168258,0.044061302681992334,0.9711111111111111,0.08429783950617284,1761180.0,74644.38925265297
0.01382186438388984,0.044096871846619576,0.9711111111111111,0.08436293436293436,1759740.0,74584.18002558892
0.013826857235445997,0.044136955863044135,0.9711111111111111,0.084436286349145,1758120.0,74516.44464514186
0.013833059024271108,0.04417711281843914,0.9711111111111111,0.0845097660027074,1756500.0,74448.70926469481
0.013838113457266434,0.04421734291207123,0.9711111111111111,0.08458337365721474,1754880.0,74380.97388424775
0.013843504767770506,0.04425764634393356,0.9711111111111111,0.08465710964742348,1753260.0,74313.2385038007
0.013850666590200117,0.044298023314749115,0.9711111111111111,0.08473097430925836,1751640.0,74245.50312335366
0.013858583004805174,0.044338474025974024,0.9711111111111111,0.08480496797981758,1750020.0,74177.7677429066
0.013863927132880916,0.04437449228269699,0.9711111111111111,0.08487084870848709,1748580.0,74117.55851584255
0.013869136433529206,0.044415082833621305,0.9711111111111111,0.08494508698610166,1746960.0,74049.8231353955
0.013876495610493826,0.044455747711088504,0.9711111111111111,0.08501945525291829,1745340.0,73982.08775494844
0.01388234114125503,0.04449648711943794,0.9711111111111111,0.08509395385064746,1743720.0,73914.3523745014
0.013890194113947514,0.04443538524256013,0.9688888888888889,0.08497368933931007,1746480.0,73846.61699405433
0.013895008111876028,0.04447618076099153,0.9688888888888889,0.08504827855261875,1744860.0,73778.88161360729
0.013898648374122354,0.044517051255870944,0.9688888888888889,0.08512299882858258,1743240.0,73711.14623316022
0.013903643101454205,0.04455344369507459,0.9688888888888889,0.0851895271590465,1741800.0,73650.93700609618
0.013909645510624418,0.04459445637721182,0.9688888888888889,0.08526449594211401,1740180.0,73583.20162564913
0.013918865644681535,0.04463554463554464,0.9688888888888889,0.08533959678997848,1738560.0,73515.46624520207
0.013924553509469329,0.04467670867916795,0.9688888888888889,0.08541483005191498,1736940.0,73447.73086475502
0.013930092959287824,0.044717948717948715,0.9688888888888889,0.08549019607843138,1735320.0,73379.99548430798
0.013937167320782078,0.044759264962529514,0.9688888888888889,0.08556569522127368,1733700.0,73312.26010386091
0.013939997782623406,0.0448006576243321,0.9688888888888889,0.08564132783343155,1732080.0,73244.52472341387
0.013952143449222066,0.04473927800061709,0.9666666666666667,0.08552049542907697,1734840.0,73176.7893429668
0.013960490560580243,0.04477611940298507,0.9666666666666667,0.08558780127889817,1733400.0,73116.58011590276
0.013969192690139338,0.04481763857407789,0.9666666666666667,0.08566364710515952,1731780.0,73048.84473545571
0.013977831960409574,0.04475611013715582,0.9644444444444444,0.08554252488420223,1734540.0,72981.10935500865
0.013988734631056,0.044797687861271675,0.9644444444444444,0.08561846518050897,1732920.0,72913.3739745616
0.013996952277323246,0.044839342907325136,0.9644444444444444,0.0856945404284727,1731300.0,72845.63859411454
0.014005442864498712,0.044881075491209926,0.9644444444444444,0.0857707509881423,1729680.0,72777.9032136675
0.014010021023391144,0.04492288582962426,0.9644444444444444,0.08584709722084859,1728060.0,72710.16783322045
0.014019573872520192,0.044960116026105876,0.9644444444444444,0.08591507473027814,1726620.0,72649.95860615639
0.014029217171434563,0.04500207382828702,0.9644444444444444,0.08599167822468794,1725000.0,72582.22322570934
0.01403827519897955,0.04504411001556824,0.9644444444444444,0.08606841844323253,1723380.0,72514.4878452623
0.014045884012979062,0.04508622480781217,0.9644444444444444,0.08614529575228265,1721760.0,72446.75246481523
0.014051612744611515,0.04512841842570448,0.9644444444444444,0.08622231051951922,1720140.0,72379.01708436818
0.014059467695689736,0.0451706910907577,0.9644444444444444,0.08629946311393916,1718520.0,72311.28170392112
0.014064160354319063,0.04510886550682363,0.9622222222222222,0.08617772912727635,1721280.0,72243.54632347407
0.014071298079173723,0.04514649150245021,0.9622222222222222,0.08624638980181257,1719840.0,72183.33709641003
0.01407830406042557,0.04518889584637863,0.9622222222222222,0.0863237639553429,1718220.0,72115.60171596297
0.014086404441650515,0.04523137992269926,0.9622222222222222,0.08640127706275566,1716600.0,72047.86633551592
0.014092158876463727,0.045273943956503554,0.9622222222222222,0.08647892949870181,1714980.0,71980.13095506886
0.014100579020252944,0.04531658817373103,0.9622222222222222,0.0865567216391804,1713360.0,71912.39557462181
0.014106686600967967,0.045359312801173265,0.9622222222222222,0.08663465386154462,1711740.0,71844.66019417476
0.014112901137648261,0.045402118066477926,0.9622222222222222,0.08671272654450786,1710120.0,71776.9248137277
0.01412081345129888,0.04544500419815281,0.9622222222222222,0.08679094006814993,1708500.0,71709.18943328066
0.014127862410579539,0.04548319327731092,0.9622222222222222,0.08686058174523571,1707060.0,71648.98020621661
0.014131797791073214,0.045526232783093264,0.9622222222222222,0.08693906234313824,1705440.0,71581.24482576955
0.01413620884464555,0.04556935382024837,0.9622222222222222,0.08701768488745981,1703820.0,71513.5094453225
0.014144193789548815,0.04561255662066786,0.9622222222222222,0.08709644976365283,1702200.0,71445.77406487544
0.01415616992981736,0.045655841417123574,0.9622222222222222,0.08717535735856653,1700580.0,71378.0386844284
0.014164605498568824,0.045699208443271765,0.9622222222222222,0.0872544080604534,1698960.0,71310.30330398133
0.014170640398296875,0.045742657933657296,0.9622222222222222,0.08733360225897539,1697340.0,71242.56792353428
0.01418026323972688,0.04578134912243603,0.9622222222222222,0.08740411788453775,1695900.0,71182.35869647024
0.014190774091370846,0.04582495502169542,0.9622222222222222,0.08748358420042429,1694280.0,71114.62331602318
0.014193690366379574,0.04586864406779661,0.9622222222222222,0.08756319514661275,1692660.0,71046.88793557613
0.014197853316626442,0.04591241649878062,0.9622222222222222,0.08764295111830786,1691040.0,70979.15255512908
0.014201031238211986,0.045956272553597965,0.9622222222222222,0.08772285251215559,1689420.0,70911.41717468202
0.014205014920504194,0.04589397641559545,0.96,0.08760012166683565,1692180.0,70843.68179423497
0.014214546143012506,0.04593789876648235,0.96,0.08768012989648874,1690560.0,70775.94641378791
0.014220148843285681,0.04597701149425287,0.96,0.08775137111517367,1689120.0,70715.73718672387
0.014226178228615665,0.046021093000958774,0.96,0.0878316559926807,1687500.0,70648.00180627682
0.014232483112606518,0.046065259117082535,0.96,0.08791208791208792,1685880.0,70580.26642582976
0.014238306749688361,0.04610951008645533,0.96,0.08799266727772685,1684260.0,70512.53104538271
0.014243178548331467,0.046153846153846156,0.96,0.08807339449541285,1682640.0,70444.79566493565
0.014248012541497974,0.04619826756496631,0.96,0.0881542699724518,1681020.0,70377.0602844886
0.014254364097554552,0.046242774566473986,0.96,0.08823529411764706,1679400.0,70309.32490404155
0.014261366553261143,0.04628736740597879,0.96,0.08831646734130635,1677780.0,70241.58952359449
0.014266550227588262,0.046327077747989276,0.96,0.08838874680306906,1676340.0,70181.38029653043
0.014276148945982428,0.046371833404894806,0.96,0.08847020274421462,1674720.0,70113.6449160834
0.014282162563834843,0.0464166756205007,0.96,0.08855180895767141,1673100.0,70045.90953563634
0.014291586302964218,0.04646160464616046,0.96,0.08863356585966352,1671480.0,69978.17415518929
0.01429914175649626,0.046506620734201747,0.96,0.08871547386795359,1669860.0,69910.43877474223
0.014308366523865157,0.04655172413793104,0.96,0.08879753340184995,1668240.0,69842.70339429518
0.01431139889238406,0.046596915111638444,0.96,0.08887974488221377,1666620.0,69774.96801384812
0.01432132930898444,0.04663715858793047,0.96,0.08895294965510141,1665180.0,69714.75878678406
0.014327653441047687,0.046682515668899936,0.96,0.08903544929925804,1663560.0,69647.02340633702
0.014334439583461204,0.04672796106003245,0.96,0.089118102114492,1661940.0,69579.28802588997
0.014342166762062966,0.04677349501948896,0.96,0.08920090852777204,1660320.0,69511.5526454429
0.014350785530427623,0.046819117806437625,0.96,0.08928386896765526,1658700.0,69443.81726499586
0.014354482830519875,0.046864829681058796,0.96,0.08936698386429458,1657080.0,69376.08188454881
0.014364732230488526,0.04669345205776957,0.9555555555555556,0.08903613210477275,1664220.0,69308.34650410176
0.014373196452181413,0.04673405064666884,0.9555555555555556,0.0891099367941146,1662780.0,69248.1372770377
0.014380336520557748,0.04677980852915579,0.9555555555555556,0.08919311346193735,1661160.0,69180.40189659064
0.014384273726046063,0.04682565610366982,0.9555555555555556,0.0892764455517492,1659540.0,69112.6665161436
0.01439135444969607,0.04687159363418356,0.9555555555555556,0.08935993349958438,1657920.0,69044.93113569655
0.014397153039990658,0.046917621385706494,0.9555555555555556,0.08944357774310972,1656300.0,68977.19575524949
0.014403496051682882,0.04696373962429008,0.9555555555555556,0.08952737872163231,1654680.0,68909.46037480244
0.014415027063081764,0.04700994861703291,0.9555555555555556,0.08961133687610712,1653060.0,68841.72499435538
0.014421718491327987,0.04705109968267863,0.9555555555555556,0.08968609865470852,1651620.0,68781.51576729133
0.014428038016079026,0.047097480832420595,0.9555555555555556,0.08977035490605428,1650000.0,68713.78038684429
0.014438213857224526,0.047143953513869095,0.9555555555555556,0.08985476961654999,1648380.0,68646.04500639722
0.014452131418668834,0.04719051799824407,0.9555555555555556,0.08993934323363313,1646760.0,68578.30962595018
0.014458464632495817,0.047237174557838074,0.9555555555555556,0.0900240762064273,1645140.0,68510.57424550311
0.01446358287362298,0.04728392346602155,0.9555555555555556,0.09010896898575022,1643520.0,68442.83886505607
0.014469874024449268,0.04733076499724821,0.9555555555555556,0.09019402202412166,1641900.0,68375.10348460902
0.014474658782369464,0.04737769942706038,0.9555555555555556,0.09027923577577157,1640280.0,68307.36810416196
0.014477932976516427,0.047419497132774595,0.9555555555555556,0.09035511662113889,1638840.0,68247.15887709791
0.014484627805341956,0.047466607793354675,0.9555555555555556,0.0904406351877169,1637220.0,68179.42349665087
0.014493823092129763,0.04751381215469613,0.9555555555555556,0.09052631578947369,1635600.0,68111.6881162038
0.014500725926849254,0.04756111049662648,0.9555555555555556,0.09061215888736698,1633980.0,68043.95273575676
0.014505125666042921,0.04760850310008857,0.9555555555555556,0.09069816494410463,1632360.0,67976.2173553097
0.014509139930148308,0.04765599024714618,0.9555555555555556,0.09078433442415286,1630740.0,67908.48197486265
0.014514232285261722,0.047703572220989574,0.9555555555555556,0.09087066779374471,1629120.0,67840.74659441558
0.014519018435377149,0.04774594714634688,0.9555555555555556,0.09094754653130288,1627680.0,67780.53736735154
0.014525060638712572,0.047793709014115816,0.9555555555555556,0.09103419074838573,1626060.0,67712.8019869045
0.014530081419853078,0.04784156653315532,0.9555555555555556,0.0911210002119093,1624440.0,67645.06660645743
0.014537134762300749,0.04788951999109032,0.9555555555555556,0.0912079753950578,1622820.0,67577.33122601038
0.014544635140390645,0.04793756967670011,0.9555555555555556,0.09129511677282377,1621200.0,67509.59584556334
0.014550024008027818,0.04798571587992412,0.9555555555555556,0.09138242482201679,1619580.0,67441.86046511628
0.014552685776551099,0.04803395889186774,0.9555555555555556,0.09146990002127207,1617960.0,67374.12508466923
0.014560114274107373,0.04807692307692308,0.9555555555555556,0.09154779646582925,1616520.0,67313.91585760517
0.014569896861063301,0.048125349748181306,0.9555555555555556,0.09163558870538092,1614900.0,67246.18047715812
0.014576799341026781,0.048173874075733814,0.9555555555555556,0.09172354948805461,1613280.0,67178.44509671108
0.014583941142837896,0.04822249635527644,0.9555555555555556,0.09181167929966905,1611660.0,67110.70971626401
0.014593704266808864,0.048158958239784465,0.9533333333333334,0.09168625774738191,1614420.0,67042.97433581697
0.014604431343674663,0.048207663782447466,0.9533333333333334,0.09177452133918067,1612800.0,66975.2389553699
0.014612728277490225,0.048256467941507314,0.9533333333333334,0.09186295503211991,1611180.0,66907.50357492286
0.014623904518431539,0.04830537101677739,0.9533333333333334,0.09195155931840103,1609560.0,66839.76819447581
0.014628559475589631,0.048348923701115744,0.9533333333333334,0.0920304622975437,1608120.0,66779.55896741175
0.014637232514627977,0.048398014440433214,0.9533333333333334,0.0921193901653425,1606500.0,66711.8235869647
0.014647622302509539,0.0484472049689441,0.9533333333333334,0.092208490059108,1604880.0,66644.08820651766
0.014655956552324627,0.04849649559122767,0.9533333333333334,0.09229776247848537,1603260.0,66576.3528260706
0.014663519503093567,0.048545886613103995,0.9533333333333334,0.09238720792505653,1601640.0,66508.61744562355
0.014672228566615292,0.04859537834164024,0.9533333333333334,0.09247682690234964,1600020.0,66440.88206517648
0.014681977534292763,0.04864497108515705,0.9533333333333334,0.09256661991584852,1598400.0,66373.14668472944
0.01468710081959488,0.04868913857677903,0.9533333333333334,0.0926465824425008,1596960.0,66312.9374576654
0.014699536340898763,0.048738922972051804,0.9533333333333334,0.0927367055771725,1595340.0,66245.20207721833
0.014707862657946826,0.048788809280109174,0.9533333333333334,0.09282700421940929,1593720.0,66177.46669677128
0.014717018118160443,0.04883879781420765,0.9533333333333334,0.09291747888239116,1592100.0,66109.73131632422
0.014729863400212742,0.04888888888888889,0.9533333333333334,0.09300813008130081,1590480.0,66041.99593587717
0.014741597901706833,0.04893908281998631,0.9533333333333334,0.09309895833333333,1588860.0,65974.26055543013
0.014746395004692017,0.048989379924631725,0.9533333333333334,0.0931899641577061,1587240.0,65906.52517498306
0.014756772342708571,0.04903417533432392,0.9533333333333334,0.09327100771823024,1585800.0,65846.31594791902
0.01476210838661176,0.04908466819221968,0.9533333333333334,0.09336235038084875,1584180.0,65778.58056747197
0.014769976638360466,0.04902073072958424,0.9511111111111111,0.09323603093344951,1586940.0,65710.84518702491
0.014779013408199608,0.048956661316211875,0.9488888888888889,0.09310946358482337,1589700.0,65643.10980657786
0.01478564609978902,0.04900723057500287,0.9488888888888889,0.0932009167303285,1588080.0,65575.3744261308
0.0147977756540981,0.049057904411764705,0.9488888888888889,0.09329254970504697,1586460.0,65507.639045683754
0.014806437278784107,0.04910868315123634,0.9488888888888889,0.09338436303991252,1584840.0,65439.9036652367
0.014813582530142328,0.0490444393276537,0.9466666666666667,0.09325744308231174,1587600.0,65372.168284789645
0.014821827608244275,0.0490896519935469,0.9466666666666667,0.09333917616126206,1586160.0,65311.9590577256
0.01483194262736949,0.049140615988003226,0.9466666666666667,0.09343129729136966,1584540.0,65244.22367727855
0.014839621932639957,0.049191685912240185,0.9466666666666667,0.09352360043907794,1582920.0,65176.48829683149
0.014848905000787192,0.049242862096867415,0.9466666666666667,0.09361608614437975,1581300.0,65108.75291638444
0.014854813373186195,0.049294144873871786,0.9466666666666667,0.09370875494940607,1579680.0,65041.01753593738
0.014861183861560536,0.04934553457662458,0.9466666666666667,0.09380160739843664,1578060.0,64973.28215549033
0.014864814080207588,0.04939703153988868,0.9466666666666667,0.09389464403791051,1576440.0,64905.54677504328
0.014871962850755196,0.04944289693593315,0.9466666666666667,0.09397749834546658,1575000.0,64845.33754797923
0.014880923468119506,0.04949459742070408,0.9466666666666667,0.09407088439880755,1573380.0,64777.602167532175
0.014887662032925651,0.04954640614096301,0.9466666666666667,0.09416445623342175,1571760.0,64709.86678708512
0.014893939274941582,0.04959832343695424,0.9466666666666667,0.09425821440424825,1570140.0,64642.13140663807
0.014905584112106216,0.04965034965034965,0.9466666666666667,0.09435215946843854,1568520.0,64574.39602619102
0.01491112844581953,0.049702485124256214,0.9466666666666667,0.09444629198536747,1566900.0,64506.66064574396
0.014918856761417632,0.049754730203223546,0.9466666666666667,0.09454061251664447,1565280.0,64438.92526529691
0.014928897116136371,0.04980126256722001,0.9466666666666667,0.09462461128387384,1563840.0,64378.716038232866
0.014934023553456289,0.0497366881217086,0.9444444444444444,0.09449694274596998,1566600.0,64310.98065778581
0.014939218559538158,0.04978912839737582,0.9444444444444444,0.09459158691297574,1564980.0,64243.245277338756
0.01495005994743646,0.049841679371408466,0.9444444444444444,0.09468642085329175,1563360.0,64175.5098968917
0.014956965963819121,0.04989434139469359,0.9444444444444444,0.0947814451382694,1561740.0,64107.774516444646
0.014970510860742943,0.049947114819602775,0.9444444444444444,0.09487666034155598,1560120.0,64040.0391359976
0.014979411630733278,0.05,0.9444444444444444,0.09497206703910614,1558500.0,63972.30375555054
0.014986621125345342,0.05005299729124956,0.9444444444444444,0.0950676658091936,1556880.0,63904.56837510349
0.014992368970577624,0.050100200400801605,0.9444444444444444,0.09515280420911228,1555440.0,63844.35914803944
0.014997456432224804,0.05015341043190937,0.9444444444444444,0.09524876736889287,1553820.0,63776.62376759239
0.015001258195537485,0.05020673360897814,0.9444444444444444,0.09534492428491306,1552200.0,63708.888387145336
0.015008614677939769,0.05026017029328288,0.9444444444444444,0.0954412755445767,1550580.0,63641.15300669828
0.015015509003770508,0.050313720847638216,0.9444444444444444,0.09553782173766438,1548960.0,63573.41762625123
0.015024221696733871,0.050367385636406733,0.9444444444444444,0.09563456345634563,1547340.0,63505.68224580417
0.015033375148861142,0.05042116502550718,0.9444444444444444,0.0957315012951909,1545720.0,63437.94686535712
0.015037796187165494,0.050469065431658945,0.9444444444444444,0.09581783338969677,1544280.0,63377.73763829307
0.015044591194680282,0.05052306229196386,0.9444444444444444,0.09591514330850824,1542660.0,63310.00225784601
0.01505053688110064,0.050577174818517194,0.9444444444444444,0.09601265107873037,1541040.0,63242.26687739896
0.015060047368810604,0.05063140338336907,0.9444444444444444,0.09611035730438716,1539420.0,63174.53149695192
0.015067663900003529,0.05068574836016696,0.9444444444444444,0.09620826259196379,1537800.0,63106.79611650486
0.015072878612080204,0.05074021012416428,0.9444444444444444,0.09630636755041921,1536180.0,63039.06073605781
0.015080124028499897,0.05079478905222899,0.9444444444444444,0.09640467279119883,1534560.0,62971.32535561075
0.015084717598572722,0.05084340232085178,0.9444444444444444,0.09649222386195935,1533120.0,62911.116128546695
0.015088389532851118,0.05089820359281437,0.9444444444444444,0.09659090909090909,1531500.0,62843.38074809964
0.015093831714288944,0.05095312312672341,0.9444444444444444,0.09668979638266409,1529880.0,62775.645367652585
0.015097653990071397,0.05100816130580893,0.9444444444444444,0.09678888635846049,1528260.0,62707.90998720554
0.015101416788088158,0.05106331851495855,0.9444444444444444,0.09688817964208367,1526640.0,62640.17460675848
0.015105740952910503,0.05111859514072649,0.9444444444444444,0.09698767685988133,1525020.0,62572.43922631143
0.015111186287877405,0.051173991571342566,0.9444444444444444,0.0970873786407767,1523400.0,62504.70384586437
0.015113819208752037,0.05122950819672131,0.9444444444444444,0.09718728561628173,1521780.0,62436.96846541733
0.015119416606873841,0.05127895752895753,0.9444444444444444,0.09727626459143969,1520340.0,62376.759238353276
0.015122655347251908,0.0513347022587269,0.9444444444444444,0.09737656088899072,1518720.0,62309.02385790622
0.015126494352473036,0.051269649334945586,0.9422222222222222,0.09724770642201835,1521480.0,62241.288477459166
0.01513215112382357,0.05132550538675705,0.9422222222222222,0.09734818046148548,1519860.0,62173.55309701211
0.015139436294322905,0.05138148327678139,0.9422222222222222,0.09744886233049874,1518240.0,62105.817716565056
0.015145592824387434,0.05143758340410045,0.9422222222222222,0.09754975267456574,1516620.0,62038.08233611801
0.015150397872479906,0.051493806169540926,0.9422222222222222,0.09765085214187011,1515000.0,61970.34695567095
0.015153813822637453,0.051543885241915874,0.9422222222222222,0.09774089442139235,1513560.0,61910.137728606904
0.015159454961068264,0.05160034075696726,0.9422222222222222,0.09784239067728165,1511940.0,61842.402348159856
0.015163806275854669,0.05165692007797271,0.9422222222222222,0.09794409794409795,1510320.0,61774.6669677128
0.015170750711319765,0.051713623612635685,0.9422222222222222,0.09804601688056423,1508700.0,61706.931587265746
0.015174656806600732,0.051770451770451774,0.9422222222222222,0.09814814814814815,1507080.0,61639.19620681869
0.015179885234609896,0.051827404962718496,0.9422222222222222,0.09825049241107635,1505460.0,61571.460826371636
0.015182652656841872,0.05188448360254528,0.9422222222222222,0.09835305033634888,1503840.0,61503.72544592458
0.015189110210250293,0.05193532582067614,0.9422222222222222,0.0984443928488507,1502400.0,61443.51621886054
0.015198247830817337,0.05199264255058247,0.9422222222222222,0.09854735618826264,1500780.0,61375.780838413484
0.015204314893536675,0.05205008593174564,0.9422222222222222,0.09865053513261983,1499160.0,61308.04545796643
0.015207013499625905,0.05210765638441686,0.9422222222222222,0.09875393035984628,1497540.0,61240.310077519374
0.015211911280987806,0.05216535433070866,0.9422222222222222,0.09885754255071112,1495920.0,61172.57469707233
0.015216915695419773,0.05222318019460525,0.9422222222222222,0.0989613723888435,1494300.0,61104.83931662527
0.015221831324116199,0.05228113440197287,0.9422222222222222,0.09906542056074766,1492680.0,61037.10393617822
0.015226214902237684,0.052332757343865714,0.9422222222222222,0.09915809167446211,1491240.0,60976.894709114174
0.015229489154808032,0.052390955146422835,0.9422222222222222,0.09926255413789067,1489620.0,60909.15932866712
0.015235126839152648,0.05244928253339931,0.9422222222222222,0.09936723693461448,1488000.0,60841.423948220065
0.015237398565486733,0.05250773993808049,0.9422222222222222,0.09947214076246334,1486380.0,60773.68856777301
0.015241094971948112,0.0525663277956856,0.9422222222222222,0.099577266322217,1484760.0,60705.953187325955
0.015245854695829198,0.05262504654337843,0.9422222222222222,0.09968261431762078,1483140.0,60638.2178068789
0.015250975992245331,0.05268389662027833,0.9422222222222222,0.09978818545540127,1481520.0,60570.48242643185
0.015255913167771765,0.052742878467471076,0.9422222222222222,0.09989398044528212,1479900.0,60502.7470459848
0.01525795228951532,0.05279541775619474,0.9422222222222222,0.09998820893762528,1478460.0,60442.53781892075
0.01526340525900209,0.05285464971328846,0.9422222222222222,0.10009442870632672,1476840.0,60374.80243847369
0.01526723652562139,0.052789217521527515,0.94,0.0999645515774548,1479600.0,60307.067058026645
0.015275095317663493,0.05284857571214393,0.94,0.10007097232079488,1477980.0,60239.33167757959
0.015280077601996789,0.05290806754221388,0.94,0.10017761989342806,1476360.0,60171.596297132535
0.01528709315539771,0.052967693463561234,0.94,0.10028449502133713,1474740.0,60103.86091668548
0.015294355070767261,0.05302745393004889,0.94,0.10039159843360626,1473120.0,60036.125536238425
0.015299486885779114,0.05308068766470071,0.94,0.10048699370471552,1471680.0,59975.91630917438
0.015306993811830644,0.05314070351758794,0.94,0.10059453032104637,1470060.0,59908.18092872733
0.015311544630220287,0.0532008552383348,0.94,0.1007022973455541,1468440.0,59840.44554828027
0.015315515485710971,0.05326114328884412,0.94,0.10081029551954242,1466820.0,59772.71016783322
0.015319286983970655,0.05332156813311484,0.94,0.1009185255874985,1465200.0,59704.97478738616
0.015322911646866177,0.05338213023725391,0.94,0.1010269882971101,1463580.0,59637.239406939116
0.015327807678402089,0.053442830069488315,0.94,0.10113568439928272,1461960.0,59569.50402649206
0.015335668838863194,0.05349690147970153,0.94,0.10123249970084959,1460520.0,59509.29479942801
0.015337782804826353,0.05355786275006331,0.94,0.10134163871586009,1458900.0,59441.55941898096
0.01534158358047012,0.05361896311319559,0.94,0.10145101331094855,1457280.0,59373.82403853391
0.015347626964847861,0.05368020304568528,0.94,0.10156062424969987,1455660.0,59306.088658086854
0.015353705180013551,0.05374158302629907,0.94,0.10167047229900253,1454040.0,59238.3532776398
0.015360509467778513,0.05380310353599593,0.94,0.10178055822906641,1452420.0,59170.617897192744
0.015365367344485676,0.05386476505793964,0.94,0.10189088281344093,1450800.0,59102.88251674569
0.015371064495610293,0.05392656807751147,0.94,0.10200144682903303,1449180.0,59035.14713629864
0.015375929144196138,0.05385400714650332,0.9377777777777778,0.1018585566014965,1452120.0,58974.93790923459
0.015380755996260986,0.05391593203015204,0.9377777777777778,0.10196931255285732,1450500.0,58907.20252878754
0.015387325267016028,0.05397799948836019,0.9377777777777778,0.10208030962747944,1448880.0,58839.46714834048
0.015390060235178776,0.054040210014086314,0.9377777777777778,0.10219154861363361,1447260.0,58771.731767893434
0.015396413023118283,0.0541025641025641,0.9377777777777778,0.1023030303030303,1445640.0,58703.99638744638
0.015406110080624265,0.05416506225131562,0.9377777777777778,0.10241475549083849,1444020.0,58636.261006999324
0.015409362276460998,0.054227704960164484,0.9377777777777778,0.10252672497570457,1442400.0,58568.52562655227
0.015414360823347153,0.05428350913300746,0.9377777777777778,0.10262645914396887,1440960.0,58508.31639948823
0.015422603121093026,0.05434642627173213,0.9377777777777778,0.10273889227023737,1439340.0,58440.58101904117
0.015431556391842738,0.05440948942753997,0.9377777777777778,0.10285157202047282,1437720.0,58372.84563859412
0.015436275043571101,0.054472699109332647,0.9377777777777778,0.10296449920702697,1436100.0,58305.11025814706
0.015440587938458145,0.05453605582837943,0.9377777777777778,0.10307767464582315,1434480.0,58237.37487770001
0.01544486698540751,0.05459956009833096,0.9377777777777778,0.10319109915637609,1432860.0,58169.63949725296
0.015451612143660223,0.05453367875647668,0.9355555555555556,0.10305997552019584,1435620.0,58101.904116805905
0.015456535912018022,0.0545902489626556,0.9355555555555556,0.10316098995344278,1434180.0,58041.694889741855
0.01546338849863124,0.0546540308970531,0.9355555555555556,0.10327486814669447,1432560.0,57973.9595092948
0.015470009109923638,0.05471796204834936,0.9355555555555556,0.10338899803536346,1430940.0,57906.22412884775
0.01547624271918751,0.05478204294079375,0.9355555555555556,0.10350338045482484,1429320.0,57838.4887484007
0.01548005956579113,0.05484627410109432,0.9355555555555556,0.10361801624415456,1427700.0,57770.75336795364
0.015483583595321709,0.05491065605843224,0.9355555555555556,0.10373290624615006,1426080.0,57703.01798750659
0.015489473427578856,0.054975189344476365,0.9355555555555556,0.10384805130735077,1424460.0,57635.28260705953
0.015494664607428604,0.05503987449339783,0.9355555555555556,0.10396345227805902,1422840.0,57567.54722661248
0.015499294206910935,0.0550975003271823,0.9355555555555556,0.10406624644666913,1421400.0,57507.337999548436
0.015503570470304772,0.05516247379454926,0.9355555555555556,0.10418213313536254,1419780.0,57439.60261910138
0.015509136011093877,0.05522760068214614,0.9355555555555556,0.10429827821132169,1418160.0,57371.867238654326
0.015513017886263773,0.055292881534016285,0.9355555555555556,0.10441468253968254,1416540.0,57304.13185820728
0.015516400581191246,0.055358316896778434,0.9355555555555556,0.10453134698944755,1414920.0,57236.39647776022
0.015522053019591675,0.05542390731964192,0.9355555555555556,0.10464827243350733,1413300.0,57168.66109731317
0.015527771398841485,0.05548965335442204,0.9355555555555556,0.10476545974866244,1411680.0,57100.92571686611
0.015530950993654974,0.055548225359546115,0.9355555555555556,0.10486984680533068,1410240.0,57040.71648980206
0.01554264587184939,0.055614266842800526,0.9355555555555556,0.10498753117206983,1408620.0,56972.981109355
0.015548385502068817,0.055680465546885334,0.9355555555555556,0.10510547996504806,1407000.0,56905.24572890796
0.015554554619040756,0.0557468220338983,0.9355555555555556,0.10522369407648088,1405380.0,56837.510348460906
0.015561288593469447,0.05581333686861991,0.9355555555555556,0.10534217440260228,1403760.0,56769.77496801385
0.015564470181872759,0.05588001061852933,0.9355555555555556,0.10546092184368737,1402140.0,56702.0395875668
0.01557056610896707,0.0559468438538206,0.9355555555555556,0.10557993730407524,1400520.0,56634.30420711975
0.015574597428752595,0.05600638552614075,0.9355555555555556,0.1056859545625706,1399080.0,56574.09498005569
0.015579812144266104,0.05607352157698455,0.9355555555555556,0.10580547876350842,1397460.0,56506.35959960864
0.015584172386694111,0.05614081877583678,0.9355555555555556,0.10592527361932319,1395840.0,56438.62421916158
0.015588159391098488,0.056074766355140186,0.9333333333333333,0.10579345088161209,1398600.0,56370.88883871453
0.015593839847804129,0.05614222697500334,0.9333333333333333,0.1059135039717564,1396980.0,56303.15345826747
0.015599229690721327,0.05620985010706638,0.9333333333333333,0.10603382984094925,1395360.0,56235.41807782042
0.015606702574110044,0.056277636339273754,0.9333333333333333,0.10615442941994187,1393740.0,56167.68269737338
0.01560969839830553,0.056345586262409444,0.9333333333333333,0.1062753036437247,1392120.0,56099.94731692632
0.015615145116211907,0.05640612409347301,0.9333333333333333,0.10638297872340426,1390680.0,56039.738089862265
0.015621793696652803,0.05647438483259379,0.9333333333333333,0.10650437428680107,1389060.0,55972.00270941522
0.015626401411253515,0.05654281098546042,0.9333333333333333,0.10662604722010663,1387440.0,55904.26732896816
0.01563228755991914,0.05661140315406389,0.9333333333333333,0.1067479984750286,1385820.0,55836.53194852111
0.015641099394570996,0.05668016194331984,0.9333333333333333,0.10687022900763359,1384200.0,55768.79656807405
0.01565012138279925,0.05674908796108634,0.9333333333333333,0.10699273977837218,1382580.0,55701.061187627
0.015658820545112043,0.056818181818181816,0.9333333333333333,0.10711553175210406,1380960.0,55633.32580717994
0.015666154782761378,0.056879739978331526,0.9333333333333333,0.10722491702833802,1379520.0,55573.1165801159
0.015676288519946954,0.05694915254237288,0.9333333333333333,0.1073482428115016,1377900.0,55505.381199668846
0.0156856354404351,0.057018734727124626,0.9333333333333333,0.10747185261003071,1376280.0,55437.64581922179
0.01569399926381819,0.05708848715509039,0.9333333333333333,0.10759574740617395,1374660.0,55369.910438774736
0.015699099591170614,0.05715841045182363,0.9333333333333333,0.10771992818671454,1373040.0,55302.17505832769
0.015705661384955296,0.05722850524594631,0.9333333333333333,0.10784439594299654,1371420.0,55234.43967788063
0.015710288388564416,0.0572987721691678,0.9333333333333333,0.10796915167095116,1369800.0,55166.70429743358
0.015713787556588782,0.05722480196667577,0.9311111111111111,0.10782295419454452,1372740.0,55106.495070369536
0.01571797741659982,0.05729522767674005,0.9311111111111111,0.10794795826355791,1371120.0,55038.75968992248
0.015723457800863847,0.0573658269441402,0.9311111111111111,0.10807325251483106,1369500.0,54971.024309475426
0.01573066917710911,0.057436600411240574,0.9311111111111111,0.10819883795997418,1367880.0,54903.28892902837
0.01574042565579589,0.057507548723579466,0.9311111111111111,0.10832471561530507,1366260.0,54835.553548581316
0.015750198161219777,0.05757867252988869,0.9311111111111111,0.10845088650187654,1364640.0,54767.81816813426
0.015757139527626314,0.05764997248211337,0.9311111111111111,0.10857735164550401,1363020.0,54700.082787687206
0.0157615769429934,0.057721449235431876,0.9311111111111111,0.10870411207679335,1361400.0,54632.34740724016
0.015767618639078412,0.057785133085091714,0.9311111111111111,0.10881703674847422,1359960.0,54572.13818017611
0.015775180037387985,0.057856945595139465,0.9311111111111111,0.10894435777431097,1358340.0,54504.402799729054
0.015781786002524854,0.05792893681736486,0.9311111111111111,0.10907197709228166,1356720.0,54436.66741928201
0.015785367422890183,0.058001107419712074,0.9311111111111111,0.1091998957518895,1355100.0,54368.93203883495
0.015791060680542247,0.058073458073458074,0.9311111111111111,0.10932811480756686,1353480.0,54301.1966583879
0.015795887312543735,0.05814598945323342,0.9311111111111111,0.10945663531870428,1351860.0,54233.46127794084
0.01580154430984664,0.058218702237043216,0.9311111111111111,0.10958545834967962,1350240.0,54165.72589749379
0.015806135428513623,0.058283488663235496,0.9311111111111111,0.10970022254221756,1348800.0,54105.516670429744
0.01581184653466372,0.05835654596100279,0.9311111111111111,0.10982961992136304,1347180.0,54037.78128998269
0.01581588802983936,0.058429786640635896,0.9311111111111111,0.10995932292350086,1345560.0,53970.045909535635
0.015821967367297785,0.05850321139346551,0.9311111111111111,0.11008933263268524,1343940.0,53902.31052908858
0.01582689044365105,0.05857682091430169,0.9311111111111111,0.11021965013810338,1342320.0,53834.575148641525
0.015831663642566215,0.05865061590145577,0.9311111111111111,0.11035027653410587,1340700.0,53766.83976819448
0.015837504616672937,0.05872459705676244,0.9311111111111111,0.11048121292023731,1339080.0,53699.10438774742
0.015840882510876342,0.05879051494317385,0.9311111111111111,0.1105978619506401,1337640.0,53638.89516068337
0.015847348914000584,0.058864849676875525,0.9311111111111111,0.1107293868921776,1336020.0,53571.159780236325
0.015852741649924684,0.05893937262624842,0.9311111111111111,0.11086122502976584,1334400.0,53503.42439978927
0.01585842335669144,0.05901408450704226,0.9311111111111111,0.1109933774834437,1332780.0,53435.689019342215
0.015863586522452785,0.05908898603864053,0.9311111111111111,0.111125845378597,1331160.0,53367.95363889516
0.015871868568784288,0.05916407794408359,0.9311111111111111,0.11125862984599044,1329540.0,53300.218258448105
0.015877796680869923,0.0592393609500919,0.9311111111111111,0.11139173202179982,1327920.0,53232.48287800105
0.01588328321580545,0.05930644019815994,0.9311111111111111,0.1115103127079175,1326480.0,53172.27365093701
0.015884878693563306,0.059382086167800455,0.9311111111111111,0.11164401811883826,1324860.0,53104.53827048995
0.015892673694312326,0.0594579253583085,0.9311111111111111,0.1117780445511538,1323240.0,53036.8028900429
0.015895618057130093,0.05953395851094061,0.9311111111111111,0.11191239316239317,1321620.0,52969.06750959584
0.015899837175036027,0.05961018637074975,0.9311111111111111,0.11204706511565718,1320000.0,52901.332129148796
0.015904599915604414,0.05968660968660969,0.9311111111111111,0.11218206157965194,1318380.0,52833.59674870174
0.015910148320345364,0.05976322921123948,0.9311111111111111,0.11231738372872269,1316760.0,52765.861368254686
0.015917598884695176,0.05984004570122822,0.9311111111111111,0.11245303274288782,1315140.0,52698.12598780763
0.01592147962453891,0.05976551329711181,0.9288888888888889,0.1123052122514777,1318080.0,52637.91676074359
0.015925500708943784,0.05984251968503937,0.9288888888888889,0.11244115669132482,1316460.0,52570.18138029653
0.01593397122678064,0.0599197247706422,0.9288888888888889,0.11257743064907083,1314840.0,52502.44599984948
0.015938356163820545,0.05999712932395579,0.9288888888888889,0.11271403532425509,1313220.0,52434.71061940242
0.0159428586773347,0.06007473411899971,0.9288888888888889,0.11285097192224622,1311600.0,52366.97523895537
0.015947617202346612,0.06015253993380343,0.9288888888888889,0.11298824165427761,1309980.0,52299.239858508314
0.015957892040892263,0.06023054755043228,0.9288888888888889,0.11312584573748309,1308360.0,52231.504478061266
0.015965299288175024,0.0603000577034045,0.9288888888888889,0.11324844215659713,1306920.0,52171.29525099722
0.015975043393956646,0.060378448649429435,0.9288888888888889,0.11338668113386681,1305300.0,52103.55987055016
0.015982802316143376,0.06045704367949089,0.9288888888888889,0.11352525801195003,1303680.0,52035.824490103114
0.01598833365361297,0.06053584359160029,0.9288888888888889,0.11366417403127124,1302060.0,51968.08910965606
0.015999531309846934,0.060614849187935034,0.9288888888888889,0.11380343043833378,1300440.0,51900.353729209004
0.016007986539412343,0.060694061274865686,0.9288888888888889,0.11394302848575712,1298820.0,51832.61834876195
0.016013156092323736,0.06077348066298342,0.9288888888888889,0.11408296943231441,1297200.0,51764.882968314894
0.01601871188370561,0.060844250363901016,0.9288888888888889,0.11420765027322405,1295760.0,51704.67374125085
0.016024302315157102,0.060924063547587816,0.9288888888888889,0.11434824237450417,1294140.0,51636.9383608038
0.01602966527524845,0.06100408639813193,0.9288888888888889,0.11448918104628869,1292520.0,51569.20298035674
0.016035571645003913,0.061084319742802866,0.9288888888888889,0.11463046757164404,1290900.0,51501.46759990969
0.016042804083172154,0.061164764413227976,0.9288888888888889,0.11477210323997804,1289280.0,51433.73221946263
0.016047876752174225,0.06124542124542125,0.9288888888888889,0.11491408934707904,1287660.0,51365.996839015585
0.016055089057687773,0.061326291079812204,0.9288888888888889,0.11505642719515552,1286040.0,51298.26145856853
0.016059211879428565,0.061260467166152494,0.9266666666666666,0.1149235221165771,1288800.0,51230.526078121475
0.016063562071845887,0.061332548904250626,0.9266666666666666,0.1150503517726583,1287360.0,51170.31685105743
0.01607166773846139,0.06141384388807069,0.9266666666666666,0.11519337016574585,1285740.0,51102.58147061038
0.016078944123849755,0.06149535466745318,0.9266666666666666,0.11533674457198174,1284120.0,51034.84609016332
0.016083193145185682,0.06157708210277614,0.9266666666666666,0.11548047632234838,1282500.0,50967.11070971627
0.01608796334052958,0.061659027058997486,0.9266666666666666,0.1156245667544711,1280880.0,50899.37532926921
0.01609329794600093,0.06174119040568552,0.9266666666666666,0.11576901721265963,1279260.0,50831.63994882216
0.016097219240150982,0.06182357301704967,0.9266666666666666,0.11591382904794996,1277640.0,50763.90456837511
0.01610506252980626,0.061896986789372124,0.9266666666666666,0.11604285515514123,1276200.0,50703.69534131106
0.016112969830888307,0.061979785969084426,0.9266666666666666,0.11618835330175536,1274580.0,50635.959960864006
0.016120768627664473,0.06206280696532222,0.9266666666666666,0.11633421676663412,1272960.0,50568.22458041695
0.016130641234464817,0.062146050670640836,0.9266666666666666,0.1164804469273743,1271340.0,50500.4891999699
0.016137945615565443,0.06222951798239069,0.9266666666666666,0.1166270451685079,1269720.0,50432.75381952285
0.016146728478149387,0.06231320980274955,0.9266666666666666,0.11677401288154579,1268100.0,50365.01843907579
0.016151795704139185,0.06239712703875505,0.9266666666666666,0.11692135146502174,1266480.0,50297.28305862874
0.016159530900977756,0.06247191011235955,0.9266666666666666,0.11705263157894737,1265040.0,50237.07383156468
0.016167645083459116,0.06255625562556255,0.9266666666666666,0.11720067453625632,1263420.0,50169.33845111763
0.01617085244560339,0.0626408292023434,0.9266666666666666,0.11734909244406923,1261800.0,50101.60307067057
0.01617829192872272,0.06272563176895307,0.9266666666666666,0.11749788672865596,1260180.0,50033.867690223524
0.01618950933524214,0.06281066425666516,0.9266666666666666,0.11764705882352941,1258560.0,49966.132309776476
0.016195449078389514,0.06289592760180995,0.9266666666666666,0.11779661016949153,1256940.0,49898.39692932942
0.016198944205734953,0.06298142274580878,0.9266666666666666,0.11794654221467968,1255320.0,49830.661548882366
0.01620783444047432,0.06306715063520871,0.9266666666666666,0.11809685641461343,1253700.0,49762.92616843531
0.016214776901736887,0.0631435493640218,0.9266666666666666,0.11823079104054438,1252260.0,49702.71694137127
0.016222827550169048,0.06322971948445792,0.9266666666666666,0.11838183108587651,1250640.0,49634.981560924214
0.016227548971935433,0.063164287883389,0.9244444444444444,0.11824900511654349,1253400.0,49567.24618047716
0.016234694646199088,0.06325072221377527,0.9244444444444444,0.11840045538636687,1251780.0,49499.510800030104
0.016243614140122535,0.06333739342265529,0.9244444444444444,0.11855229410088344,1250160.0,49431.77541958305
0.01624798891715575,0.06342430248513493,0.9244444444444444,0.11870452275645599,1248540.0,49364.040039135994
0.01626034229612794,0.0633587786259542,0.9222222222222223,0.11857142857142858,1251300.0,49296.30465868895
0.01626588865156684,0.06343625802506879,0.9222222222222223,0.1187070938215103,1249860.0,49236.0954316249
0.016272793211206935,0.06352364916577376,0.9222222222222223,0.11886008878705427,1248240.0,49168.36005117784
0.016281082142802564,0.06345800122624157,0.92,0.11872669916833954,1251000.0,49100.624670730795
0.01628731864096176,0.06339217191097467,0.9177777777777778,0.1185929648241206,1253760.0,49032.88929028374
0.016292962676544207,0.06347986474023978,0.9177777777777778,0.11874640598044853,1252140.0,48965.153909836685
0.01629870936015238,0.06356780052331845,0.9177777777777778,0.11890024470994674,1250520.0,48897.41852938963
0.016305605355459614,0.06365598027127004,0.9177777777777778,0.1190544825598155,1248900.0,48829.683148942575
0.016310502234540804,0.06373456790123457,0.9177777777777778,0.1191919191919192,1247460.0,48769.473921878525
0.016316680158540684,0.06382321125019318,0.9177777777777778,0.11934691518566681,1245840.0,48701.73854143147
0.016328721645869734,0.06391210151655834,0.9177777777777778,0.11950231481481481,1244220.0,48634.003160984415
0.01633466410437098,0.06400123973345731,0.9177777777777778,0.11965811965811966,1242600.0,48566.26778053737
0.016342203819193712,0.06409062693978895,0.9177777777777778,0.11981433130258196,1240980.0,48498.53240009031
0.016350121325642775,0.06418026418026418,0.9177777777777778,0.11997095134350036,1239360.0,48430.797019643265
0.016361843061129984,0.06427015250544663,0.9177777777777778,0.12012798138452589,1237740.0,48363.06163919621
0.016377166291848252,0.06436029297179367,0.9177777777777778,0.12028542303771661,1236120.0,48295.326258749155
0.01638812546123357,0.06444063036355126,0.9177777777777778,0.12042571803469894,1234680.0,48235.117031685106
0.016398376838328114,0.06453125,0.9177777777777778,0.12058394160583942,1233060.0,48167.38165123805
0.016401533963039398,0.06462212486308871,0.9177777777777778,0.12074258149393363,1231440.0,48099.646270790996
0.01640968053199581,0.06471325603259166,0.9177777777777778,0.12090163934426229,1229820.0,48031.91089034394
0.016414482223212443,0.06480464459438255,0.9177777777777778,0.12106111681078705,1228200.0,47964.175509896886
0.01642933860751418,0.0648962916404777,0.9177777777777778,0.1212210155562078,1226580.0,47896.44012944984
0.0164363490163946,0.06498819826907946,0.9177777777777778,0.12138133725202058,1224960.0,47828.70474900279
0.016443778473183325,0.0650701118638727,0.9177777777777778,0.121524201853759,1223520.0,47768.495521938734
0.01644772266500262,0.06516251183338592,0.9177777777777778,0.12168532704773129,1221900.0,47700.760141491686
0.01645198397568529,0.06525517459314267,0.9177777777777778,0.1218468800708069,1220280.0,47633.02476104463
0.01646493325510904,0.06534810126582279,0.9177777777777778,0.12200886262924668,1218660.0,47565.28938059758
0.016471717995506712,0.06544129298051023,0.9177777777777778,0.12217127643839669,1217040.0,47497.55400015052
0.016479846836282983,0.06553475087273881,0.9177777777777778,0.12233412322274881,1215420.0,47429.81861970347
0.016484810735829455,0.06562847608453838,0.9177777777777778,0.12249740471600178,1213800.0,47362.08323925641
0.016493754479767052,0.06571201272871917,0.9177777777777778,0.12264291017074981,1212360.0,47301.87401219237
0.016500841346734886,0.06580624601657106,0.9177777777777778,0.12280701754385964,1210740.0,47234.138631745314
0.016509277028419093,0.0659007499601085,0.9177777777777778,0.12297156468661605,1209120.0,47166.40325129826
0.016521903514246566,0.06599552572706935,0.9177777777777778,0.12313655336911151,1207500.0,47098.667870851204
0.016530968304238114,0.06609057449191871,0.9177777777777778,0.12330198537095088,1205880.0,47030.93249040416
0.016538974823103507,0.06618589743589744,0.9177777777777778,0.1234678624813154,1204260.0,46963.1971099571
0.01654757370587788,0.0662814957470711,0.9177777777777778,0.12363418649902709,1202640.0,46895.46172951005
0.01655512267166007,0.0663773706203793,0.9177777777777778,0.1238009592326139,1201020.0,46827.72634906299
0.016560615782663875,0.06646282587705182,0.9177777777777778,0.12394957983193278,1199580.0,46767.51712199895
0.016567384497283198,0.06639806607574536,0.9155555555555556,0.12381667918858001,1202340.0,46699.781741551895
0.016584672481834643,0.06649451258876694,0.9155555555555556,0.12398435148961781,1200720.0,46632.04636110484
0.016595768870069076,0.06659123969613706,0.9155555555555556,0.12415247852945607,1199100.0,46564.310980657785
0.01660204592241694,0.06652638394302363,0.9133333333333333,0.124019312009656,1201860.0,46496.57560021073
0.016612318736678375,0.06646133895282866,0.9111111111111111,0.12388578335095936,1204620.0,46428.840219763675
0.016621859167941455,0.06655844155844155,0.9111111111111111,0.12405446293494705,1203000.0,46361.10483931663
0.016632112606655237,0.06664499349804942,0.9111111111111111,0.12420478642835504,1201560.0,46300.89561225258
0.01664233475603153,0.06657984698030278,0.9088888888888889,0.12407098437736994,1204320.0,46233.16023180552
0.016656350165819848,0.06667753505053799,0.9088888888888889,0.12424058323207776,1202700.0,46165.424851358475
0.01666370892790453,0.06677551020408164,0.9088888888888889,0.1244106463878327,1201080.0,46097.68947091142
0.016675700509433476,0.06687377370830608,0.9088888888888889,0.12458117575388364,1199460.0,46029.954090464365
0.016694018463384475,0.0669723268380547,0.9088888888888889,0.12475217324996188,1197840.0,45962.21871001731
0.0167043205161722,0.06707117087569694,0.9088888888888889,0.12492364080635308,1196220.0,45894.483329570256
0.016715064486387727,0.0671592775041051,0.9088888888888889,0.12507645259938838,1194780.0,45834.27410250621
0.016723106274193964,0.06725867456010524,0.9088888888888889,0.12524881335170723,1193160.0,45766.53872205916
0.01673092071808735,0.06735836627140974,0.9088888888888889,0.12542164980067463,1191540.0,45698.8033416121
0.016739331515116425,0.06745835395018968,0.9088888888888889,0.1255949639183172,1189920.0,45631.06796116505
0.01675094425337225,0.0675586389164189,0.9088888888888889,0.12576875768757687,1188300.0,45563.33258071799
0.016762317545364662,0.06765922249793217,0.9088888888888889,0.12594303310238644,1186680.0,45495.597200270946
0.016772757021603284,0.06776010603048377,0.9088888888888889,0.1261177921677459,1185060.0,45427.86181982389
0.016786085699257717,0.06785003317850033,0.9088888888888889,0.1262735412164248,1183620.0,45367.65259275984
0.016797551413458737,0.06795148695796643,0.9088888888888889,0.1264492193538414,1182000.0,45299.91721231279
0.016807706581580675,0.06805324459234609,0.9088888888888889,0.12662538699690404,1180380.0,45232.18183186573
0.016817516323998916,0.06815530744875854,0.9088888888888889,0.12680204619438848,1178760.0,45164.44645141868
0.016826013186872074,0.06809078771695594,0.9066666666666666,0.12666873641726173,1181520.0,45096.71107097163
0.01683138786243975,0.06819321410663547,0.9066666666666666,0.1268459505673869,1179900.0,45028.975690524574
0.016837870709684587,0.06829594911282223,0.9066666666666666,0.12702366127023662,1178280.0,44961.24031007752
0.016846002412650416,0.06839899413243923,0.9066666666666666,0.12720187061574434,1176660.0,44893.504929630464
0.016856965178504303,0.06849085109954675,0.9066666666666666,0.12736069923521148,1175220.0,44833.295702566415
0.01686266590448165,0.06859448554135844,0.9066666666666666,0.12753985620506408,1173600.0,44765.56032211936
0.016873551551356846,0.06869843407981141,0.9066666666666666,0.12771951792142747,1171980.0,44697.82494167231
0.01688339539166008,0.06863406408094436,0.9044444444444445,0.12758620689655173,1174740.0,44630.08956122526
0.01689236192269747,0.06856949839554129,0.9022222222222223,0.12745251922775075,1177500.0,44562.3541807782
0.016899526432943485,0.06867388362652233,0.9022222222222223,0.12763281986796604,1175880.0,44494.61880033115
0.016906689671423572,0.06877858715907166,0.9022222222222223,0.12781363135526522,1174260.0,44426.88341988409
0.016912479272985836,0.06887192536047498,0.9022222222222223,0.12797478329393222,1172820.0,44366.67419282005
0.016917043792791773,0.0689772341148488,0.9022222222222223,0.12815656565656566,1171200.0,44298.938812372995
0.016927483226499524,0.06908286540752084,0.9022222222222223,0.12833886518097046,1169580.0,44231.20343192594
0.01693530440421584,0.06918882072256305,0.9022222222222223,0.12852168407723963,1167960.0,44163.468051478885
0.01694308003295917,0.06929510155316607,0.9022222222222223,0.12870502456807734,1166340.0,44095.73267103184
0.016950527710581583,0.06940170940170941,0.9022222222222223,0.1288888888888889,1164720.0,44027.99729058478
0.016964624887901233,0.06950864577983222,0.9022222222222223,0.12907327928787157,1163100.0,43960.26191013773
0.016968937773558398,0.06960397737013543,0.9022222222222223,0.12923762533821423,1161660.0,43900.05268307368
0.016976230240655747,0.06971153846153846,0.9022222222222223,0.12942301562001912,1160040.0,43832.31730262663
0.016981532943348452,0.06981943250214961,0.9022222222222223,0.12960893854748604,1158420.0,43764.581922179575
0.016992803798586288,0.06992766104030314,0.9022222222222223,0.12979539641943735,1156800.0,43696.84654173252
0.016998704531426878,0.0700362256339486,0.9022222222222223,0.129982391547943,1155180.0,43629.111161285466
0.017005691583935674,0.07014512785072564,0.9022222222222223,0.13016992625841617,1153560.0,43561.37578083841
0.01701556242013474,0.07025436926803945,0.9022222222222223,0.13035800288970942,1151940.0,43493.640400391356
0.0170204485839914,0.07019064124783363,0.9,0.1302250803858521,1154700.0,43425.90501994431
0.01702904323356782,0.07028809441166262,0.9,0.13039278815196395,1153260.0,43365.69579288026
0.017043270983707608,0.0703980531896402,0.9,0.13058197646300176,1151640.0,43297.9604124332
0.017048633805399168,0.070508356545961,0.9,0.13077171456247982,1150020.0,43230.225031986156
0.017056442784958308,0.07061900610287707,0.9,0.13096200485044462,1148400.0,43162.4896515391
0.017068891482397857,0.07073000349283969,0.9,0.13115284974093264,1146780.0,43094.754271092046
0.017079216893199158,0.07084135035857968,0.9,0.1313442516620723,1145160.0,43027.01889064499
0.0170867680050489,0.07095304835318851,0.9,0.13153621305618707,1143540.0,42959.283510197936
0.017092988895031594,0.07105263157894737,0.9,0.13170731707317074,1142100.0,42899.074283133894
0.017103426756633292,0.07116499736425935,0.9,0.13190034196384953,1140480.0,42831.33890268684
0.01711190088239623,0.07127771911298839,0.9,0.13209393346379647,1138860.0,42763.603522239784
0.01711792314987032,0.07139079851930195,0.9,0.13228809407153355,1137240.0,42695.86814179273
0.017133843798490117,0.0715042372881356,0.9,0.1324828263002944,1135620.0,42628.132761345674
0.017145020925009687,0.07161803713527852,0.9,0.13267813267813267,1134000.0,42560.39738089863
0.017150736077991002,0.07173219978746015,0.9,0.1328740157480315,1132380.0,42492.66200045157
0.017157563004017492,0.0716566158212132,0.8977777777777778,0.13272010512483573,1135320.0,42432.45277338752
0.01716782622537262,0.07177118493515722,0.8977777777777778,0.13291659812469156,1133700.0,42364.717392940474
0.017173545981982345,0.07188612099644127,0.8977777777777778,0.13311367380560132,1132080.0,42296.98201249342
0.01718317690034595,0.07200142577080734,0.8977777777777778,0.1333113347632404,1130460.0,42229.246632046365
0.01719506488933451,0.07211710103534452,0.8977777777777778,0.1335095836087244,1128840.0,42161.51125159931
0.017210036335202166,0.07205435365635617,0.8955555555555555,0.13337746152573227,1131600.0,42093.775871152255
0.01721947637706934,0.07199140401146131,0.8933333333333333,0.13324494530991052,1134360.0,42026.0404907052
0.017226308810914994,0.07210762331838565,0.8933333333333333,0.1334439834024896,1132740.0,41958.305110258145
0.017236614456405844,0.07221124483563858,0.8933333333333333,0.1336214060162872,1131300.0,41898.095883194095
0.017243257534627316,0.0723281756027348,0.8933333333333333,0.13382157123834887,1129680.0,41830.36050274704
0.01724924770935867,0.07244548567309425,0.8933333333333333,0.13402233705617603,1128060.0,41762.62512229999
0.017254065782962794,0.07256317689530686,0.8933333333333333,0.1342237061769616,1126440.0,41694.88974185294
0.017258684300934184,0.07268125112999457,0.8933333333333333,0.13442568132419327,1124820.0,41627.15436140589
0.017269103442526273,0.07279971024990946,0.8933333333333333,0.1346282652377763,1123200.0,41559.418980958835
0.017279071687075286,0.07291855614003265,0.8933333333333333,0.1348314606741573,1121580.0,41491.68360051178
0.01728983457961647,0.07302452316076294,0.8933333333333333,0.1350125944584383,1120140.0,41431.47437344773
0.017297777207518725,0.07314410480349345,0.8933333333333333,0.13521695257315844,1118520.0,41363.738993000676
0.01730682900286375,0.07326407873154729,0.8933333333333333,0.13542193026781202,1116900.0,41296.00361255362
0.017312759819546636,0.07320189850310332,0.8911111111111111,0.13529014844804318,1119660.0,41228.268232106566
0.017324282702355896,0.07332236240629,0.8911111111111111,0.13549586078729514,1118040.0,41160.53285165952
0.01733585128319881,0.07344322344322345,0.8911111111111111,0.13570219966159053,1116420.0,41092.79747121246
0.017346787794011737,0.07356448358099431,0.8911111111111111,0.1359091679376377,1114800.0,41025.06209076541
0.017358476181911883,0.0736726070181885,0.8911111111111111,0.13609367045647378,1113360.0,40964.85286370136
0.01736898648208667,0.07379462642620538,0.8911111111111111,0.1363018354860639,1111740.0,40897.11748325431
0.017383177008395045,0.07391705069124424,0.8911111111111111,0.13651063829787233,1110120.0,40829.382102807256
0.017392935997735184,0.07403988183161005,0.8911111111111111,0.13672008182748038,1108500.0,40761.6467223602
0.01740808942852967,0.07416312187904568,0.8911111111111111,0.13693016902851288,1106880.0,40693.911341913146
0.017414971047011733,0.07428677287884401,0.8911111111111111,0.13714090287277703,1105260.0,40626.17596146609
0.017423444660824985,0.07441083688996103,0.8911111111111111,0.13735228635040247,1103640.0,40558.44058101904
0.01743637538669674,0.07453531598513011,0.8911111111111111,0.13756432246998285,1102020.0,40490.70520057199
0.017440563088554628,0.07464631422189129,0.8911111111111111,0.13775334936447955,1100580.0,40430.49597350794
0.01745034757755605,0.07458512026850643,0.8888888888888888,0.13762257010149664,1103340.0,40362.760593060884
0.0174674746382747,0.07452372058274187,0.8866666666666667,0.13749138525155066,1106100.0,40295.02521261384
0.017475489093593023,0.07464920486435922,0.8866666666666667,0.1377049180327869,1104480.0,40227.28983216678
0.017488925555513266,0.07477511244377812,0.8866666666666667,0.1379191151054269,1102860.0,40159.55445171973
0.01749747994365704,0.07490144546649145,0.8866666666666667,0.13813397957417345,1101240.0,40091.81907127267
0.017508441353748298,0.07502820609251598,0.8866666666666667,0.1383495145631068,1099620.0,40024.08369082562
0.017516242395148127,0.07514124293785311,0.8866666666666667,0.13854166666666667,1098180.0,39963.874463761575
0.017525532178403202,0.07526881720430108,0.8866666666666667,0.1387584767866458,1096560.0,39896.13908331452
0.017536586819811413,0.07539682539682539,0.8866666666666667,0.13897596656217345,1094940.0,39828.403702867465
0.01754616310468321,0.07552526973310619,0.8866666666666667,0.1391941391941392,1093320.0,39760.66832242041
0.017555223313372215,0.07565415244596133,0.8866666666666667,0.13941299790356393,1091700.0,39692.932941973355
0.017563463082326966,0.07578347578347579,0.8866666666666667,0.13963254593175853,1090080.0,39625.19756152631
0.017571532760828054,0.07591324200913242,0.8866666666666667,0.1398527865404837,1088460.0,39557.46218107925
0.017585679756910687,0.07602896341463415,0.8866666666666667,0.14004914004914004,1087020.0,39497.2529540152
0.017592834113754105,0.07615957243748807,0.8866666666666667,0.14027069783793286,1085400.0,39429.51757356815
0.017596759470777056,0.07629063097514341,0.8866666666666667,0.14049295774647888,1083780.0,39361.7821931211
0.0176038269972284,0.07623060716337866,0.8844444444444445,0.14036325163110563,1086540.0,39294.046812674045
0.01761440803479976,0.07636224098234842,0.8844444444444445,0.14058636524196397,1084920.0,39226.31143222699
0.017620790935219146,0.07649433019411878,0.8844444444444445,0.1408101892800283,1083300.0,39158.576051779935
0.017626546887285623,0.07662687716596073,0.8844444444444445,0.1410347271438696,1081680.0,39090.84067133288
0.017642969559848145,0.07675988428158148,0.8844444444444445,0.14125998225377107,1080060.0,39023.105290885826
0.01765680028486444,0.07687850106239134,0.8844444444444445,0.1414608139328239,1078620.0,38962.896063821776
0.017666329416943297,0.0770123839009288,0.8844444444444445,0.141687433250267,1077000.0,38895.16068337473
0.017682998712174918,0.07695289784842024,0.8822222222222222,0.14155821001961133,1079760.0,38827.42530292767
0.017689793492997596,0.07689320388349515,0.88,0.14142857142857143,1082520.0,38759.689922480626
0.017696455829532737,0.0770278156000778,0.88,0.14165623323197996,1080900.0,38691.95454203357
0.017701124775490726,0.07716289945440374,0.88,0.14188462916517378,1079280.0,38624.219161586516
0.017710865301069148,0.07710325980870583,0.8777777777777778,0.14175488964650995,1082040.0,38556.48378113946
0.017717502649991168,0.0772238514173998,0.8777777777777778,0.14195867026055706,1080600.0,38496.27455407541
0.017724488329782646,0.07735996866431649,0.8777777777777778,0.1421886249100072,1078980.0,38428.53917362836
0.01773384572954162,0.07749656660780851,0.8777777777777778,0.142419325761673,1077360.0,38360.8037931813
0.017737962057189076,0.07763364779874214,0.8777777777777778,0.14265077645359336,1075740.0,38293.06841273425
0.017742000075588415,0.07777121480606419,0.8777777777777778,0.14288298064749502,1074120.0,38225.3330322872
0.017748321993738412,0.07790927021696252,0.8777777777777778,0.1431159420289855,1072500.0,38157.597651840144
0.017754157594209216,0.07804781663702826,0.8777777777777778,0.14334966430774815,1070880.0,38089.862271393096
0.017759884866557735,0.0781713833366317,0.8777777777777778,0.14355805924041432,1069440.0,38029.65304432904
0.01776850097828144,0.07831086439333862,0.8777777777777778,0.1437932289770659,1067820.0,37961.91766388199
0.01777398291897143,0.07845084409136048,0.8777777777777778,0.1440291704649043,1066200.0,37894.18228343494
0.01778344979663831,0.07859132510943095,0.8777777777777778,0.14426588750913075,1064580.0,37826.44690298788
0.017797765362287443,0.07853298784133944,0.8755555555555555,0.1441375525882568,1067340.0,37758.71152254083
0.017805391837313157,0.0786741214057508,0.8755555555555555,0.14437522902161964,1065720.0,37690.97614209377
0.01781315714496686,0.07881576315263053,0.8755555555555555,0.14461369058542853,1064100.0,37623.24076164672
0.017824101555592244,0.07894209577239031,0.8755555555555555,0.14482631869141702,1062660.0,37563.031534582675
0.017832160666920643,0.07888398233641108,0.8733333333333333,0.14469808541973492,1065420.0,37495.29615413562
0.017845000225478424,0.07902674441986729,0.8733333333333333,0.1449382260741287,1063800.0,37427.560773688565
0.017852981762245534,0.0789685737308622,0.8711111111111111,0.14480975249353528,1066560.0,37359.82539324151
0.01786467315794066,0.07911200807265388,0.8711111111111111,0.1450508788159112,1064940.0,37292.09001279446
0.01787098406607521,0.07925596441568944,0.8711111111111111,0.14529280948851,1063320.0,37224.35463234741
0.017881438544980265,0.0794004456147458,0.8711111111111111,0.1455355485427882,1061700.0,37156.61925190035
0.017883906446627615,0.07954545454545454,0.8711111111111111,0.14577910003718855,1060080.0,37088.8838714533
0.01789260603714375,0.07967479674796749,0.8711111111111111,0.14599627560521417,1058640.0,37028.674644389255
0.01789956613672359,0.07982081042557523,0.8711111111111111,0.14624137287819436,1057020.0,36960.9392639422
0.017906377425691036,0.0799673602611179,0.8711111111111111,0.14648729446935724,1055400.0,36893.203883495145
0.017910828312577492,0.08011444921316166,0.8711111111111111,0.14673404454426353,1053780.0,36825.46850304809
0.017917549016759706,0.08026208026208026,0.8711111111111111,0.14698162729658792,1052160.0,36757.733122601036
0.01792401284966459,0.08041025641025641,0.8711111111111111,0.1472300469483568,1050540.0,36689.99774215399
0.017936161414237428,0.08055898068228524,0.8711111111111111,0.1474793077501881,1048920.0,36622.26236170693
0.017947795029257824,0.08069164265129683,0.8711111111111111,0.14770158251695553,1047480.0,36562.05313464288
0.017963231279894968,0.08084141060012373,0.8711111111111111,0.14795244385733158,1045860.0,36494.31775419583
0.01797623736783931,0.08099173553719008,0.8711111111111111,0.14820415879017013,1044240.0,36426.58237374878
0.017982555636183496,0.08114262057545021,0.8711111111111111,0.14845673167960613,1042620.0,36358.846993301726
0.017991575892965746,0.08129406885109913,0.8711111111111111,0.14871016691957512,1041000.0,36291.11161285467
0.01800274951371812,0.08144608352378974,0.8711111111111111,0.14896446893406803,1039380.0,36223.376232407616
0.018020521928215377,0.08159866777685262,0.8711111111111111,0.14921964217738864,1037760.0,36155.64085196056
0.018036843144098556,0.0817347789824854,0.8711111111111111,0.14944719786504004,1036320.0,36095.43162489652
0.018047767003911405,0.08188844787967411,0.8711111111111111,0.14970402902425053,1034700.0,36027.696244449464
0.018058777055143405,0.08204269568857263,0.8711111111111111,0.1499617444529457,1033080.0,35959.96086400241
0.018068435011144173,0.08219752568672678,0.8711111111111111,0.15022034872580955,1031460.0,35892.225483555354
0.018076557584152737,0.08235294117647059,0.8711111111111111,0.15047984644913628,1029840.0,35824.490103108306
0.018085444581019634,0.08250894548516102,0.8711111111111111,0.15074024226110364,1028220.0,35756.75472266125
0.018092957544406697,0.08266554196541544,0.8711111111111111,0.1510015408320493,1026600.0,35689.0193422142
0.01810381125763151,0.08282273399535178,0.8711111111111111,0.15126374686475014,1024980.0,35621.28396176714
0.01811362733569531,0.08296296296296296,0.8711111111111111,0.1514975845410628,1023540.0,35561.07473470309
0.01812341220388774,0.08312128922815945,0.8711111111111111,0.15176151761517614,1021920.0,35493.33935425604
0.01813030932680089,0.08328022094752496,0.8711111111111111,0.15202637192165988,1020300.0,35425.60397380899
0.018141204275899384,0.08343976160068114,0.8711111111111111,0.1522921522921523,1018680.0,35357.868593361934
0.018149309725232512,0.08359991469396459,0.8711111111111111,0.15255886359213855,1017060.0,35290.13321291488
0.018158862670138682,0.08376068376068375,0.8711111111111111,0.15282651072124756,1015440.0,35222.397832467825
0.01817192255392847,0.08392207236137872,0.8711111111111111,0.15309509861355203,1013820.0,35154.66245202078
0.018178424630026137,0.08385159768389448,0.8688888888888889,0.1529434774105222,1016760.0,35094.45322495672
0.018190623455934866,0.08379888268156424,0.8666666666666667,0.15282131661442006,1019520.0,35026.71784450967
0.018203004758526545,0.08396124865446716,0.8666666666666667,0.15309126594700687,1017900.0,34958.98246406262
0.018210096299870505,0.08412424503882658,0.8666666666666667,0.15336217066456942,1016280.0,34891.24708361556
0.018217706511947207,0.08428787551329155,0.8666666666666667,0.1536340358479417,1014660.0,34823.51170316851
0.018227948091699694,0.0844521437851884,0.8666666666666667,0.15390686661404893,1013040.0,34755.77632272145
0.018239350834429013,0.08461705359080061,0.8666666666666667,0.1541806681162285,1011420.0,34688.040942274405
0.01826336988965358,0.08454683764399043,0.8644444444444445,0.15402890516729362,1014360.0,34627.831715210355
0.0182750859584226,0.08471254355400697,0.8644444444444445,0.15430384767949226,1012740.0,34560.0963347633
0.018285999180300345,0.084878900283657,0.8644444444444445,0.15457977349493343,1011120.0,34492.360954316246
0.018295269104089632,0.08482728465238304,0.8622222222222222,0.15445859872611464,1013880.0,34424.62557386919
0.018307504791153808,0.08499452354874042,0.8622222222222222,0.1547357926221336,1012260.0,34356.89019342214
0.018318551656777232,0.08516242317822652,0.8622222222222222,0.15501398322013585,1010640.0,34289.15481297509
0.018330284150450918,0.0851110622388388,0.86,0.15489293576145688,1013400.0,34221.41943252803
0.01833987979421668,0.08527985896870868,0.86,0.15517241379310345,1011780.0,34153.68405208098
0.018345433767499496,0.08543046357615894,0.86,0.15542168674698795,1010340.0,34093.474825016936
0.018356775033139646,0.0856005308560053,0.86,0.15570307785153892,1008720.0,34025.73944456988
0.018367093492134744,0.08577127659574468,0.86,0.15598548972188633,1007100.0,33958.004064122826
0.0183850588112301,0.08594270486342438,0.86,0.15626892792247124,1005480.0,33890.26868367577
0.01839864601852924,0.08611481975967958,0.86,0.15655339805825244,1003860.0,33822.533303228716
0.0184078603652248,0.0858416945373467,0.8555555555555555,0.15602836879432624,1011000.0,33754.79792278167
0.018420499547851382,0.08601429848078641,0.8555555555555555,0.15631343889565572,1009380.0,33687.062542334614
0.018430350292206937,0.08616830796777082,0.8555555555555555,0.156567710451403,1007940.0,33626.853315270564
0.01844611165548024,0.08634222919937205,0.8555555555555555,0.1568547565695661,1006320.0,33559.11793482351
0.01845179054068504,0.08629213483146067,0.8533333333333334,0.156734693877551,1009080.0,33491.38255437646
0.018461117788148188,0.0862418374240036,0.8511111111111112,0.15661418932733592,1011840.0,33423.64717392941
0.01847322049167795,0.08641696750902528,0.8511111111111112,0.15690290864399836,1010220.0,33355.91179348235
0.018482461269540906,0.08659281030974451,0.8511111111111112,0.1571926944387441,1008600.0,33288.1764130353
0.01849203208023421,0.08676937018577255,0.8511111111111112,0.15748355263157895,1006980.0,33220.44103258824
0.018507217794220134,0.08669995460735361,0.8488888888888889,0.15733113673805602,1009920.0,33160.2318055242
0.018523182409583765,0.08687741642028655,0.8488888888888889,0.15762327212708893,1008300.0,33092.496425077145
0.01853590445035223,0.08682771194165907,0.8466666666666667,0.15750310045473337,1011060.0,33024.76104463009
0.018552182857287183,0.08700616579127654,0.8466666666666667,0.15779664526817147,1009440.0,32957.025664183035
0.018564090268060815,0.08695652173913043,0.8444444444444444,0.15767634854771784,1012200.0,32889.29028373599
0.01857453421903426,0.0871359779867003,0.8444444444444444,0.15797131573477446,1010580.0,32821.55490328893
0.018585309124789957,0.08731617647058823,0.8444444444444444,0.1582673885880883,1008960.0,32753.819522841877
0.018592854186424906,0.08749712180520378,0.8444444444444444,0.15856457333611518,1007340.0,32686.084142394822
0.01860130184100639,0.08765859284890427,0.8444444444444444,0.1588296760710554,1005900.0,32625.874915330776
0.01861432251644605,0.08784096162736939,0.8444444444444444,0.15912897822445563,1004280.0,32558.139534883725
0.018621527583812598,0.08802409080379893,0.8444444444444444,0.15942941053073212,1002660.0,32490.40415443667
0.01863309982106876,0.0882079851439183,0.8444444444444444,0.15973097940311054,1001040.0,32422.668773989615
0.018644161694244196,0.08816003721795766,0.8422222222222222,0.15961255001052854,1003800.0,32354.93339354256
0.018662405847008557,0.08834498834498834,0.8422222222222222,0.159915611814346,1002180.0,32287.19801309551
0.01867267036602077,0.08853071712216772,0.8422222222222222,0.16021982667512155,1000560.0,32219.462632648454
0.0186835542165935,0.0886964661830096,0.8422222222222222,0.16049121321194157,999120.0,32159.253405584404
0.018704365107925943,0.08888367729831144,0.8422222222222222,0.1607976240984302,997500.0,32091.51802513735
0.01871248498761259,0.08907168037602821,0.8422222222222222,0.16110520722635494,995880.0,32023.782644690295
0.01872393176916581,0.0892604804521903,0.8422222222222222,0.16141396933560476,994260.0,31956.047264243247
0.01873940530805552,0.08945008260561718,0.8422222222222222,0.16172391721783658,992640.0,31888.311883796196
0.01874674317224277,0.08964049195837276,0.8422222222222222,0.16203505771697307,991020.0,31820.57650334914
0.018756244082577,0.0898317136762266,0.8422222222222222,0.16234739772970658,989400.0,31752.841122902086
0.01876849579649724,0.09000237473284256,0.8422222222222222,0.16262604591289423,987960.0,31692.631895838036
0.018780479375714136,0.09019514516896716,0.8422222222222222,0.16294067067927773,986340.0,31624.89651539098
0.018788546848801612,0.09038874314333413,0.8422222222222222,0.1632565151841482,984720.0,31557.16113494393
0.018801790444287703,0.09034416826003824,0.84,0.16314199395770393,987480.0,31489.425754496875
0.01881585487447049,0.09053892215568862,0.84,0.16345945945945947,985860.0,31421.69037404982
0.018826137077003816,0.09073451752280365,0.84,0.1637781629116118,984240.0,31353.95499360277
0.01884305293896434,0.09093095982679818,0.84,0.16409811156935097,982620.0,31286.219613155714
0.01885083534625463,0.09112825458052073,0.84,0.1644193127446716,981000.0,31218.484232708666
0.018865938235876435,0.09130434782608696,0.84,0.16470588235294117,979560.0,31158.275005644613
0.018875026255144405,0.0915032679738562,0.84,0.1650294695481336,977940.0,31090.53962519756
0.01889150482981519,0.09170305676855896,0.84,0.16535433070866143,976320.0,31022.804244750507
0.018909522972181163,0.09190371991247265,0.84,0.16568047337278108,974700.0,30955.068864303452
0.01892445999192883,0.09186159844054581,0.8377777777777777,0.16556873078612208,977460.0,30887.3334838564
0.018949967014783894,0.09206349206349207,0.8377777777777777,0.1658965896589659,975840.0,30819.598103409346
0.018964407537764426,0.09226627508565835,0.8377777777777777,0.1662257495590829,974220.0,30751.86272296229
0.018969379022673708,0.09244727807748897,0.8377777777777777,0.16651943462897525,972780.0,30691.65349589825
0.018977700513530905,0.0926517571884984,0.8377777777777777,0.16685107324629342,971160.0,30623.918115451193
0.018991040257959006,0.09285714285714286,0.8377777777777777,0.1671840354767184,969540.0,30556.18273500414
0.01900444631734799,0.09306344112564799,0.8377777777777777,0.1675183292601644,967920.0,30488.447354557087
0.019016348960823395,0.09302325581395349,0.8355555555555556,0.1674087266251113,970680.0,30420.711974110032
0.019023539602093412,0.09323084552442351,0.8355555555555556,0.16774481374079858,969060.0,30352.976593662977
0.0190402178554213,0.09343936381709742,0.8355555555555556,0.16808225301743407,967440.0,30285.241213215926
0.019057959208991244,0.09337649402390438,0.8333333333333334,0.16793551276309898,970380.0,30225.03198615188
0.01906471885557119,0.09358622410781132,0.8333333333333334,0.16827462418667266,968760.0,30157.296605704825
0.019074222086930815,0.0937968984492246,0.8333333333333334,0.16861510791366907,967140.0,30089.56122525777
0.019088323961104096,0.09400852343945851,0.8333333333333334,0.16895697229105655,965520.0,30021.82584481072
0.019100532417508906,0.0942211055276382,0.8333333333333334,0.16930022573363432,963900.0,29954.090464363664
0.019109488454816335,0.09443465122135482,0.8333333333333334,0.16964487672472292,962280.0,29886.35508391661
0.0191146696623223,0.09464916708732964,0.8333333333333334,0.1699909338168631,960660.0,29818.619703469558
0.019124750808071835,0.09484066767830046,0.8333333333333334,0.17029972752043596,959220.0,29758.410476405512
0.019132695032228114,0.09505703422053231,0.8333333333333334,0.17064846416382254,957600.0,29690.675095958457
0.019155214450026697,0.09527439024390244,0.8333333333333334,0.17099863201094392,955980.0,29622.939715511402
0.019168332356409745,0.09549274255156608,0.8333333333333334,0.17135023989033585,954360.0,29555.20433506435
0.019182313776780962,0.09571209800918837,0.8333333333333334,0.1717032967032967,952740.0,29487.468954617296
0.019189995052433274,0.09593246354566386,0.8333333333333334,0.1720578114246387,951120.0,29419.73357417024
0.01919968794115828,0.09615384615384616,0.8333333333333334,0.1724137931034483,949500.0,29351.99819372319
0.019218056135909115,0.09637625289128758,0.8333333333333334,0.17277125086385625,947880.0,29284.262813276135
0.019224197309942192,0.09631728045325778,0.8311111111111111,0.17262866374336489,950820.0,29224.053586212085
0.019233488346170505,0.09654104284976768,0.8311111111111111,0.17298797409805736,949200.0,29156.318205765037
0.019244119359704607,0.09676584734799483,0.8311111111111111,0.17334878331402087,947580.0,29088.582825317982
0.019264692006668496,0.09699170124481328,0.8311111111111111,0.17371110078959592,945960.0,29020.847444870928
0.01927416258773871,0.09721861190538082,0.8311111111111111,0.17407493600186177,944340.0,28953.112064423876
0.019287327646026326,0.09744658676393955,0.8311111111111111,0.17444029850746268,942720.0,28885.37668397682
0.019303933894893814,0.09741446852964221,0.8288888888888889,0.17433979901846225,945480.0,28817.641303529766
0.01931355321295863,0.09761842449620518,0.8288888888888889,0.17466635448372747,944040.0,28757.432076465717
0.019330272392294227,0.0978488982161595,0.8288888888888889,0.17503519474425153,942420.0,28689.696696018662
0.019346591161125217,0.09808046279253221,0.8288888888888889,0.17540559604984718,940800.0,28621.96131557161
0.01935732202893753,0.09831312598840274,0.8288888888888889,0.1757775683317625,939180.0,28554.225935124556
0.01936962590264319,0.09828269484808455,0.8266666666666667,0.1756788665879575,941940.0,28486.4905546775
0.019383877098121036,0.09851694915254237,0.8266666666666667,0.17605300520586845,940320.0,28418.755174230453
0.0194021252580387,0.09848685956994956,0.8244444444444444,0.17595447000237135,943080.0,28351.0197937834
0.01942115796606059,0.09869646182495345,0.8244444444444444,0.17628890472796388,941640.0,28290.81056671935
0.019435296325809707,0.09893333333333333,0.8244444444444444,0.17666666666666667,940020.0,28223.075186272294
0.01945904450445568,0.099171344560278,0.8244444444444444,0.1770460510617991,938400.0,28155.339805825242
0.019480380943094865,0.09941050375133977,0.8244444444444444,0.17742706838833094,936780.0,28087.604425378187
0.01949669363500018,0.09965081923180232,0.8244444444444444,0.17780972921159838,935160.0,28019.869044931133
0.019516708538559302,0.09989229940764674,0.8244444444444444,0.1781940441882805,933540.0,27952.13366448408
0.01952813032833439,0.10013495276653171,0.8244444444444444,0.17858002406738868,931920.0,27884.398284037026
0.019540777957511225,0.1001082251082251,0.8222222222222222,0.17848528702363725,934680.0,27816.66290358997
0.019558779641193305,0.10032537960954446,0.8222222222222222,0.17883035282745288,933240.0,27756.45367652593
0.01956995565783795,0.1005708072845882,0.8222222222222222,0.1792201501574231,931620.0,27688.718296078874
0.01958450059586982,0.1008174386920981,0.8222222222222222,0.1796116504854369,930000.0,27620.98291563182
0.019601087205656075,0.10106528270964217,0.8222222222222222,0.18000486499635127,928380.0,27553.247535184768
0.019610067420649736,0.10131434830230011,0.8222222222222222,0.1803998049731838,926760.0,27485.512154737713
0.01962574311731717,0.10156464452374417,0.8222222222222222,0.18079648179819202,925140.0,27417.776774290658
0.01963751680501469,0.10181618051733626,0.8222222222222222,0.1811949069539667,923520.0,27350.041393843603
0.019649722369214404,0.10204081632653061,0.8222222222222222,0.1815505397448479,922080.0,27289.83216677956
0.019660586924852022,0.10229471938070224,0.8222222222222222,0.18195229899188592,920460.0,27222.096786332506
0.01967268660290109,0.10254988913525499,0.8222222222222222,0.18235584031542632,918840.0,27154.36140588545
0.019678931958494714,0.10280633509308142,0.8222222222222222,0.1827611755989133,917220.0,27086.6260254384
0.019689583582007966,0.10306406685236769,0.8222222222222222,0.18316831683168316,915600.0,27018.890644991345
0.019715714421376627,0.10304384250209439,0.82,0.18308112130984866,918360.0,26951.15526454429
0.01972561195892767,0.10330347144456888,0.82,0.18349080059671805,916740.0,26883.41988409724
0.0197402770884616,0.10353535353535354,0.82,0.18385650224215247,915300.0,26823.210657033193
0.019746958957103936,0.10379746835443038,0.82,0.1842696629213483,913680.0,26755.475276586138
0.019760557336323783,0.10377890580936266,0.8177777777777778,0.1841841841841842,916440.0,26687.739896139083
0.019786571451714224,0.1040429742719819,0.8177777777777778,0.18459994983697015,914820.0,26620.00451569203
0.019800350111496817,0.10430839002267574,0.8177777777777778,0.18501759678230267,913200.0,26552.269135244976
0.01981648112333157,0.10457516339869281,0.8177777777777778,0.1854371378180902,911580.0,26484.53375479792
0.019832146088653912,0.10484330484330484,0.8177777777777778,0.18585858585858586,909960.0,26416.79837435087
0.019857316982071965,0.10511282490716937,0.8177777777777778,0.18628195393571248,908340.0,26349.062993903815
0.019873921191713998,0.10535356427139994,0.8177777777777778,0.1866599036266802,906900.0,26288.85376683977
0.019882503957385788,0.10562571756601608,0.8177777777777778,0.18708693441789528,905280.0,26221.118386392718
0.01989446184025012,0.10589928057553957,0.8177777777777778,0.187515923566879,903660.0,26153.383005945663
0.019900771507436306,0.10588574725908828,0.8155555555555556,0.1874361593462717,906420.0,26085.64762549861
0.019925690849279455,0.1061614116285797,0.8155555555555556,0.18786792935756336,904800.0,26017.912245051557
0.01993326287037124,0.1064385150812065,0.8155555555555556,0.1883016931759877,903180.0,25950.176864604502
0.019941578995337557,0.10671706891538238,0.8155555555555556,0.18873746464386731,901560.0,25882.441484157447
0.01995207231702378,0.10667443893908482,0.8133333333333334,0.18861118268487503,904500.0,25822.232257093397
0.019978623710546813,0.10695499707773232,0.8133333333333334,0.1890495867768595,902880.0,25754.496876646343
0.019989933220092748,0.1072370348666862,0.8133333333333334,0.1894900336526016,901260.0,25686.761496199295
0.020004681433387614,0.10752056404230317,0.8133333333333334,0.18993253762324858,899640.0,25619.02611575224
0.020020039618172388,0.10780559646539029,0.8133333333333334,0.19037711313394018,898020.0,25551.29073530519
0.020029444146591,0.10809214412285884,0.8133333333333334,0.1908237747653806,896400.0,25483.555354858134
0.020042101339362187,0.10838021912940479,0.8133333333333334,0.19127253723543244,894780.0,25415.81997441108
0.0200645590035641,0.10863757791629564,0.8133333333333334,0.19167321288295366,893340.0,25355.61074734703
0.02009263249099285,0.10892857142857143,0.8133333333333334,0.1921259842519685,891720.0,25287.875366899974
0.020107757355911145,0.10922112802148612,0.8133333333333334,0.1925808997632202,890100.0,25220.139986452923
0.020116904887901504,0.10951526032315978,0.8133333333333334,0.1930379746835443,888480.0,25152.404606005868
0.020126261559016298,0.10981098109810981,0.8133333333333334,0.19349722442505948,886860.0,25084.669225558813
0.020147730898327856,0.11010830324909747,0.8133333333333334,0.19395866454689983,885240.0,25016.933845111762
0.02016915488393803,0.11040723981900452,0.8133333333333334,0.1944223107569721,883620.0,24949.19846466471
0.020184990846193827,0.11070780399274047,0.8133333333333334,0.19488817891373802,882000.0,24881.463084217656
0.020198888729618395,0.11097634930260764,0.8133333333333334,0.19530416221985059,880560.0,24821.253857153606
0.02021129181566083,0.11128002432350259,0.8133333333333334,0.19577427119550683,878940.0,24753.518476706555
0.02022902605530599,0.11158536585365854,0.8133333333333334,0.19624664879356568,877320.0,24685.7830962595
0.02024644205134529,0.11158667074289208,0.8111111111111111,0.19618382155334588,880080.0,24618.04771581245
0.02025317672476364,0.11189454322501532,0.8111111111111111,0.1966594827586207,878460.0,24550.312335365397
0.0202797377818656,0.11220411927451583,0.8111111111111111,0.19713745611666217,876840.0,24482.576954918342
0.02029303174807734,0.11251541307028361,0.8111111111111111,0.19761775852734165,875220.0,24414.841574471287
0.020319005198784663,0.11279357231149567,0.8111111111111111,0.19804666304937601,873780.0,24354.63234740724
0.020330064316584625,0.11310814998450573,0.8111111111111111,0.19853141147674735,872160.0,24286.896966960187
0.020346513413738828,0.11311373523927906,0.8088888888888889,0.1984732824427481,874920.0,24219.16158651313
0.020362420573295285,0.11343097538173887,0.8088888888888889,0.19896146488111505,873300.0,24151.42620606608
0.0203766623220054,0.11375,0.8088888888888889,0.19945205479452055,871680.0,24083.690825619025
0.02038939814696898,0.11375744280789721,0.8066666666666666,0.19939577039274925,874440.0,24015.95544517197
0.020398765971991438,0.11407919547454431,0.8066666666666666,0.1998898678414097,872820.0,23948.22006472492
0.020423612922692864,0.11436672967863894,0.8066666666666666,0.20033112582781457,871380.0,23888.010837660873
0.020438322501114,0.11469194312796209,0.8066666666666666,0.2008298755186722,869760.0,23820.27545721382
0.020458235010283272,0.1150190114068441,0.8066666666666666,0.20133111480865223,868140.0,23752.540076766763
0.020483016270571343,0.11534795042897998,0.8066666666666666,0.2018348623853211,866520.0,23684.804696319712
0.020498995845524053,0.11567877629063097,0.8066666666666666,0.20234113712374582,864900.0,23617.069315872657
0.020521490496150867,0.11601150527325024,0.8066666666666666,0.20284995808885165,863280.0,23549.333935425602
0.020544212901330815,0.11634615384615385,0.8066666666666666,0.20336134453781513,861660.0,23481.59855497855
0.020567996870584693,0.11668273866923819,0.8066666666666666,0.2038753159224937,860040.0,23413.863174531496
0.02057879655580134,0.11698356429262005,0.8066666666666666,0.2043343653250774,858600.0,23353.653947467446
0.02060076332085849,0.11732385261797026,0.8066666666666666,0.20485327313769752,856980.0,23285.9185670204
0.020626879102912714,0.11766612641815236,0.8066666666666666,0.20537482319660538,855360.0,23218.183186573344
0.02064208549586365,0.11801040312093627,0.8066666666666666,0.20589903573454338,853740.0,23150.44780612629
0.020655318837539946,0.11835670035865667,0.8066666666666666,0.20642593119135627,852120.0,23082.712425679238
0.02067430395520424,0.11870503597122302,0.8066666666666666,0.20695553021664767,850500.0,23014.977045232183
0.0206888848657715,0.11905542800918334,0.8066666666666666,0.20748785367247785,848880.0,22947.241664785128
0.020711561022702066,0.11903978954291351,0.8044444444444444,0.20739043254081924,851820.0,22887.03243772108
0.020735419920316626,0.11939313984168866,0.8044444444444444,0.20792647903503733,850200.0,22819.297057274027
0.02074553008853123,0.11974859411180946,0.8044444444444444,0.20846530377195507,848580.0,22751.561676826972
0.020754940691782693,0.1201061712010617,0.8044444444444444,0.2090069284064665,846960.0,22683.82629637992
0.020778258778528406,0.12046589018302829,0.8044444444444444,0.20955137481910274,845340.0,22616.090915932866
0.02079929156052656,0.12082777036048065,0.8044444444444444,0.21009866511897854,843720.0,22548.355535485814
0.0208158311833321,0.12085704720455306,0.8022222222222222,0.2100669188245563,846480.0,22480.62015503876
0.020843056940093356,0.12118160456529037,0.8022222222222222,0.21055701370662,845040.0,22420.410927974714
0.02085735753574781,0.12154882154882155,0.8022222222222222,0.2111111111111111,843420.0,22352.67554752766
0.02087315853312774,0.12158054711246201,0.8,0.21108179419525067,846180.0,22284.940167080604
0.020886082612886527,0.12195121951219512,0.8,0.21164021164021163,844560.0,22217.204786633552
0.020899229336299223,0.12232415902140673,0.8,0.21220159151193635,842940.0,22149.469406186498
0.02091402290056162,0.12269938650306748,0.8,0.2127659574468085,841320.0,22081.734025739443
0.02093435110116517,0.12307692307692308,0.8,0.21333333333333335,839700.0,22013.99864529239
0.020965440590148893,0.12307164895440521,0.7977777777777778,0.21324621324621323,842640.0,21953.78941822834
0.020983350038635933,0.1234525447042641,0.7977777777777778,0.21381774865991662,841020.0,21886.05403778129
0.021007588867734354,0.12383580545015523,0.7977777777777778,0.21439235592714243,839400.0,21818.31865733424
0.02102910027814979,0.12422145328719723,0.7977777777777778,0.2149700598802395,837780.0,21750.583276887184
0.021041449494770447,0.12460951058660187,0.7977777777777778,0.21555088561993396,836160.0,21682.84789644013
0.02106196778329036,0.125,0.7977777777777778,0.21613485851896447,834540.0,21615.112515993078
0.0210776351855411,0.1253929444638491,0.7977777777777778,0.21672200422577725,832920.0,21547.377135546023
0.021095403378691913,0.1257883672039243,0.7977777777777778,0.21731234866828086,831300.0,21479.641755098968
0.021119176015459408,0.12614195361911454,0.7977777777777778,0.2178398058252427,829860.0,21419.432528034922
0.021134373888430806,0.1265421219598167,0.7977777777777778,0.2184362640705811,828240.0,21351.697147587867
0.021155165063719925,0.1265912305516266,0.7955555555555556,0.21842586943258085,831000.0,21283.961767140812
0.021176057676580835,0.12664065271372826,0.7933333333333333,0.21841541755888652,833760.0,21216.22638669376
0.021195465988680495,0.12669039145907474,0.7911111111111111,0.2184049079754601,836520.0,21148.49100624671
0.021227468491950636,0.1270974651910032,0.7911111111111111,0.21900953552753,834900.0,21080.755625799655
0.02125678995785342,0.12750716332378223,0.7911111111111111,0.21961752004935226,833280.0,21013.0202453526
0.021277103833552906,0.1278735632183908,0.7911111111111111,0.22016079158936303,831840.0,20952.811018288554
0.021290255794211947,0.12828828828828828,0.7911111111111111,0.22077519379844962,830220.0,20885.0756378415
0.021302758048123167,0.128705712219812,0.7911111111111111,0.22139303482587064,828600.0,20817.340257394444
0.021329046627243737,0.1291258614435981,0.7911111111111111,0.22201434362332398,826980.0,20749.604876947393
0.021352055751164497,0.12954876273653565,0.7911111111111111,0.22263914946841776,825360.0,20681.869496500338
0.021372402261853603,0.12997444322745527,0.7911111111111111,0.22326748196926938,823740.0,20614.134116053283
0.021402684264380988,0.1304029304029304,0.7911111111111111,0.2238993710691824,822120.0,20546.39873560623
0.02142872849950782,0.1307861866274798,0.7911111111111111,0.2244640605296343,820680.0,20486.189508542186
0.021465227838739817,0.1312200516033911,0.7911111111111111,0.2251027505532722,819060.0,20418.45412809513
0.021489512328013154,0.1312869822485207,0.7888888888888889,0.22511097019657578,821820.0,20350.71874764808
0.02149811802681297,0.13172541743970315,0.7888888888888889,0.22575516693163752,820200.0,20282.983367201025
0.021504837282722844,0.13216679076693968,0.7888888888888889,0.2264030612244898,818580.0,20215.24798675397
0.021521854269586797,0.1326111318640269,0.7888888888888889,0.22705468500159898,816960.0,20147.51260630692
0.021545978010684752,0.1330584707646177,0.7888888888888889,0.22771007055805004,815340.0,20079.777225859863
0.02159326266342429,0.13350883790898835,0.7888888888888889,0.22836925056288196,813720.0,20012.04184541281
0.021616696753380377,0.13391173142210486,0.7888888888888889,0.22895840051596258,812280.0,19951.832618348762
0.02164369234254908,0.1339894019682059,0.7866666666666666,0.22897800776196636,815040.0,19884.097237901708
0.021659865713358636,0.13406760349411317,0.7844444444444445,0.22899772948426858,817800.0,19816.361857454656
0.02168205321869989,0.13452743902439024,0.7844444444444445,0.22966818477553677,816180.0,19748.6264770076
0.021696614651369378,0.1346080305927342,0.7822222222222223,0.22969004893964112,818940.0,19680.89109656055
0.021711966367016323,0.13468917881811204,0.78,0.22971204188481675,821700.0,19613.155716113495
0.021736097993597124,0.1347708894878706,0.7777777777777778,0.22973416475221528,824460.0,19545.42033566644
0.021746339048588786,0.13518733101583624,0.7777777777777778,0.2303389272787101,823020.0,19485.211108602394
0.02176709769492253,0.13527131782945737,0.7755555555555556,0.23036303630363036,825780.0,19417.47572815534
0.021794172598519783,0.13574484636328277,0.7755555555555556,0.23104932141674941,824160.0,19349.740347708284
0.021813803940596954,0.1362217017954723,0.7755555555555556,0.23173970783532535,822540.0,19282.004967261233
0.021826112190173264,0.13670191931061496,0.7755555555555556,0.23243423243423245,820920.0,19214.26958681418
0.021840994892516365,0.13718553459119498,0.7755555555555556,0.23313293253173012,819300.0,19146.534206367123
0.021860179137910576,0.1368836291913215,0.7711111111111111,0.2324958123953099,826440.0,19078.798825920072
0.021876011840175468,0.1373169766521567,0.7711111111111111,0.23312059119919382,825000.0,19018.589598856026
0.021888879026457756,0.13780778395552026,0.7711111111111111,0.23382749326145552,823380.0,18950.85421840897
0.021901462304824797,0.13830211239537665,0.7711111111111111,0.23453869550523826,821760.0,18883.11883796192
0.02193070728769172,0.1388,0.7711111111111111,0.2352542372881356,820140.0,18815.383457514865
0.02194361032781796,0.1393014853472501,0.7711111111111111,0.23597415844950698,818520.0,18747.64807706781
0.02198919972081553,0.13940370668815472,0.7688888888888888,0.23601637107776263,821280.0,18679.912696620755
0.02202300880294628,0.13950667205822886,0.7666666666666667,0.23605884365378035,824040.0,18612.177316173704
0.022046385585733127,0.14001623376623376,0.7666666666666667,0.2367879203843514,822420.0,18544.44193572665
0.022069404591236644,0.14047231270358307,0.7666666666666667,0.23743977976600136,820980.0,18484.232708662603
0.022094171554613216,0.1409889660809154,0.7666666666666667,0.23817742492233346,819360.0,18416.49732821555
0.022124031137794896,0.14150943396226415,0.7666666666666667,0.2389196675900277,817740.0,18348.761947768497
0.022159275613039237,0.14203375874845617,0.7666666666666667,0.23966655088572422,816120.0,18281.02656732144
0.022168919107007905,0.14256198347107438,0.7666666666666667,0.24041811846689895,814500.0,18213.29118687439
0.02220371509459463,0.1430941518042306,0.7666666666666667,0.2411744145403705,812880.0,18145.555806427335
0.022230534897922167,0.14363030807660282,0.7666666666666667,0.24193548387096775,811260.0,18077.82042598028
0.022262921834570404,0.14411027568922305,0.7666666666666667,0.24261603375527427,809820.0,18017.611198916235
0.022293425827798554,0.14423480083857443,0.7644444444444445,0.24268077601410934,812580.0,17949.87581846918
0.02233218426579994,0.14436026936026936,0.7622222222222222,0.2427459306440198,815340.0,17882.140438022125
0.022356111376181566,0.14490916772285595,0.7622222222222222,0.24352147674831381,813720.0,17814.405057575073
0.02238788984135652,0.1450381679389313,0.76,0.24358974358974358,816480.0,17746.66967712802
0.022420000368697873,0.14559386973180077,0.76,0.24437299035369775,814860.0,17678.934296680967
0.022446127565886036,0.14615384615384616,0.76,0.24516129032258063,813240.0,17611.198916233912
0.022477733676727955,0.14665523156089194,0.76,0.24586628324946083,811800.0,17550.989689169866
0.022495699915531214,0.14722341799397332,0.76,0.24666426253155427,810180.0,17483.25430872281
0.02253308786552544,0.14736387208297322,0.7577777777777778,0.2467438494934877,812940.0,17415.51892827576
0.022567545761118166,0.1475054229934924,0.7555555555555555,0.24682395644283123,815700.0,17347.783547828705
0.022579380271876233,0.1480836236933798,0.7555555555555555,0.24763292061179898,814080.0,17280.04816738165
0.02260395805736288,0.14866637516397027,0.7555555555555555,0.2484472049689441,812460.0,17212.312786934595
0.02263526047252517,0.1488147497805092,0.7533333333333333,0.24853372434017595,815220.0,17144.577406487544
0.022668228367220798,0.1494050242397532,0.7533333333333333,0.2493563810224347,813600.0,17076.84202604049
0.02268695611139948,0.14949137549756744,0.7511111111111111,0.24935448174105496,816540.0,17016.632798976443
0.022712162456787904,0.15008880994671403,0.7511111111111111,0.25018504811250925,814920.0,16948.897418529392
0.022744820635016424,0.1506910387873384,0.7511111111111111,0.25102116598588936,813300.0,16881.162038082337
0.022781724802802116,0.1512981199641898,0.7511111111111111,0.2518628912071535,811680.0,16813.426657635282
0.02281806254131619,0.15191011235955057,0.7511111111111111,0.25271028037383175,810060.0,16745.69127718823
0.02284823940166568,0.15252707581227437,0.7511111111111111,0.2535633908477119,808440.0,16677.955896741176
0.02286032841492996,0.15314907113729043,0.7511111111111111,0.2544222807677832,806820.0,16610.22051629412
0.02287853021659075,0.153706230104593,0.7511111111111111,0.2551906379765949,805380.0,16550.011289230075
0.022912565626680023,0.154337899543379,0.7511111111111111,0.25606060606060604,803760.0,16482.27590878302
0.02294813916656374,0.15497478220999542,0.7511111111111111,0.25693652603572786,802140.0,16414.540528335965
0.022967626383920754,0.15561694290976058,0.7511111111111111,0.2578184591914569,800520.0,16346.805147888912
0.0229865784981067,0.15626444752658344,0.7511111111111111,0.25870646766169153,798900.0,16279.069767441862
0.023011776075538014,0.15691736304549675,0.7511111111111111,0.25960061443932414,797280.0,16211.334386994808
0.023042522920957566,0.15757575757575756,0.7511111111111111,0.2605009633911368,795660.0,16143.599006547754
0.02307112364761416,0.15816565278427702,0.7511111111111111,0.2613065326633166,794220.0,16083.389779483707
0.023111317524623656,0.15836466165413535,0.7488888888888889,0.26144297905352987,796980.0,16015.654399036652
0.023133773439249737,0.15903728173666823,0.7488888888888889,0.2623588945114831,795360.0,15947.919018589599
0.023186349146170432,0.15971563981042655,0.7488888888888889,0.26328125,793740.0,15880.183638142546
0.02321937337227567,0.1603998096144693,0.7488888888888889,0.26421011368090946,792120.0,15812.44825769549
0.023240162969223533,0.16108986615678778,0.7488888888888889,0.26514555468135326,790500.0,15744.712877248438
0.02326768626573678,0.16178588574171868,0.7488888888888889,0.26608764311093563,788880.0,15676.977496801384
0.02330361397468085,0.16200578592092574,0.7466666666666667,0.2662440570522979,791640.0,15609.242116354333
0.023348558017285515,0.16263310745401743,0.7466666666666667,0.2670906200317965,790200.0,15549.032889290285
0.023386519986360845,0.16237238697131745,0.7422222222222222,0.2664539289988033,797340.0,15481.29750884323
0.023412163247281667,0.1630859375,0.7422222222222222,0.2674139311449159,795720.0,15413.562128396177
0.023446756646869644,0.16331535066208927,0.74,0.2675773402973082,798480.0,15345.826747949124
0.023486200517385963,0.16403940886699508,0.74,0.2685483870967742,796860.0,15278.09136750207
0.023540449352472174,0.16476991588322612,0.74,0.2695265074868474,795240.0,15210.355987055016
0.023564594564735343,0.16550695825049702,0.74,0.27051177904142976,793620.0,15142.620606607963
0.02359670179511408,0.1661676646706587,0.74,0.2713936430317848,792180.0,15082.411379543913
0.023621234386055755,0.16691729323308271,0.74,0.2723926380368098,790560.0,15014.67599909686
0.02365148030991359,0.16767371601208458,0.74,0.2733990147783251,788940.0,14946.940618649809
0.023671696552443257,0.16843702579666162,0.74,0.27441285537700866,787320.0,14879.205238202756
0.023702171754717248,0.16869918699186992,0.7377777777777778,0.2746071133167907,790080.0,14811.469857755701
0.023734526080297066,0.1689637570188872,0.7355555555555555,0.27480282274802825,792840.0,14743.734477308648
0.023762876716505215,0.16974358974358975,0.7355555555555555,0.2758333333333333,791220.0,14675.999096861595
0.02378927350426448,0.17044284243048405,0.7355555555555555,0.27675585284280935,789780.0,14615.789869797547
0.02383025723783925,0.1712364200724263,0.7355555555555555,0.27780109106168693,788160.0,14548.054489350492
0.023860833292291307,0.17151767151767153,0.7333333333333333,0.2780117944397641,790920.0,14480.319108903439
0.02389448682716412,0.17232375979112272,0.7333333333333333,0.27906976744186046,789300.0,14412.583728456386
0.02394358035014285,0.1731374606505771,0.7333333333333333,0.2801358234295416,787680.0,14344.848348009331
0.023989985802728882,0.17395888244596733,0.7333333333333333,0.2812100553898594,786060.0,14277.112967562278
0.0240257567841083,0.17478813559322035,0.7333333333333333,0.2822925577416595,784440.0,14209.377587115227
0.024057283825031955,0.175,0.7311111111111112,0.28240343347639485,787380.0,14149.168360051179
0.024103266258012304,0.17584179583110637,0.7311111111111112,0.2834984920292977,785760.0,14081.432979604126
0.02412742182859157,0.17669172932330826,0.7311111111111112,0.28460207612456745,784140.0,14013.69759915707
0.02415295757680574,0.17754991905018888,0.7311111111111112,0.2857142857142857,782520.0,13945.962218710018
0.024218163949626975,0.17841648590021691,0.7311111111111112,0.2868352223190933,780900.0,13878.226838262965
0.024255951424743266,0.1787465940054496,0.7288888888888889,0.287089715536105,783660.0,13810.49145781591
0.024283118156266926,0.1796276013143483,0.7288888888888889,0.28822495606326887,782040.0,13742.756077368856
0.0243276731182631,0.17996697853604843,0.7266666666666667,0.28848698720776356,784800.0,13675.020696921802
0.024366424749292924,0.18076285240464346,0.7266666666666667,0.28950863213811423,783360.0,13614.811469857754
0.02438958379425676,0.18166666666666667,0.7266666666666667,0.2906666666666667,781740.0,13547.076089410704
0.024429192842478242,0.18257956448911222,0.7266666666666667,0.2918340026773762,780120.0,13479.34070896365
0.024478539085157493,0.1829405162738496,0.7244444444444444,0.2921146953405018,782880.0,13411.605328516596
0.024514348477784713,0.18386914833615342,0.7244444444444444,0.29329734592892487,781260.0,13343.869948069541
0.02455337667665528,0.18424036281179137,0.7222222222222222,0.2935862691960253,784020.0,13276.134567622488
0.02459687320329527,0.18518518518518517,0.7222222222222222,0.2947845804988662,782400.0,13208.399187175435
0.024649001690685114,0.18603319977103605,0.7222222222222222,0.2958579881656805,780960.0,13148.189960111387
0.024704440547299658,0.18642117376294592,0.72,0.2961608775137112,783720.0,13080.454579664332
0.02475816351530141,0.18739155581260844,0.72,0.2973841211564938,782100.0,13012.71919921728
0.0247893272612354,0.1883720930232558,0.72,0.29861751152073734,780480.0,12944.983818770226
0.024824616041709078,0.18819403857393338,0.7155555555555555,0.2980101804720037,787620.0,12877.248438323171
0.024871952531353422,0.1891891891891892,0.7155555555555555,0.2992565055762082,786000.0,12809.51305787612
0.024904065777159347,0.19019492025989368,0.7155555555555555,0.3005132991133924,784380.0,12741.777677429067
0.024966428691285063,0.1910979228486647,0.7155555555555555,0.3016393442622951,782940.0,12681.568450365019
0.024992165959696888,0.19212410501193317,0.7155555555555555,0.3029162746942615,781320.0,12613.833069917966
0.02502591539768424,0.1931613677264547,0.7155555555555555,0.30420406235238545,779700.0,12546.097689470911
0.025091630563690827,0.1942098914354644,0.7155555555555555,0.3055028462998102,778080.0,12478.362309023858
0.025170553972482444,0.1952698605215282,0.7155555555555555,0.30681276798475465,776460.0,12410.626928576803
0.025211376353791615,0.19634146341463415,0.7155555555555555,0.30813397129186604,774840.0,12342.89154812975
0.02528484306202528,0.19681177191906807,0.7133333333333334,0.308505526189332,777600.0,12275.156167682699
0.02535945066821686,0.19790382244143034,0.7133333333333334,0.30984555984555984,775980.0,12207.420787235644
0.025404415789129088,0.19888475836431227,0.7133333333333334,0.311046511627907,774540.0,12147.211560171596
0.025451951099568312,0.2,0.7133333333333334,0.3124087591240876,772920.0,12079.476179724543
0.02548709826972067,0.20112781954887218,0.7133333333333334,0.31378299120234604,771300.0,12011.74079927749
0.025553315038440605,0.20226843100189035,0.7133333333333334,0.31516936671575846,769680.0,11944.005418830437
0.025617127006013263,0.20342205323193915,0.7133333333333334,0.3165680473372781,768060.0,11876.270038383382
0.0256635484399304,0.2045889101338432,0.7133333333333334,0.3179791976225854,766440.0,11808.534657936329
0.02570187633542258,0.20512820512820512,0.7111111111111111,0.31840796019900497,769200.0,11740.799277489275
0.025727996603716934,0.20618556701030927,0.7111111111111111,0.3196803196803197,767760.0,11680.590050425228
0.025759565479495008,0.20609202851587816,0.7066666666666667,0.3191169091821375,774900.0,11612.854669978175
0.0258258465222253,0.20730117340286833,0.7066666666666667,0.32056451612903225,773280.0,11545.119289531121
0.025865026248641395,0.2078688524590164,0.7044444444444444,0.3210126582278481,776040.0,11477.383909084067
0.025891624331156434,0.2091029023746702,0.7044444444444444,0.3224821973550356,774420.0,11409.648528637013
0.025953314651044276,0.20968812209688123,0.7022222222222222,0.3229432805314256,777180.0,11341.91314818996
0.02605443501231225,0.2102803738317757,0.7,0.32340862422997946,779940.0,11274.177767742907
0.026088885805633993,0.21140939597315436,0.7,0.3247422680412371,778500.0,11213.96854067886
0.026162585933749823,0.21269412559081702,0.7,0.3262558259968928,776880.0,11146.233160231806
0.026224611558163177,0.2139945652173913,0.7,0.32778355879292403,775260.0,11078.497779784751
0.026248538840994772,0.215311004784689,0.7,0.3293256664924203,773640.0,11010.762399337698
0.026330503364625175,0.21664374140302614,0.7,0.33088235294117646,772020.0,10943.027018890645
0.026402159139226652,0.2179930795847751,0.7,0.3324538258575198,770400.0,10875.291638443592
0.026424017731888263,0.2193593314763231,0.7,0.3340402969247084,768780.0,10807.556257996539
0.026453178744008165,0.2207428170988087,0.7,0.33564198188598826,767160.0,10739.820877549484
0.026488849657677983,0.2219873150105708,0.7,0.33707865168539325,765720.0,10679.611650485436
0.026563090258818915,0.22340425531914893,0.7,0.3387096774193548,764100.0,10611.876270038383
0.026621172307066635,0.22483940042826553,0.7,0.34035656401944897,762480.0,10544.14088959133
0.026645298017783484,0.22557471264367815,0.6977777777777778,0.34093376764386535,765240.0,10476.405509144277
0.02670166217407648,0.22704266088214028,0.6977777777777778,0.342607746863066,763620.0,10408.670128697222
0.026748330129968856,0.22852983988355166,0.6977777777777778,0.3442982456140351,762000.0,10340.934748250169
0.02680221676041936,0.23003663003663002,0.6977777777777778,0.34600550964187327,760380.0,10273.199367803116
0.02684042452432571,0.2313927781871776,0.6977777777777778,0.34753735473159936,758940.0,10212.990140739068
0.02689210358795187,0.23293768545994065,0.6977777777777778,0.3492769744160178,757320.0,10145.254760292015
0.02698142350918283,0.23450336071695296,0.6977777777777778,0.3510340972610397,755700.0,10077.519379844962
0.027032997686431914,0.23458646616541354,0.6933333333333334,0.350561797752809,762840.0,10009.783999397907
0.027086503260956536,0.23618470855412566,0.6933333333333334,0.352343308865048,761220.0,9942.048618950854
0.027186785893912477,0.23780487804878048,0.6933333333333334,0.35414301929625425,759600.0,9874.3132385038
0.02725176156251476,0.23944742900997698,0.6933333333333334,0.3559612093553908,757980.0,9806.577858056748
0.02735295303219909,0.24092664092664093,0.6933333333333334,0.35759312320916903,756540.0,9746.3686309927
0.027448939661009353,0.24261275272161742,0.6933333333333334,0.35944700460829493,754920.0,9678.633250545645
0.02750862004809875,0.24432263116679717,0.6933333333333334,0.3613202084539664,753300.0,9610.897870098592
0.02761251998855995,0.24605678233438485,0.6933333333333334,0.36321303841676367,751680.0,9543.16248965154
0.027651180444367297,0.24781572676727562,0.6933333333333334,0.36512580456407256,750060.0,9475.427109204486
0.027759990046511092,0.2496,0.6933333333333334,0.36705882352941177,748440.0,9407.691728757432
0.02784428398033602,0.25141015310233683,0.6933333333333334,0.36901241868716733,746820.0,9339.956348310378
0.027908010007542266,0.25243506493506496,0.6911111111111111,0.3697978596908442,749580.0,9272.220967863324
0.02803017745364711,0.2540849673202614,0.6911111111111111,0.3715651135005974,748140.0,9212.011740799278
0.02813302345892603,0.2559670781893004,0.6911111111111111,0.37357357357357357,746520.0,9144.276360352223
0.028199689048253207,0.25787728026533996,0.6911111111111111,0.3756038647342995,744900.0,9076.54097990517
0.028253442500493848,0.2581453634085213,0.6866666666666666,0.37522768670309653,752040.0,9008.805599458117
0.028310361480839895,0.2601010101010101,0.6866666666666666,0.3772893772893773,750420.0,8941.070219011062
0.02841618781438631,0.26039016115351993,0.6822222222222222,0.3769183548189073,757560.0,8873.33483856401
0.028521048076064783,0.2623931623931624,0.6822222222222222,0.3790123456790123,755940.0,8805.599458116956
0.028617868714487404,0.2633390705679862,0.68,0.37965260545905705,758880.0,8745.390231052908
0.028699122321705177,0.2645273200346921,0.6777777777777778,0.38053649407361195,761640.0,8677.654850605855
0.028806807719966708,0.2666083916083916,0.6777777777777778,0.38268506900878296,760020.0,8609.919470158802
0.028889882701911278,0.2687224669603524,0.6777777777777778,0.38485804416403785,758400.0,8542.184089711747
0.029013712194471363,0.2699822380106572,0.6755555555555556,0.38578680203045684,761160.0,8474.448709264696
0.02910304788664097,0.2721575649059982,0.6755555555555556,0.3880025526483727,759540.0,8406.713328817641
0.029230573928721255,0.2743682310469314,0.6755555555555556,0.3902439024390244,757920.0,8338.977948370588
0.029310809420072935,0.27636363636363637,0.6755555555555556,0.39225806451612905,756480.0,8278.76872130654
0.029463864199761467,0.27864344637946836,0.6755555555555556,0.3945489941596366,754860.0,8211.033340859487
0.029541188329784016,0.2809611829944547,0.6755555555555556,0.3968668407310705,753240.0,8143.297960412434
0.02959393452555824,0.28238583410997203,0.6733333333333333,0.3978988837820092,756000.0,8075.56257996538
0.029672691484951823,0.28477443609022557,0.6733333333333333,0.4002642007926024,754380.0,8007.827199518326
0.0297591363167255,0.28720379146919434,0.6733333333333333,0.4026578073089701,752760.0,7940.091819071273
0.029834639568704878,0.28967495219885275,0.6733333333333333,0.4050802139037433,751140.0,7872.356438624219
0.02993641514756669,0.29122468659594986,0.6711111111111111,0.406186953597848,753900.0,7804.621058177167
0.03003016691707036,0.293488824101069,0.6711111111111111,0.4083840432724814,752460.0,7744.411831113118
0.030109439004812954,0.296078431372549,0.6711111111111111,0.4108843537414966,750840.0,7676.676450666065
0.03027102809915674,0.2987141444114738,0.6711111111111111,0.4134154688569473,749220.0,7608.941070219011
0.030396478395338784,0.3003992015968064,0.6688888888888889,0.41460055096418735,751980.0,7541.205689771957
0.030598536066797636,0.3031218529707956,0.6688888888888889,0.4171864171864172,750360.0,7473.4703093249045
0.030708630568063385,0.30589430894308944,0.6688888888888889,0.4198047419804742,748740.0,7405.7349288778505
0.03086879427852533,0.3087179487179487,0.6688888888888889,0.4224561403508772,747120.0,7337.999548430797
0.031019696606611694,0.31023784901758017,0.6666666666666666,0.4234297812279464,750060.0,7277.790321366749
0.031169959569585723,0.31315240083507306,0.6666666666666666,0.42613636363636365,748440.0,7210.054940919696
0.03131603896469836,0.3150684931506849,0.6644444444444444,0.4274481772694782,751200.0,7142.319560472643
0.031491992332010374,0.3180851063829787,0.6644444444444444,0.4302158273381295,749580.0,7074.584180025589
0.031608720315022265,0.3200859291084855,0.6622222222222223,0.43157132512671975,752340.0,7006.848799578535
0.03182495450661114,0.3232104121475054,0.6622222222222223,0.43440233236151604,750720.0,6939.113419131482
0.031908846320112615,0.3263964950711939,0.6622222222222223,0.4372707263389582,749100.0,6871.378038684428
0.031989996592502026,0.3292817679558011,0.6622222222222223,0.4398523985239852,747660.0,6811.168811620381
0.03219137981519475,0.3314732142857143,0.66,0.4413075780089153,750420.0,6743.433431173327
0.03232563275798301,0.33483652762119503,0.66,0.4442782348541511,748800.0,6675.698050726274
0.03250904788710878,0.33826879271070615,0.66,0.44728915662650603,747180.0,6607.96267027922
0.032577015218976164,0.34177215189873417,0.66,0.45034116755117515,745560.0,6540.227289832166
0.0327104020710792,0.3430232558139535,0.6555555555555556,0.45038167938931295,752700.0,6472.491909385113
0.03283850695930325,0.345475910693302,0.6533333333333333,0.45196003074558033,755460.0,6404.75652893806
0.0330554421249727,0.3487544483985765,0.6533333333333333,0.4547563805104408,754020.0,6344.547301874012
0.03332991270994534,0.3501199040767386,0.6488888888888888,0.45482866043613707,761160.0,6276.811921426958
0.03360955166734688,0.35393939393939394,0.6488888888888888,0.45803921568627454,759540.0,6209.076540979905
0.033733104059726626,0.35784313725490197,0.6488888888888888,0.46129541864139023,757920.0,6141.341160532852
0.0339334324165666,0.3618339529120198,0.6488888888888888,0.46459824980111375,756300.0,6073.605780085798
0.03429589604271702,0.36466165413533835,0.6466666666666666,0.46634615384615385,759060.0,6005.870399638745
0.034463549595289814,0.3688212927756654,0.6466666666666666,0.46973365617433416,757440.0,5938.135019191691
0.034855071615384904,0.3717948717948718,0.6444444444444445,0.4715447154471545,760200.0,5870.399638744638
0.035145951100208093,0.3756476683937824,0.6444444444444445,0.4746317512274959,758760.0,5810.19041168059
0.035389290316856274,0.37745740498034075,0.64,0.4748557295960429,765900.0,5742.455031233536
0.03556274912990783,0.3806366047745358,0.6377777777777778,0.47674418604651164,768660.0,5674.719650786484
0.03574015698332737,0.38523489932885907,0.6377777777777778,0.4803347280334728,767040.0,5606.98427033943
0.03610089692136255,0.38858695652173914,0.6355555555555555,0.4822934232715008,769800.0,5539.248889892376
0.03637559371473828,0.3920220082530949,0.6333333333333333,0.4842820730671198,772560.0,5471.513509445323
0.03670689492652575,0.3955431754874652,0.6311111111111111,0.4863013698630137,775320.0,5403.7781289982695
0.036871643870905704,0.39859154929577467,0.6288888888888889,0.4879310344827586,778260.0,5343.568901934222
0.03729412006775803,0.40228245363766046,0.6266666666666667,0.4900086880973067,781020.0,5275.833521487168
0.03800216059326804,0.407514450867052,0.6266666666666667,0.4938704028021016,779400.0,5208.098141040115
0.03837571146867073,0.41142020497803805,0.6244444444444445,0.4960282436010591,782160.0,5140.3627605930615
0.03888988166203889,0.4169139465875371,0.6244444444444445,0.5,780540.0,5072.627380146007
0.0394313236946352,0.42255639097744363,0.6244444444444445,0.5040358744394619,778920.0,5004.891999698953
0.03988060521047869,0.42835365853658536,0.6244444444444445,0.5081374321880651,777300.0,4937.1566192519
0.04017215656124558,0.4305555555555556,0.62,0.5081967213114754,784620.0,4876.9473921878525
0.040515648490185484,0.4350547730829421,0.6177777777777778,0.5105601469237833,787380.0,4809.212011740799
0.04103924263181985,0.4380952380952381,0.6133333333333333,0.5111111111111111,794520.0,4741.476631293745
0.041687118958754814,0.4444444444444444,0.6133333333333333,0.5154061624649859,792900.0,4673.741250846692
0.042544441768276646,0.4444444444444444,0.6044444444444445,0.512241054613936,808800.0,4606.005870399639
0.04311487637129729,0.4461028192371476,0.5977777777777777,0.5109211775878443,820320.0,4538.270489952585
0.04356715064839251,0.45286195286195285,0.5977777777777777,0.5153256704980843,818700.0,4470.535109505531
0.0438298486085206,0.4598290598290598,0.5977777777777777,0.5198067632850242,817080.0,4402.799729058478
0.04451593628591885,0.462738301559792,0.5933333333333334,0.5199610516066212,824400.0,4342.59050199443
0.04543606568422573,0.47007042253521125,0.5933333333333334,0.5245579567779961,822780.0,4274.855121547377
0.046573516825445964,0.47584973166368516,0.5911111111111111,0.5272547076313181,825540.0,4207.119741100323
0.04705489256765565,0.48,0.5866666666666667,0.528,832680.0,4139.38436065327
0.047537507649412225,0.4879852125693161,0.5866666666666667,0.5327951564076691,831060.0,4071.648980206217
0.04853015325334294,0.49624060150375937,0.5866666666666667,0.5376782077393075,829440.0,4003.913599759163
0.049198999068852035,0.502868068833652,0.5844444444444444,0.5405960945529291,832200.0,3936.1782193121094
0.0503290831533135,0.5087378640776699,0.5822222222222222,0.5430051813471503,835140.0,3875.968992248062
0.051292565292273405,0.5158102766798419,0.58,0.5460251046025104,837900.0,3808.233611801008
0.052675751587233026,0.5231388329979879,0.5777777777777777,0.5491024287222809,840660.0,3740.4982313539554
0.05353258167138093,0.5327868852459017,0.5777777777777777,0.5543710021321961,839040.0,3672.7628509069013
0.05490630516823279,0.5407098121085595,0.5755555555555556,0.5575888051668461,841800.0,3605.027470459848
0.05656949875684627,0.5468085106382978,0.5711111111111111,0.558695652173913,848940.0,3537.2920900127947
0.057903425517699364,0.5531453362255966,0.5666666666666667,0.5598243688254665,856080.0,3469.556709565741
0.06029805516976963,0.5562913907284768,0.56,0.5581395348837209,867780.0,3409.3474825016933
0.061131378646781837,0.5630630630630631,0.5555555555555556,0.5592841163310962,874920.0,3341.6121020546398
0.06305262661417188,0.5678160919540229,0.5488888888888889,0.5581920903954802,886440.0,3273.876721607586
0.06566614673501883,0.5774647887323944,0.5466666666666666,0.5616438356164384,889200.0,3206.141341160533
0.06715862970361197,0.5851318944844125,0.5422222222222223,0.5628604382929643,896340.0,3138.405960713479
0.07020024861840529,0.5931372549019608,0.5377777777777778,0.5641025641025641,903480.0,3070.670580266426
0.0726835406815588,0.6040100250626567,0.5355555555555556,0.5677267373380448,906240.0,3002.9351998193724
0.0764293438711249,0.6153846153846154,0.5333333333333333,0.5714285714285714,909000.0,2935.199819372319
0.08178574105910019,0.6230366492146597,0.5288888888888889,0.5721153846153846,916320.0,2874.9905923082715
0.08408114735395007,0.6327077747989276,0.5244444444444445,0.5735115431348724,923460.0,2807.2552118612175
0.08894362840300912,0.6318681318681318,0.5111111111111111,0.5651105651105651,948120.0,2739.5198314141644
0.09472308872450204,0.6422535211267606,0.5066666666666667,0.5664596273291925,955260.0,2671.784450967111
0.10081361360741503,0.6502890173410405,0.5,0.5653266331658291,966780.0,2604.0490705200573
0.10701531128266521,0.6646884272997032,0.49777777777777776,0.5692503176620076,969540.0,2536.3136900730037
0.11111774088765922,0.676829268292683,0.49333333333333335,0.570694087403599,976680.0,2468.57830962595
0.12048939698486186,0.684375,0.4866666666666667,0.5688311688311688,988380.0,2408.369082561903
0.12977414946753743,0.6945337620578779,0.48,0.5676741130091985,999900.0,2340.6337021148493
0.14994746882061155,0.6986754966887417,0.4688888888888889,0.5611702127659575,1020180.0,2272.8983216677952
0.16361414926113516,0.7133105802047781,0.46444444444444444,0.5625841184387618,1027320.0,2205.162941220742
0.17483562715882492,0.7253521126760564,0.4577777777777778,0.5613079019073569,1038840.0,2137.4275607736886
0.20520979761401775,0.7381818181818182,0.45111111111111113,0.56,1050360.0,2069.692180326635
0.21913087824565924,0.7481203007518797,0.44222222222222224,0.5558659217877095,1066260.0,2001.9567998795815
0.24949947050010868,0.7635658914728682,0.43777777777777777,0.556497175141243,1073580.0,1941.7475728155339
0.27217340386987654,0.7710843373493976,0.4266666666666667,0.5493562231759657,1093860.0,1874.0121923684803
0.2998466068765372,0.7833333333333333,0.4177777777777778,0.5449275362318841,1109760.0,1806.276811921427
0.3546888510817527,0.8008658008658008,0.4111111111111111,0.5433186490455213,1121280.0,1738.5414314743732
0.4168548358558515,0.8198198198198198,0.40444444444444444,0.5416666666666666,1132800.0,1670.8060510273199
0.4857711221310806,0.8309859154929577,0.3933333333333333,0.5339366515837104,1153080.0,1603.0706705802666
0.5341082673390151,0.8382352941176471,0.38,0.5229357798165137,1177740.0,1535.335290133213
0.5858417356057192,0.841025641025641,0.36444444444444446,0.5085271317829457,1206780.0,1467.5999096861594
0.6353942547090777,0.8502673796791443,0.35333333333333333,0.49921507064364207,1227240.0,1407.3906826221119
0.7136161571608121,0.8595505617977528,0.34,0.4872611464968153,1251900.0,1339.6553021750583
0.7878947683618499,0.8698224852071006,0.32666666666666666,0.47495961227786754,1276560.0,1271.919921728005
0.8417656276363391,0.875,0.3111111111111111,0.45901639344262296,1305600.0,1204.1845412809514
0.9017097331617769,0.8807947019867549,0.29555555555555557,0.4425956738768719,1334640.0,1136.4491608338976
0.9208365745935833,0.8802816901408451,0.2777777777777778,0.4222972972972973,1368060.0,1068.7137803868443
0.93925263019591,0.8796992481203008,0.26,0.4013722126929674,1401480.0,1000.9783999397907
0.9595873872680644,0.872,0.24222222222222223,0.3791304347826087,1435080.0,940.7691728757433
0.9721096983799916,0.8706896551724138,0.22444444444444445,0.3568904593639576,1468500.0,873.0337924286896
0.9772788939459259,0.9065420560747663,0.21555555555555556,0.348294434470377,1484400.0,805.2984119816363
0.9840387107160915,0.9183673469387755,0.2,0.3284671532846715,1513440.0,737.5630315345827
0.9887892451381061,0.9213483146067416,0.18222222222222223,0.3042671614100185,1546860.0,669.8276510875291
0.9904326512952548,0.95,0.1688888888888889,0.28679245283018867,1571520.0,602.0922706404757
0.9929479881879832,0.9436619718309859,0.14888888888888888,0.2571976967370441,1609320.0,534.3568901934221
0.9945054430994776,0.9523809523809523,0.13333333333333333,0.23391812865497075,1638540.0,474.1476631293746
0.9959042541226016,0.9629629629629629,0.11555555555555555,0.20634920634920634,1671960.0,406.41228268232106
0.9963958241066592,1.0,0.1,0.18181818181818182,1701000.0,338.67690223526756
0.997486553424698,1.0,0.08,0.14814814814814814,1738800.0,270.94152178821406
0.9982478864035829,1.0,0.06,0.11320754716981132,1776600.0,203.20614134116053
0.9986776922183078,1.0,0.04,0.07692307692307693,1814400.0,135.47076089410703
0.9990658125224123,1.0,0.02,0.0392156862745098,1852200.0,67.73538044705352
0.9995155592270728,1.0,0.0022222222222222222,0.004434589800443459,1885800.0,7.526153383005946
