threshold,precision,recall,f1,costo_q,alertas_por_100k
0.0003539876669370228,0.03386769022352676,1.0,0.06551648831622625,2310660.0,100000.0
0.0005072285325826802,0.03389830508474576,1.0,0.06557377049180328,2308500.0,99909.68615940394
0.0005426855938892988,0.033926417370325694,1.0,0.06562636721598367,2306520.0,99826.89847219086
0.0005686542775149495,0.03395457632234211,1.0,0.06567904838356564,2304540.0,99744.1107849778
0.0005846640015795118,0.03398278205709107,1.0,0.06573181419807186,2302560.0,99661.32309776473
0.0006074093244666676,0.03401103469125538,1.0,0.06578466486367955,2300580.0,99578.53541055167
0.000626846410559756,0.0340393343419062,1.0,0.06583760058522312,2298600.0,99495.7477233386
0.0006391413140552629,0.034067681126504656,1.0,0.06589062156819679,2296620.0,99412.96003612554
0.0006545737968626354,0.03409607516290347,1.0,0.06594372801875732,2294640.0,99330.17234891247
0.0006693901142909288,0.034124516569348604,1.0,0.06599692014372663,2292660.0,99247.3846616994
0.0006794256358513433,0.03415300546448088,1.0,0.06605019815059446,2290680.0,99164.59697448634
0.0006953954373084628,0.034181541967337636,1.0,0.06610356224752112,2288700.0,99081.80928727327
0.0007074007103193027,0.03421012619735442,1.0,0.06615701264334019,2286720.0,98999.02160006021
0.0007179735361175094,0.03424136356718917,1.0,0.06621542083578576,2284560.0,98908.70775946415
0.000724956070921426,0.03427004797806717,1.0,0.06626905235255136,2282580.0,98825.92007225107
0.0007312003539584619,0.03429878048780488,1.0,0.06632277081798084,2280600.0,98743.132385038
0.0007419948898038125,0.03432756121748417,1.0,0.06637657644369054,2278620.0,98660.34469782494
0.0007555169402518145,0.03435639028859368,1.0,0.06643046944198405,2276640.0,98577.55701061187
0.000764288079215159,0.03438526782303049,1.0,0.06648445002585507,2274660.0,98494.76932339881
0.0007702708629674899,0.03441419394310186,1.0,0.0665385184089901,2272680.0,98411.98163618574
0.0007823994240884316,0.03444316877152698,1.0,0.06659267480577137,2270700.0,98329.19394897268
0.0007933173731502679,0.03447219243143864,1.0,0.06664691943127962,2268720.0,98246.4062617596
0.0008039832808481785,0.03450126504638503,1.0,0.06670125250129696,2266740.0,98163.61857454655
0.0008123568725776563,0.034530386740331494,1.0,0.06675567423230974,2264760.0,98080.83088733348
0.0008224365637861026,0.03455955763766224,1.0,0.0668101848415114,2262780.0,97998.04320012042
0.0008312009938515735,0.03451456683834268,0.9977777777777778,0.06672115313173341,2265000.0,97907.72935952434
0.0008386643652547037,0.03454377596553316,0.9977777777777778,0.06677572873289708,2263020.0,97824.94167231128
0.0008460084790017982,0.034573034573034574,0.9977777777777778,0.0668303936890675,2261040.0,97742.15398509821
0.0008562380810125358,0.03460234278668311,0.9977777777777778,0.06688514821987189,2259060.0,97659.36629788515
0.0008667045656989682,0.034631700732742,0.9977777777777778,0.06693999254565784,2257080.0,97576.57861067208
0.0008740186406055395,0.03466110853790335,0.9977777777777778,0.06699492688749627,2255100.0,97493.79092345902
0.0008857288333635703,0.03469056632928996,0.9977777777777778,0.06704995146718434,2253120.0,97411.00323624595
0.0008924373128019491,0.03472007423445716,0.9977777777777778,0.06710506650724854,2251140.0,97328.21554903289
0.0009001471639541387,0.03474963238139463,0.9977777777777778,0.06716027223094757,2249160.0,97245.42786181982
0.0009081460777763844,0.034779240898528276,0.9977777777777778,0.06721556886227545,2247180.0,97162.64017460676
0.0009160167969947801,0.03480889991472207,0.9977777777777778,0.0672709566259645,2245200.0,97079.8524873937
0.0009216302878536137,0.03483860955927995,0.9977777777777778,0.06732643574748838,2243220.0,96997.06480018063
0.0009350373472942292,0.03486836996194766,0.9977777777777778,0.0673820064530652,2241240.0,96914.27711296757
0.0009438752205281306,0.03490089389817334,0.9977777777777778,0.06744273375891852,2239080.0,96823.96327237149
0.000952215658748699,0.03493076085265287,0.9977777777777778,0.067498496692724,2237100.0,96741.17558515842
0.000961281922991061,0.03496067896908822,0.9977777777777778,0.06755435191454148,2235120.0,96658.38789794536
0.0009706691438693736,0.03499064837905237,0.9977777777777778,0.06761029965366662,2233140.0,96575.6002107323
0.0009800194993922011,0.035020669214569845,0.9977777777777778,0.06766634014015523,2231160.0,96492.81252351923
0.0009863569472976252,0.035050741608118656,0.9977777777777778,0.06772247360482654,2229180.0,96410.02483630617
0.000993808389905758,0.03508086569263224,0.9977777777777778,0.06777870027926636,2227200.0,96327.2371490931
0.000999989315405484,0.03511104160150141,0.9977777777777778,0.06783502039583018,2225220.0,96244.44946188004
0.0010064694427750571,0.03514126946857635,0.9977777777777778,0.06789143418764648,2223240.0,96161.66177466697
0.0010137225664999005,0.03517154942816857,0.9977777777777778,0.06794794188861986,2221260.0,96078.8740874539
0.0010213763382439962,0.03520188161505292,0.9977777777777778,0.0680045437334343,2219280.0,95996.08640024083
0.0010324104565582815,0.035232266164469554,0.9977777777777778,0.06806123995755646,2217300.0,95913.29871302778
0.0010376481598613526,0.035265472824379515,0.9977777777777778,0.06812319830071309,2215140.0,95822.9848724317
0.001043345371663865,0.03529596729816838,0.9977777777777778,0.06818009262774277,2213160.0,95740.19718521864
0.0010500084738354213,0.03532651455546813,0.9977777777777778,0.0682370820668693,2211180.0,95657.40949800558
0.0010597572200397181,0.03535711473344358,0.9977777777777778,0.0682941668567952,2209200.0,95574.62181079251
0.00106775097502091,0.03538776796973518,0.9977777777777778,0.06835134723702238,2207220.0,95491.83412357944
0.0010761305488884185,0.03541847440246115,0.9977777777777778,0.06840862344785556,2205240.0,95409.04643636638
0.001085961040771659,0.03544923417021949,0.9977777777777778,0.06846599573040561,2203260.0,95326.2587491533
0.0010905764153651073,0.035480047412090085,0.9977777777777778,0.0685234643265929,2201280.0,95243.47106194025
0.0010939932063626491,0.03551091426763683,0.9977777777777778,0.06858102947915076,2199300.0,95160.68337472717
0.0011038749669811149,0.03554183487690968,0.9977777777777778,0.06863869143162883,2197320.0,95077.89568751412
0.0011120012809323807,0.03557280938044684,0.9977777777777778,0.06869645042839657,2195340.0,94995.10800030104
0.0011192723740957465,0.03560383791927682,0.9977777777777778,0.06875430671464666,2193360.0,94912.32031308798
0.0011249636263497,0.03563492063492064,0.9977777777777778,0.06881226053639847,2191380.0,94829.53262587491
0.0011340528254371789,0.03566889100730855,0.9977777777777778,0.06887559441632152,2189220.0,94739.21878527885
0.0011404136947590993,0.03570008746123877,0.9977777777777778,0.06893375297459123,2187240.0,94656.43109806578
0.0011463892060497708,0.035731338532548146,0.9977777777777778,0.0689920098340504,2185260.0,94573.64341085272
0.001153778727077605,0.035762644364794906,0.9977777777777778,0.06905036524413687,2183280.0,94490.85572363964
0.001159310730597,0.03579400510204082,0.9977777777777778,0.06910881945513314,2181300.0,94408.06803642659
0.0011640441525101308,0.035825420888853425,0.9977777777777778,0.06916737271816992,2179320.0,94325.28034921351
0.0011710248592577777,0.03585689187030826,0.9977777777777778,0.06922602528522973,2177340.0,94242.49266200046
0.0011793293863906935,0.035888418191991046,0.9977777777777778,0.06928477740915052,2175360.0,94159.70497478738
0.0011875889741337039,0.03592,0.9977777777777778,0.06934362934362934,2173380.0,94076.91728757432
0.0011970265139277616,0.03595163744094804,0.9977777777777778,0.06940258134322591,2171400.0,93994.12960036125
0.0012005641289246406,0.03598333066196506,0.9977777777777778,0.06946163366336634,2169420.0,93911.3419131482
0.0012068172284636503,0.03601507981070025,0.9977777777777778,0.06952078656034683,2167440.0,93828.55422593512
0.0012122066970704681,0.0360497792051385,0.9977777777777778,0.06958543200309958,2165280.0,93738.24038533906
0.001217271022942738,0.036081645773063324,0.9977777777777778,0.06964479602916085,2163300.0,93655.45269812598
0.0012228628588041672,0.0360331376176305,0.9955555555555555,0.06954901808584957,2165700.0,93572.66501091293
0.0012293389691584683,0.0360650458863307,0.9955555555555555,0.06960845245494096,2163720.0,93489.87732369985
0.0012363586399092318,0.03609701071630006,0.9955555555555555,0.06966798849234118,2161740.0,93407.0896364868
0.0012414365737161645,0.03612903225806452,0.9955555555555555,0.06972762645914397,2159760.0,93324.30194927372
0.0012494906454693566,0.03616111066268464,0.9955555555555555,0.0697873666173378,2157780.0,93241.51426206066
0.0012565148928391431,0.03619324608175796,0.9955555555555555,0.06984720922980979,2155800.0,93158.72657484759
0.0012637131063959024,0.03622543866742136,0.9955555555555555,0.06990715456034953,2153820.0,93075.93888763453
0.001269191785151692,0.036257688572353515,0.9955555555555555,0.06996720287365298,2151840.0,92993.15120042146
0.001274286211500668,0.036289995949777235,0.9955555555555555,0.0700273544353263,2149860.0,92910.36351320839
0.0012830382229377104,0.036322360953461974,0.9955555555555555,0.07008760951188986,2147880.0,92827.57582599533
0.0012906325457033986,0.0363547837377262,0.9955555555555555,0.07014796837078212,2145900.0,92744.78813878227
0.00129518326957953,0.036390220128340506,0.9955555555555555,0.07021393307734504,2143740.0,92654.4742981862
0.0013021954913089231,0.036422764227642276,0.9955555555555555,0.07027450980392157,2141760.0,92571.68661097313
0.0013090234886084214,0.036455366588005536,0.9955555555555555,0.07033519114530183,2139780.0,92488.89892376006
0.00131395457224259,0.036488027366020526,0.9955555555555555,0.07039597737272156,2137800.0,92406.111236547
0.0013229282185918741,0.03652074671883916,0.9955555555555555,0.07045686875835495,2135820.0,92323.32354933393
0.0013317570254700963,0.03655352480417755,0.9955555555555555,0.07051786557531875,2133840.0,92240.53586212086
0.00133627446386792,0.036586361780318495,0.9955555555555555,0.07057896809767625,2131860.0,92157.7481749078
0.0013464777016555705,0.03661925780611411,0.9955555555555555,0.0706401766004415,2129880.0,92074.96048769474
0.0013561497553949463,0.0366522130409883,0.9955555555555555,0.07070149135958337,2127900.0,91992.17280048167
0.0013611172012183406,0.0366852276449394,0.9955555555555555,0.07076291265202969,2125920.0,91909.38511326861
0.0013670891389168573,0.03671830177854274,0.9955555555555555,0.07082444075567149,2123940.0,91826.59742605555
0.0013734269270950115,0.03675143560295324,0.9955555555555555,0.07088607594936709,2121960.0,91743.80973884248
0.0013768764828804667,0.03678764986040401,0.9955555555555555,0.07095343680709534,2119800.0,91653.4958982464
0.0013822272124032855,0.03682090901619134,0.9955555555555555,0.07101529682174844,2117820.0,91570.70821103334
0.0013861049654079322,0.036854228364593615,0.9955555555555555,0.07107726479454228,2115840.0,91487.92052382027
0.0013941269895743746,0.03688760806916427,0.9955555555555555,0.07113934100833665,2113860.0,91405.13283660721
0.0014049614926118074,0.036921048294049776,0.9955555555555555,0.0712015257469803,2111880.0,91322.34514939414
0.0014120738422329683,0.03695454920399241,0.9955555555555555,0.07126381929531536,2109900.0,91239.55746218108
0.001424539497340613,0.036988110964332896,0.9955555555555555,0.07132622193918166,2107920.0,91156.76977496802
0.001432655844874203,0.03702173374101314,0.9955555555555555,0.07138873396542109,2105940.0,91073.98208775495
0.0014369129600349641,0.03705541770057899,0.9955555555555555,0.07145135566188197,2103960.0,90991.19440054189
0.0014427250845594607,0.03708916301018296,0.9955555555555555,0.07151408731742358,2101980.0,90908.40671332882
0.001449677318737465,0.037122969837587005,0.9955555555555555,0.07157692922192044,2100000.0,90825.61902611576
0.0014540764171536,0.037156838351165296,0.9955555555555555,0.07163988166626689,2098020.0,90742.83133890269
0.0014600119854357814,0.03719076871990702,0.9955555555555555,0.07170294494238157,2096040.0,90660.04365168963
0.0014710545968560373,0.03722785441249792,0.9955555555555555,0.07177186799102851,2093880.0,90569.72981109355
0.001478546597777251,0.037261914663561505,0.9955555555555555,0.07183516395414094,2091900.0,90486.9421238805
0.0014882302399534463,0.037296037296037296,0.9955555555555555,0.07189857165783983,2089920.0,90404.15443666742
0.0014937461922491957,0.037330222481459875,0.9955555555555555,0.07196209139828126,2087940.0,90321.36674945436
0.0015024111701857164,0.03736447039199333,0.9955555555555555,0.0720257234726688,2085960.0,90238.57906224129
0.0015113889587597342,0.03739878120043409,0.9955555555555555,0.07208946817925818,2083980.0,90155.79137502823
0.001518065478386185,0.0374331550802139,0.9955555555555555,0.07215332581736189,2082000.0,90073.00368781516
0.001528863592961784,0.037467592205402696,0.9955555555555555,0.07221729668735391,2080020.0,89990.2160006021
0.0015356580438660346,0.037502092750711535,0.9955555555555555,0.0722813810906744,2078040.0,89907.42831338903
0.001544006157400872,0.0375366568914956,0.9955555555555555,0.07234557932983447,2076060.0,89824.64062617597
0.0015496517011997454,0.03757128480375713,0.9955555555555555,0.07240989170842088,2074080.0,89741.8529389629
0.0015618231527607601,0.03760597666414841,0.9955555555555555,0.07247431853110087,2072100.0,89659.06525174982
0.0015688801519559816,0.03764389547096882,0.9955555555555555,0.07254473321998219,2069940.0,89568.75141115376
0.0015770206505614668,0.03767872161480235,0.9955555555555555,0.07260940032414911,2067960.0,89485.9637239407
0.0015853071408323495,0.03771361225692398,0.9955555555555555,0.07267418282099115,2065980.0,89403.17603672763
0.0015919093331754784,0.03774856757667678,0.9955555555555555,0.07273908101964605,2064000.0,89320.38834951457
0.0015977292076941936,0.03778358775406933,0.9955555555555555,0.0728040952303567,2062020.0,89237.6006623015
0.0016069079021302855,0.03781867296977883,0.9955555555555555,0.07286922576447626,2060040.0,89154.81297508844
0.0016149495999345058,0.037853823405154204,0.9955555555555555,0.07293447293447293,2058060.0,89072.02528787537
0.001623391597397735,0.037889039242219216,0.9955555555555555,0.07299983705393515,2056080.0,88989.2376006623
0.0016277758603636201,0.03792432066367561,0.9955555555555555,0.07306531843757645,2054100.0,88906.44991344924
0.0016331351499862762,0.03795966785290629,0.9955555555555555,0.07313091740124061,2052120.0,88823.66222623616
0.0016409491249289878,0.037995080993978456,0.9955555555555555,0.0731966342619067,2050140.0,88740.8745390231
0.0016490098647691349,0.038030560271646856,0.9955555555555555,0.07326246933769419,2048160.0,88658.08685181003
0.0016566183648979386,0.038066105871356955,0.9955555555555555,0.07332842294786808,2046180.0,88575.29916459697
0.0016618930872237597,0.03810495874797993,0.9955555555555555,0.07340050790530024,2044020.0,88484.9853240009
0.0016677807861730893,0.03814064362336114,0.9955555555555555,0.07346671039685143,2042040.0,88402.19763678784
0.0016736322286248983,0.03817639539838091,0.9955555555555555,0.07353303241690604,2040060.0,88319.40994957477
0.0016812664491759413,0.03821221426134425,0.9955555555555555,0.07359947428946936,2038080.0,88236.6222623617
0.0016865923570865441,0.03824810040126355,0.9955555555555555,0.07366603633971881,2036100.0,88153.83457514863
0.001698956163992722,0.038284054007861903,0.9955555555555555,0.07373271889400922,2034120.0,88071.04688793558
0.0017037364321411343,0.03832007527157642,0.9955555555555555,0.0737995222798781,2032140.0,87988.2592007225
0.0017144749152894568,0.038356164383561646,0.9955555555555555,0.07386644682605112,2030160.0,87905.47151350944
0.0017229003666947903,0.03839232153569286,0.9955555555555555,0.0739334928624474,2028180.0,87822.68382629637
0.0017298545389330176,0.038428546920569566,0.9955555555555555,0.074000660720185,2026200.0,87739.89613908331
0.0017342827339095039,0.038464840731518846,0.9955555555555555,0.07406795073158634,2024220.0,87657.10845187024
0.0017407083154026605,0.03850120316259883,0.9955555555555555,0.07413536323018369,2022240.0,87574.32076465718
0.0017452614537321856,0.038540949759119064,0.9955555555555555,0.0742090442272652,2020080.0,87484.0069240611
0.0017535628956536016,0.038577456298975285,0.9955555555555555,0.07427671391859404,2018100.0,87401.21923684805
0.0017587434923734403,0.03861403206343734,0.9955555555555555,0.0743445071357451,2016120.0,87318.43154963497
0.001765692617999687,0.0386506772495902,0.9955555555555555,0.0744124242172577,2014140.0,87235.64386242192
0.0017721181076907342,0.0386873920552677,0.9955555555555555,0.07448046550290939,2012160.0,87152.85617520884
0.0017808966460574872,0.038724176679056095,0.9955555555555555,0.07454863133372161,2010180.0,87070.06848799578
0.0017915072206644786,0.03876103132029763,0.9955555555555555,0.07461692205196535,2008200.0,86987.28080078271
0.0017975937024561747,0.03879795617909414,0.9955555555555555,0.07468533800116696,2006220.0,86904.49311356965
0.001803580042883047,0.038834951456310676,0.9955555555555555,0.0747538795261138,2004240.0,86821.7054263566
0.0018150696639925067,0.038872017353579175,0.9955555555555555,0.07482254697286013,2002260.0,86738.91773914352
0.0018231932469804004,0.03890915407330207,0.9955555555555555,0.07489134068873286,2000280.0,86656.13005193046
0.0018324162201179715,0.038946361818656,0.9955555555555555,0.0749602610223375,1998300.0,86573.34236471739
0.001836302084218465,0.03898364079359554,0.9955555555555555,0.07502930832356389,1996320.0,86490.55467750433
0.001842311339491625,0.03902439024390244,0.9955555555555555,0.07510477787091366,1994160.0,86400.24083690826
0.0018463296722846074,0.03906181881593862,0.9955555555555555,0.07517409178622368,1992180.0,86317.45314969518
0.0018556458822479062,0.039099319252923724,0.9955555555555555,0.07524353375881761,1990200.0,86234.66546248212
0.0018608140609819323,0.03913689176203372,0.9955555555555555,0.07531310414390183,1988220.0,86151.87777526907
0.0018705765809425563,0.039174536551241694,0.9955555555555555,0.07538280329799764,1986240.0,86069.090088056
0.0018768008731378778,0.03921225382932166,0.9955555555555555,0.07545263157894737,1984260.0,85986.30240084293
0.0018848815623874172,0.03925004380585246,0.9955555555555555,0.07552258934592043,1982280.0,85903.51471362986
0.0018908188748286796,0.039287906691221605,0.9955555555555555,0.07559267695941956,1980300.0,85820.7270264168
0.0019008718276555452,0.03932584269662921,0.9955555555555555,0.07566289478128695,1978320.0,85737.93933920373
0.0019119518860337542,0.03936385203409191,0.9955555555555555,0.0757332431747105,1976340.0,85655.15165199067
0.0019170962859043068,0.03940193491644679,0.9955555555555555,0.07580372250423012,1974360.0,85572.3639647776
0.0019234704404438696,0.0394400915573554,0.9955555555555555,0.07587433313574392,1972380.0,85489.57627756454
0.0019281215292917605,0.03948180135718692,0.9955555555555555,0.07595151309654997,1970220.0,85399.26243696846
0.0019335476876673778,0.03952011291460833,0.9955555555555555,0.07602239945698286,1968240.0,85316.4747497554
0.0019411145538703845,0.03955849889624724,0.9955555555555555,0.07609341825902335,1966260.0,85233.68706254233
0.0019466244100871989,0.03959695951917978,0.9955555555555555,0.07616456987419246,1964280.0,85150.89937532927
0.0019605648630708107,0.039635495001327084,0.9955555555555555,0.07623585467540203,1962300.0,85068.1116881162
0.001967485561062933,0.03967410556145944,0.9955555555555555,0.07630727303696133,1960320.0,84985.32400090314
0.001976740862510088,0.03971279141920043,0.9955555555555555,0.07637882533458358,1958340.0,84902.53631369007
0.001983436404606289,0.03975155279503106,0.9955555555555555,0.07645051194539249,1956360.0,84819.74862647701
0.001992478322184596,0.03979038991029399,0.9955555555555555,0.07652233324792894,1954380.0,84736.96093926394
0.0020009028923502347,0.03982930298719772,0.9955555555555555,0.07659428962215763,1952400.0,84654.17325205088
0.002006560178128769,0.03986829224882086,0.9955555555555555,0.07666638144947377,1950420.0,84571.38556483781
0.00201192914050437,0.039907357919116336,0.9955555555555555,0.07673860911270983,1948440.0,84488.59787762475
0.002018740548824332,0.03994650022291574,0.9955555555555555,0.07681097299614231,1946460.0,84405.81019041168
0.00202356933651173,0.039989288583415154,0.9955555555555555,0.07689007122629365,1944300.0,84315.49634981561
0.0020309133519532604,0.040028591851322376,0.9955555555555555,0.0769627211819275,1942320.0,84232.70866260254
0.002038231987697038,0.04006797245326894,0.9955555555555555,0.07703550855472445,1940340.0,84149.92097538948
0.002045928253751856,0.04010743061772605,0.9955555555555555,0.07710843373493977,1938360.0,84067.13328817641
0.0020519976683286453,0.04014696657406577,0.9955555555555555,0.07718149711430787,1936380.0,83984.34560096335
0.0020566618600613424,0.040186580552565486,0.9955555555555555,0.07725469908604932,1934400.0,83901.55791375028
0.002063712292745811,0.04022627278441232,0.9955555555555555,0.07732804004487788,1932420.0,83818.77022653722
0.0020702581512122135,0.04026604350170771,0.9955555555555555,0.07740152038700761,1930440.0,83735.98253932415
0.0020772066308728677,0.04030589293747189,0.9955555555555555,0.07747514051015997,1928460.0,83653.19485211109
0.0020822348517229184,0.040345821325648415,0.9955555555555555,0.07754890081357106,1926480.0,83570.40716489802
0.0020893585498034987,0.040385828901108804,0.9955555555555555,0.07762280169799879,1924500.0,83487.61947768496
0.002096745956266358,0.0404259158996571,0.9955555555555555,0.07769684356573014,1922520.0,83404.83179047189
0.0021057228735211126,0.04046973803071364,0.9955555555555555,0.07777777777777778,1920360.0,83314.51794987582
0.002112130350287155,0.04050999186183199,0.9955555555555555,0.07785211573551135,1918380.0,83231.73026266275
0.0021281831333257208,0.04055032585083273,0.9955555555555555,0.07792659592972691,1916400.0,83148.94257544969
0.002137934640890749,0.04059074023738335,0.9955555555555555,0.07800121876904327,1914420.0,83066.15488823662
0.002145310099779587,0.04063123526210775,0.9955555555555555,0.07807598466364588,1912440.0,82983.36720102356
0.002154792001683941,0.040671811166591014,0.9955555555555555,0.07815089402529438,1910460.0,82900.57951381049
0.0021628952010103596,0.04071246819338423,0.9955555555555555,0.07822594726733019,1908480.0,82817.79182659743
0.0021690450067361057,0.040753206586009276,0.9955555555555555,0.07830114480468409,1906500.0,82735.00413938436
0.0021778522828450934,0.04079402658896376,0.9955555555555555,0.07837648705388384,1904520.0,82652.21645217128
0.0021864049744835497,0.04083492844772582,0.9955555555555555,0.0784519744330619,1902540.0,82569.42876495823
0.0021940624064441454,0.040875912408759124,0.9955555555555555,0.0785276073619632,1900560.0,82486.64107774515
0.0022049192641909027,0.040916978719517764,0.9955555555555555,0.0786033862619528,1898580.0,82403.8533905321
0.002213399623909023,0.040958127628451274,0.9955555555555555,0.07867931155602388,1896600.0,82321.06570331904
0.0022177918515669786,0.041003111843309535,0.9955555555555555,0.07876230661040788,1894440.0,82230.75186272296
0.002225752022388708,0.04104443426477325,0.9955555555555555,0.07883853937527496,1892460.0,82147.9641755099
0.0022334953274228877,0.041085840058694055,0.9955555555555555,0.07891491985203453,1890480.0,82065.17648829683
0.002245500907051004,0.0411273294776462,0.9955555555555555,0.07899144847042229,1888500.0,81982.38880108375
0.0022589987575310135,0.04116890277522514,0.9955555555555555,0.07906812566184257,1886520.0,81899.6011138707
0.0022675566139024887,0.0412105602060528,0.9955555555555555,0.07914495185937638,1884540.0,81816.81342665764
0.002276333533910402,0.041252302025782686,0.9955555555555555,0.07922192749778957,1882560.0,81734.02573944457
0.0022837338190478036,0.04129412849110517,0.9955555555555555,0.07929905301354102,1880580.0,81651.2380522315
0.002291667135696165,0.04133603985975272,0.9955555555555555,0.07937632884479093,1878600.0,81568.45036501843
0.002299512719697824,0.04137803639050522,0.9955555555555555,0.07945375543140906,1876620.0,81485.66267780538
0.002307193095355303,0.04142011834319527,0.9955555555555555,0.07953133321498314,1874640.0,81402.87499059232
0.002314527422320484,0.041462285978713556,0.9955555555555555,0.0796090626388272,1872660.0,81320.08730337924
0.0023277201040970007,0.04150838506439359,0.9955555555555555,0.07969403184203504,1870500.0,81229.77346278317
0.0023315466506750927,0.04155073270265257,0.9955555555555555,0.07977207977207977,1868520.0,81146.98577557011
0.002345047022446155,0.0415931668368768,0.9955555555555555,0.07985028072364317,1866540.0,81064.19808835704
0.0023535145959840556,0.041635687732342004,0.9955555555555555,0.07992863514719001,1864560.0,80981.41040114398
0.002359189108670707,0.04167829565540981,0.9955555555555555,0.08000714349495491,1862580.0,80898.62271393092
0.002366926361234485,0.041720990873533245,0.9955555555555555,0.08008580622095102,1860600.0,80815.83502671785
0.00237778452833949,0.041763773655262425,0.9955555555555555,0.0801646237809788,1858620.0,80733.04733950479
0.0023890122745890254,0.04180664427025009,0.9955555555555555,0.08024359663263478,1856640.0,80650.25965229172
0.00239662025057323,0.041849602989257356,0.9955555555555555,0.08032272523532048,1854660.0,80567.47196507866
0.0024060212106808,0.04189265008415934,0.9955555555555555,0.08040201005025126,1852680.0,80484.68427786558
0.002412432031671669,0.04193578582795095,0.9955555555555555,0.08048145154046528,1850700.0,80401.89659065253
0.0024214998622043775,0.041979010494752625,0.9955555555555555,0.08056105017083258,1848720.0,80319.10890343945
0.002430966537776242,0.04202232435981615,0.9955555555555555,0.08064080640806408,1846740.0,80236.3212162264
0.002438663662308891,0.042069677904028546,0.9955555555555555,0.08072799351292909,1844580.0,80146.00737563032
0.002444079686321812,0.04211317916901673,0.9955555555555555,0.08080808080808081,1842600.0,80063.21968841726
0.002451308812611858,0.042156770490260655,0.9955555555555555,0.08088832716439469,1840620.0,79980.43200120419
0.0024621776345723546,0.04220045214770158,0.9955555555555555,0.0809687330562082,1838640.0,79897.64431399113
0.0024748066649335734,0.042244224422442245,0.9955555555555555,0.08104929895974672,1836660.0,79814.85662677806
0.00248338906361593,0.04228808759675288,0.9955555555555555,0.08113002535313292,1834680.0,79732.068939565
0.0024970305149279244,0.0423320419540773,0.9955555555555555,0.08121091271639627,1832700.0,79649.28125235192
0.0025107943080279627,0.04237608777903897,0.9955555555555555,0.08129196153148249,1830720.0,79566.49356513887
0.0025249235672337444,0.04242022535744721,0.9955555555555555,0.08137317228226319,1828740.0,79483.7058779258
0.0025303564217576302,0.042464454976303315,0.9955555555555555,0.08145454545454546,1826760.0,79400.91819071272
0.002538043229443219,0.042508776923806814,0.9955555555555555,0.08153608153608154,1824780.0,79318.13050349966
0.0025454399526126654,0.0425531914893617,0.9955555555555555,0.08161778101657861,1822800.0,79235.34281628659
0.0025536954527327774,0.04260174971472042,0.9955555555555555,0.08170709465621011,1820640.0,79145.02897569053
0.0025591301212033453,0.04264635887672537,0.9955555555555555,0.0817891373801917,1818660.0,79062.24128847747
0.00256931538983497,0.04269106155898609,0.9955555555555555,0.08187134502923976,1816680.0,78979.4536012644
0.0025783830782256448,0.04273585805590003,0.9955555555555555,0.08195371810116162,1814700.0,78896.66591405134
0.002586029890163405,0.0427807486631016,0.9955555555555555,0.08203625709577,1812720.0,78813.87822683826
0.002593214792614544,0.04282573367746869,0.9955555555555555,0.08211896251489323,1810740.0,78731.09053962519
0.002600070915095963,0.042870813397129184,0.9955555555555555,0.08220183486238532,1808760.0,78648.30285241213
0.0026097089731039746,0.042915988121467574,0.9955555555555555,0.08228487464413628,1806780.0,78565.51516519906
0.002616931901921691,0.04296125815113157,0.9955555555555555,0.08236808236808237,1804800.0,78482.727477986
0.0026292105082297698,0.04300662378803878,0.9955555555555555,0.08245145854421644,1802820.0,78399.93979077293
0.0026374360334329443,0.04305208533538343,0.9955555555555555,0.08253500368459837,1800840.0,78317.15210355987
0.0026448683536553397,0.0430976430976431,0.9955555555555555,0.0826187183033656,1798860.0,78234.3644163468
0.0026507265356399802,0.04314329738058552,0.9955555555555555,0.08270260291674358,1796880.0,78151.57672913374
0.0026558988074610115,0.04319321249517933,0.9955555555555555,0.08279430789133248,1794720.0,78061.26288853766
0.0026680351076712816,0.04323906958787762,0.9955555555555555,0.08287854962538156,1792740.0,77978.4752013246
0.0026769674526691926,0.043285024154589374,0.9955555555555555,0.08296296296296296,1790760.0,77895.68751411153
0.0026897246774173736,0.043331076506431955,0.9955555555555555,0.08304754842895541,1788780.0,77812.89982689847
0.0026984095393154635,0.043377226955848176,0.9955555555555555,0.08313230655038041,1786800.0,77730.1121396854
0.0027068344393753074,0.043423475816613356,0.9955555555555555,0.08321723785641312,1784820.0,77647.32445247234
0.0027176213083501756,0.04346982340384242,0.9955555555555555,0.08330234287839346,1782840.0,77564.53676525927
0.00272390923360074,0.043516270033997086,0.9955555555555555,0.08338762214983714,1780860.0,77481.74907804621
0.0027326974920272532,0.043562816024893036,0.9955555555555555,0.08347307620644681,1778880.0,77398.96139083314
0.0027490453751957532,0.043609461695707195,0.9955555555555555,0.08355870558612329,1776900.0,77316.17370362008
0.0027585304642934526,0.04365620736698499,0.9955555555555555,0.08364451082897685,1774920.0,77233.386016407
0.0027661028634754937,0.04370305336064774,0.9955555555555555,0.08373049247733856,1772940.0,77150.59832919395
0.002772953719580868,0.043754272878210765,0.9955555555555555,0.08382449246889326,1770780.0,77060.28448859787
0.002779678992862633,0.04380132968322253,0.9955555555555555,0.08391084472747705,1768800.0,76977.49680138481
0.002788289042533612,0.043848487814426934,0.9955555555555555,0.08399737508202869,1766820.0,76894.70911417174
0.0027968850134938972,0.0438957475994513,0.9955555555555555,0.08408408408408409,1764840.0,76811.92142695868
0.0028023311759356228,0.04394310936733693,0.9955555555555555,0.0841709722874589,1762860.0,76729.13373974561
0.0028073266044684668,0.04399057344854674,0.9955555555555555,0.0842580402482603,1760880.0,76646.34605253255
0.002815873049483017,0.04403814017497297,0.9955555555555555,0.08434528852489881,1758900.0,76563.55836531948
0.0028236778468186466,0.04408580987994489,0.9955555555555555,0.08443271767810026,1756920.0,76480.77067810642
0.0028339337430518365,0.04413358289823663,0.9955555555555555,0.08452032827091784,1754940.0,76397.98299089336
0.0028411544005263072,0.04418145956607495,0.9955555555555555,0.0846081208687441,1752960.0,76315.19530368029
0.0028466852802346318,0.0442294402211472,0.9955555555555555,0.08469609603932318,1750980.0,76232.40761646723
0.002852360916602566,0.04427752520260921,0.9955555555555555,0.08478425435276306,1749000.0,76149.61992925416
0.002863893775779609,0.0443257148510933,0.9955555555555555,0.08487259638154779,1747020.0,76066.8322420411
0.0028742404504505025,0.044378405151064886,0.9955555555555555,0.08496917970602182,1744860.0,75976.51840144502
0.0028838843620733225,0.044426814756049184,0.9955555555555555,0.08505790772735902,1742880.0,75893.73071423195
0.002890060577254277,0.04447533009034051,0.9955555555555555,0.08514682124869334,1740900.0,75810.94302701889
0.002897173685304121,0.044523951500695685,0.9955555555555555,0.0852359208523592,1738920.0,75728.15533980583
0.002907384915572957,0.04457267933538951,0.9955555555555555,0.08532520712313113,1736940.0,75645.36765259276
0.0029226099874762944,0.04462151394422311,0.9955555555555555,0.08541468064823642,1734960.0,75562.5799653797
0.0029313431870896297,0.044670455678532256,0.9955555555555555,0.08550434201736808,1732980.0,75479.79227816663
0.0029420120115948587,0.044719504891195846,0.9955555555555555,0.08559419182269774,1731000.0,75397.00459095357
0.0029463088939272637,0.0445688018387129,0.9911111111111112,0.08530171177201874,1737780.0,75314.2169037405
0.002955229508547982,0.04451780712284914,0.9888888888888889,0.08520007658433851,1740180.0,75231.42921652744
0.0029607657163005304,0.04456685027541312,0.9888888888888889,0.08528988979396263,1738200.0,75148.64152931437
0.002972154340485289,0.04461600160417085,0.9888888888888889,0.08537989255564082,1736220.0,75065.8538421013
0.002980955945524804,0.04466974503111825,0.9888888888888889,0.08547829427583557,1734060.0,74975.54000150523
0.0029871108941972708,0.044719123706160185,0.9888888888888889,0.0855686953177579,1732080.0,74892.75231429217
0.0029962700765826305,0.04476861167002012,0.9888888888888889,0.08565928777670838,1730100.0,74809.9646270791
0.003003612829601207,0.044818209285930104,0.9888888888888889,0.08575007226129686,1728120.0,74727.17693986604
0.003012690491186943,0.04486791691873362,0.9888888888888889,0.08584104938271606,1726140.0,74644.38925265297
0.0030328582502397116,0.04491773493489452,0.9888888888888889,0.08593221975475523,1724160.0,74561.60156543991
0.0030412978963200708,0.044967663702506065,0.9888888888888889,0.08602358399381403,1722180.0,74478.81387822684
0.0030551465084026116,0.04501770359129995,0.9888888888888889,0.08611514271891631,1720200.0,74396.02619101378
0.0030670504529149416,0.04506785497265546,0.9888888888888889,0.08620689655172414,1718220.0,74313.2385038007
0.0030768795594326792,0.045118118219608636,0.9888888888888889,0.08629884611655192,1716240.0,74230.45081658765
0.003083860720311604,0.04516849370686155,0.9888888888888889,0.0863909920403805,1714260.0,74147.66312937457
0.003095556804442708,0.045218981810791585,0.9888888888888889,0.08648333495287144,1712280.0,74064.87544216152
0.00310847054791643,0.045269582909460836,0.9888888888888889,0.08657587548638132,1710300.0,73982.08775494844
0.003117190710844047,0.045324913424322676,0.9888888888888889,0.08667705492793144,1708140.0,73891.77391435238
0.0031280726136270246,0.04537575201386765,0.9888888888888889,0.08677001072438335,1706160.0,73808.9862271393
0.003139858802195421,0.045426704777460185,0.9888888888888889,0.08686316611360531,1704180.0,73726.19853992625
0.0031545801218876355,0.045477772100153295,0.9888888888888889,0.08695652173913043,1702200.0,73643.41085271318
0.0031742805837364145,0.045528954368733374,0.9888888888888889,0.08705007824726134,1700220.0,73560.62316550012
0.003182548913463167,0.045580251971730004,0.9888888888888889,0.0871438362870851,1698240.0,73477.83547828704
0.003188754411589564,0.04563166529942576,0.9888888888888889,0.08723779651048814,1696260.0,73395.04779107399
0.003199486245488611,0.04568319474386613,0.9888888888888889,0.08733195957217152,1694280.0,73312.26010386091
0.0032131643595330723,0.045734840698869475,0.9888888888888889,0.08742632612966601,1692300.0,73229.47241664786
0.0032185831375956655,0.04578660356003704,0.9888888888888889,0.08752089684334743,1690320.0,73146.68472943478
0.003223055845898605,0.04573547589616811,0.9866666666666667,0.0874187832250443,1692720.0,73063.89704222172
0.003230696218372808,0.04578735691450964,0.9866666666666667,0.08751355080319306,1690740.0,72981.10935500865
0.0032408289489736894,0.04584408879710893,0.9866666666666667,0.08761716822890972,1688580.0,72890.79551441259
0.0032495811185724683,0.045896216663221,0.9866666666666667,0.08771236665349665,1686600.0,72808.00782719952
0.0032628890068879786,0.04594846321018317,0.9866666666666667,0.08780777217442895,1684620.0,72725.22013998646
0.0032784506820335525,0.04600082884376295,0.9866666666666667,0.08790338546822411,1682640.0,72642.43245277338
0.003288959059224306,0.04605331397157971,0.9866666666666667,0.08799920721434942,1680660.0,72559.64476556033
0.0032953663782249137,0.04610591900311527,0.9866666666666667,0.0880952380952381,1678680.0,72476.85707834725
0.0033067629880132103,0.046158644349724505,0.9866666666666667,0.0881914787963055,1676700.0,72394.06939113418
0.0033127996177016706,0.04621149042464613,0.9866666666666667,0.0882879300059654,1674720.0,72311.28170392112
0.0033254399495916253,0.04626445764301344,0.9866666666666667,0.08838459241564646,1672740.0,72228.49401670805
0.003336898655700304,0.04631754642186522,0.9866666666666667,0.0884814667198087,1670760.0,72145.70632949499
0.0033446881586287956,0.04637075718015666,0.9866666666666667,0.0885785536159601,1668780.0,72062.91864228192
0.0033538686365635804,0.04642409033877039,0.9866666666666667,0.08867585380467345,1666800.0,71980.13095506886
0.003360597485358654,0.046477546320527585,0.9866666666666667,0.08877336798960311,1664820.0,71897.3432678558
0.003367036122989507,0.0465360025154596,0.9866666666666667,0.08887999199279352,1662660.0,71807.02942725972
0.003374945403874792,0.0465897166841553,0.9866666666666667,0.08897795591182364,1660680.0,71724.24174004665
0.003382258370676583,0.04664355499527261,0.9866666666666667,0.08907613602166717,1658700.0,71641.4540528336
0.0033934270245985177,0.04669751787968027,0.9866666666666667,0.0891745330387628,1656720.0,71558.66636562052
0.0034033611888254255,0.04675160577024323,0.9866666666666667,0.0892731476827184,1654740.0,71475.87867840746
0.003413811697275777,0.04680581910183428,0.9866666666666667,0.0893719806763285,1652760.0,71393.0909911944
0.003421222576958523,0.04686015831134565,0.9866666666666667,0.08947103274559194,1650780.0,71310.30330398133
0.0034304023227824387,0.04691462383770076,0.9866666666666667,0.08957030461972967,1648800.0,71227.51561676827
0.003439808655349303,0.046969216121866074,0.9866666666666667,0.08966979703120266,1646820.0,71144.7279295552
0.0034459657590217596,0.04702393560686295,0.9866666666666667,0.08976951071572989,1644840.0,71061.94024234214
0.0034569591343169837,0.04707878273777966,0.9866666666666667,0.08986944641230644,1642860.0,70979.15255512908
0.0034665352726108707,0.04713375796178344,0.9866666666666667,0.08996960486322189,1640880.0,70896.36486791601
0.003477291164561211,0.047193877551020405,0.9866666666666667,0.09007912355447352,1638720.0,70806.05102731993
0.0034876941667052143,0.04724912206023199,0.9866666666666667,0.0901797501777191,1636740.0,70723.26334010687
0.0034981410751760054,0.04730449605795866,0.9866666666666667,0.09028060187067914,1634760.0,70640.4756528938
0.003507719878772147,0.04736,0.9866666666666667,0.09038167938931298,1632780.0,70557.68796568074
0.00352317390940111,0.04741563434429731,0.9866666666666667,0.09048298349296922,1630800.0,70474.90027846768
0.0035397931655101592,0.047364481984390035,0.9844444444444445,0.09038049576660206,1633200.0,70392.11259125461
0.0035580819577734914,0.04742025262256476,0.9844444444444445,0.09048202614379085,1631220.0,70309.32490404155
0.0035701898376431277,0.04736898510341871,0.9822222222222222,0.09037930681934363,1633620.0,70226.53721682848
0.0035757940119966174,0.04742489270386266,0.9822222222222222,0.09048106448311156,1631640.0,70143.74952961542
0.0035811138278180545,0.04737350950692878,0.98,0.09037811251152782,1634040.0,70060.96184240235
0.0035963293417181417,0.047429554742955474,0.98,0.09048009848173984,1632060.0,69978.17415518929
0.003613334728743693,0.04748573274469689,0.98,0.0905823148813803,1630080.0,69895.38646797622
0.003628811193570362,0.04754204398447607,0.98,0.09068476249228871,1628100.0,69812.59878076315
0.00364390480443656,0.047603626943005184,0.98,0.09079678814082767,1625940.0,69722.28494016708
0.003652215913666965,0.04766021830757592,0.98,0.09089972173554571,1623960.0,69639.49725295402
0.0036611106971670393,0.047716944384332396,0.98,0.09100288898060256,1621980.0,69556.70956574095
0.003667511797579426,0.04777380565485863,0.98,0.0911062906724512,1620000.0,69473.9218785279
0.00367598019063274,0.047830802603036876,0.98,0.09120992761116856,1618020.0,69391.13419131482
0.003686250908095212,0.04788793571506135,0.98,0.09131380060047624,1616040.0,69308.34650410176
0.0036947723385356095,0.04794520547945205,0.98,0.0914179104477612,1614060.0,69225.55881688869
0.0037047462207865016,0.04800261238706868,0.98,0.09152225796409671,1612080.0,69142.77112967562
0.003714771126556006,0.04806015693112467,0.98,0.09162684396426345,1610100.0,69059.98344246256
0.003724531071497043,0.04811783960720131,0.98,0.09173166926677068,1608120.0,68977.19575524949
0.0037418296277991776,0.04817566091326196,0.98,0.09183673469387756,1606140.0,68894.40806803643
0.0037534464203136876,0.04823362134966641,0.98,0.09194204107161472,1604160.0,68811.62038082335
0.0037695381726287665,0.04829701018508378,0.98,0.09205719653480847,1602000.0,68721.30654022729
0.003783072828464621,0.048355263157894735,0.98,0.09216300940438872,1600020.0,68638.51885301423
0.0037989735120457645,0.04841365682292238,0.98,0.09226906580186212,1598040.0,68555.73116580116
0.003809913321690268,0.04836227742360959,0.9777777777777777,0.09216589861751152,1600440.0,68472.94347858809
0.003823784520481731,0.04842082095300979,0.9777777777777777,0.0922722029988466,1598460.0,68390.15579137503
0.00383391396326833,0.04847950639048039,0.9777777777777777,0.09237875288683603,1596480.0,68307.36810416196
0.003846547993358292,0.04853833425261997,0.9777777777777777,0.09248554913294797,1594500.0,68224.5804169489
0.003856661309862872,0.04859730505853766,0.9777777777777777,0.09259259259259259,1592520.0,68141.79272973583
0.003867815851793608,0.04865641932986841,0.9777777777777777,0.09269988412514485,1590540.0,68059.00504252277
0.0038855821902969117,0.048715677590788306,0.9777777777777777,0.09280742459396751,1588560.0,67976.2173553097
0.0039001288100186026,0.04877508036803015,0.9777777777777777,0.09291521486643438,1586580.0,67893.42966809664
0.003910626008116337,0.048834628190899,0.9777777777777777,0.09302325581395349,1584600.0,67810.64198088356
0.003917829366918292,0.04889432159128792,0.9777777777777777,0.09313154831199069,1582620.0,67727.8542936705
0.003932819193976321,0.04895960832313342,0.9777777777777777,0.09324997350853026,1580460.0,67637.54045307443
0.003946176199374279,0.049019607843137254,0.9777777777777777,0.09335879482283047,1578480.0,67554.75276586137
0.003962178131072901,0.049079754601226995,0.9777777777777777,0.09346787041954328,1576500.0,67471.9650786483
0.003976198967907014,0.04902836721018539,0.9755555555555555,0.09336452573373033,1578900.0,67389.17739143524
0.003986915827151144,0.04908867270490887,0.9755555555555555,0.0934738635153838,1576920.0,67306.38970422217
0.004000015689035164,0.04914912673533363,0.9755555555555555,0.09358345768492858,1574940.0,67223.6020170091
0.004007073137897987,0.049209729850913576,0.9755555555555555,0.0936933091452353,1572960.0,67140.81432979603
0.004021189843862248,0.04927048260381594,0.9755555555555555,0.0938034188034188,1570980.0,67058.02664258298
0.0040350507374481434,0.04933138554893808,0.9755555555555555,0.09391378757086319,1569000.0,66975.2389553699
0.0040462429043745035,0.04939243924392439,0.9755555555555555,0.09402441636324695,1567020.0,66892.45126815684
0.004065326519957103,0.04945364424918328,0.9755555555555555,0.09413530610056824,1565040.0,66809.66358094377
0.004074667412639113,0.04951500112790436,0.9755555555555555,0.09424645770717045,1563060.0,66726.87589373071
0.004086907713166524,0.04958210978088999,0.9755555555555555,0.09436801375752364,1560900.0,66636.56205313464
0.004102393034689949,0.04964378604545969,0.9755555555555555,0.09447971591520499,1558920.0,66553.77436592158
0.004117837764315517,0.049705615942028984,0.9755555555555555,0.09459168282697694,1556940.0,66470.9866787085
0.004127246577130265,0.04976760004534633,0.9755555555555555,0.09470391543522813,1554960.0,66388.19899149545
0.004145224135776006,0.049829738933030644,0.9755555555555555,0.09481641468682506,1552980.0,66305.41130428237
0.004160325836109043,0.04989203318558927,0.9755555555555555,0.09492918153313872,1551000.0,66222.62361706932
0.004181254837620964,0.04995448338643605,0.9755555555555555,0.09504221693007145,1549020.0,66139.83592985624
0.004192378479960526,0.05001709012190954,0.9755555555555555,0.09515552183808389,1547040.0,66057.04824264318
0.004202674547584519,0.050079853981291354,0.9755555555555555,0.09526909722222222,1545060.0,65974.26055543013
0.0042153701763248145,0.050028555111364933,0.9733333333333334,0.09516567083107007,1547460.0,65891.47286821705
0.004235247636399988,0.05009149130832571,0.9733333333333334,0.09527953012834457,1545480.0,65808.685181004
0.004256142316639566,0.05015458605290278,0.9733333333333334,0.09539366220189481,1543500.0,65725.89749379092
0.004270738547280483,0.05021783994496675,0.9733333333333334,0.09550806803314435,1541520.0,65643.10980657786
0.004279316181932478,0.05028702640642939,0.9733333333333334,0.09563318777292576,1539360.0,65552.79596598179
0.004288718498562434,0.05035061501321991,0.9733333333333334,0.09574816919881954,1537380.0,65470.00827876872
0.0043058435087708034,0.05029926335174954,0.9711111111111111,0.09564456117312323,1539780.0,65387.22059155565
0.004320650664913191,0.05036302869655411,0.9711111111111111,0.0957598334611592,1537800.0,65304.43290434259
0.004326599333374431,0.05042695591968613,0.9711111111111111,0.0958753839403247,1535820.0,65221.64521712952
0.0043429249572893,0.05049104563835933,0.9711111111111111,0.09599121361889072,1533840.0,65138.85752991646
0.004377550118772711,0.0505552984729292,0.9711111111111111,0.0961073235100066,1531860.0,65056.06984270339
0.00439197832250102,0.05061971504691301,0.9711111111111111,0.0962237146317296,1529880.0,64973.28215549033
0.00440334238760106,0.05068429598700997,0.9711111111111111,0.09634038800705468,1527900.0,64890.49446827726
0.004411915374497435,0.05074904192312159,0.9711111111111111,0.09645734466394437,1525920.0,64807.706781064204
0.004427677102272274,0.05081986277474125,0.9711111111111111,0.09658525803956239,1523760.0,64717.39294046812
0.004437089008239679,0.05088495575221239,0.9711111111111111,0.09670281035627351,1521780.0,64634.60525325506
0.0044449111526178005,0.050956156716417914,0.9711111111111111,0.0968313760248172,1519620.0,64544.291412659
0.00445551591663273,0.05102159953298307,0.9711111111111111,0.09694952856350526,1517640.0,64461.503725445924
0.004472708572035419,0.05108721066167875,0.9711111111111111,0.09706796979120391,1515660.0,64378.716038232866
0.004490783097579792,0.051152990752663,0.9711111111111111,0.09718670076726342,1513680.0,64295.92835101979
0.004511914683846017,0.05121894045944679,0.9711111111111111,0.09730572255622356,1511700.0,64213.140663806735
0.004530109378946207,0.05128506043891562,0.9711111111111111,0.09742503622784528,1509720.0,64130.35297659366
0.004551975068711949,0.051351351351351354,0.9711111111111111,0.09754464285714286,1507740.0,64047.56528938059
0.004564922155861767,0.05141781386045417,0.9711111111111111,0.09766454352441614,1505760.0,63964.77760216753
0.004579982539507137,0.05148444863336475,0.9711111111111111,0.09778473931528306,1503780.0,63881.989914954465
0.004597648899443905,0.051551256340686566,0.9711111111111111,0.09790523132071245,1501800.0,63799.2022277414
0.004607518260754174,0.05161823765650839,0.9711111111111111,0.09802602063705698,1499820.0,63716.414540528334
0.00461904166820493,0.051685393258426963,0.9711111111111111,0.09814710836608646,1497840.0,63633.626853315276
0.004637586309197328,0.051752723827569874,0.9711111111111111,0.09826849561502136,1495860.0,63550.8391661022
0.004656149138856314,0.05182637571157495,0.9711111111111111,0.09840126097725738,1493700.0,63460.52532550613
0.004670581087333598,0.05189407433796461,0.9711111111111111,0.09852327809717056,1491720.0,63377.73763829307
0.004681153222953145,0.05196195005945303,0.9711111111111111,0.09864559819413092,1489740.0,63294.94995108
0.004696382769513816,0.05203000357185379,0.9711111111111111,0.09876822239801107,1487760.0,63212.162263866936
0.0047053771899074285,0.052098235574630426,0.9711111111111111,0.09889115184430866,1485780.0,63129.37457665387
0.0047141532479765555,0.05216664677092038,0.9711111111111111,0.09901438767418148,1483800.0,63046.586889440805
0.004737889082553199,0.05223523786755917,0.9711111111111111,0.09913793103448276,1481820.0,62963.79920222775
0.004751539838734587,0.052304009575104726,0.9711111111111111,0.0992617830777967,1479840.0,62881.011515014674
0.004763725269241521,0.052372962607861936,0.9711111111111111,0.09938594496247441,1477860.0,62798.223827801616
0.00477502555320213,0.05232209288371535,0.9688888888888889,0.09928270522600478,1480260.0,62715.43614058854
0.004785292717537719,0.05239125210285989,0.9688888888888889,0.09940720474236206,1478280.0,62632.648453375485
0.004801501756524014,0.05246059439297317,0.9688888888888889,0.09953201689304873,1476300.0,62549.86076616241
0.0048102419140591875,0.05253645017471985,0.9688888888888889,0.09966853354669106,1474140.0,62459.54692556635
0.0048224741440033,0.052606177606177605,0.9688888888888889,0.0997940032043946,1472160.0,62376.759238353276
0.004835676513938933,0.052676090370907334,0.9688888888888889,0.09991978916007792,1470180.0,62293.97155114022
0.004848378176151178,0.052746189208807165,0.9688888888888889,0.10004589261128959,1468200.0,62211.183863927145
0.00485765433404056,0.05281647486371896,0.9688888888888889,0.10017231476163124,1466220.0,62128.396176714086
0.004869122164157796,0.052886948083454635,0.9688888888888889,0.10029905682079596,1464240.0,62045.60848950101
0.00488324548323968,0.05295760961982267,0.9688888888888889,0.1004261200046067,1462260.0,61962.820802287955
0.004910292284748706,0.05302846022865483,0.9688888888888889,0.10055350553505535,1460280.0,61880.03311507488
0.004927470385571307,0.05309950066983315,0.9688888888888889,0.10068121464034176,1458300.0,61797.245427861824
0.004937937704046749,0.05317073170731707,0.9688888888888889,0.1008092485549133,1456320.0,61714.45774064875
0.004956694914494612,0.05324215410917084,0.9688888888888889,0.10093760851950458,1454340.0,61631.67005343569
0.004977150896845994,0.053313768647591096,0.9688888888888889,0.10106629578117757,1452360.0,61548.88236622262
0.00499229227715252,0.05338557609893474,0.9688888888888889,0.10119531159336195,1450380.0,61466.094679009555
0.0050122509255780935,0.05346413243408952,0.9688888888888889,0.10133643230679837,1448220.0,61375.780838413484
0.005022010000098262,0.05353634577603143,0.9688888888888889,0.1014661391668606,1446240.0,61292.993151200426
0.005040203875547979,0.05360875445714988,0.9688888888888889,0.10159617849236864,1444260.0,61210.20546398735
0.0050531304601614665,0.05368135927111549,0.9688888888888889,0.10172655156322911,1442280.0,61127.417776774295
0.005070043914274518,0.05375416101590433,0.9688888888888889,0.10185725966592687,1440300.0,61044.63008956122
0.005081262715459224,0.05382716049382716,0.9688888888888889,0.10198830409356725,1438320.0,60961.842402348164
0.005097907564700237,0.05390035851155891,0.9688888888888889,0.10211968614591872,1436340.0,60879.05471513509
0.0051174657528216365,0.05397375588016836,0.9688888888888889,0.1022514071294559,1434360.0,60796.267027922026
0.005128192648980327,0.05404735341514814,0.9688888888888889,0.10238346835740283,1432380.0,60713.47934070897
0.005138611916851812,0.053997020854021846,0.9666666666666667,0.1022807430049377,1434780.0,60630.691653495895
0.005153778057593756,0.054070851460534496,0.9666666666666667,0.10241318422601531,1432800.0,60547.903966282836
0.005170140888351284,0.05414488424197162,0.9666666666666667,0.10254596888260255,1430820.0,60465.11627906976
0.005182803579139009,0.054225878833208674,0.9666666666666667,0.10269121813031161,1428660.0,60374.80243847369
0.00519998200580987,0.05430033703657471,0.9666666666666667,0.10282472520978608,1426680.0,60292.01475126063
0.005212710261525101,0.054375,0.9666666666666667,0.10295857988165681,1424700.0,60209.22706404757
0.005221111985450538,0.054449868569282765,0.9666666666666667,0.10309278350515463,1422720.0,60126.439376834496
0.005240212855112533,0.05452494359488594,0.9666666666666667,0.10322733744660655,1420740.0,60043.65168962144
0.005260135601979281,0.05460022593196937,0.9666666666666667,0.103362243079482,1418760.0,59960.864002408365
0.005268204536966951,0.05455002513826043,0.9644444444444444,0.1032595764929812,1421160.0,59878.07631519531
0.005287847153545851,0.05462555066079295,0.9644444444444444,0.103394877903514,1419180.0,59795.288627982234
0.005301888675081896,0.05470128560625157,0.9644444444444444,0.10353053435114504,1417200.0,59712.500940769176
0.00531390133324076,0.05477723084690143,0.9644444444444444,0.10366654723516064,1415220.0,59629.7132535561
0.005332739480533903,0.054853387259858444,0.9644444444444444,0.10380291796221,1413240.0,59546.925566343045
0.005350330516594475,0.05492975572712315,0.9644444444444444,0.10393964794635373,1411260.0,59464.13787912997
0.0053653706812628234,0.0550063371356147,0.9644444444444444,0.1040767386091127,1409280.0,59381.350191916914
0.005380663904074949,0.05509012439705509,0.9644444444444444,0.1042267050912584,1407120.0,59291.036351320836
0.005391913807133914,0.05516715393415533,0.9644444444444444,0.10436455452687267,1405140.0,59208.24866410778
0.005401978819762502,0.05524439918533605,0.9644444444444444,0.1045027690825909,1403160.0,59125.460976894705
0.005411917411086332,0.055321861057998724,0.9644444444444444,0.10464135021097046,1401180.0,59042.67328968165
0.005422649836868328,0.05539954046464131,0.9644444444444444,0.10478029937228392,1399200.0,58959.885602468574
0.0054411592332095715,0.05547743832289403,0.9644444444444444,0.10491961803457028,1397220.0,58877.097915255516
0.0054684920883533465,0.05555555555555555,0.9644444444444444,0.10505930767368676,1395240.0,58794.31022804244
0.005490615025198047,0.055633893090629404,0.9644444444444444,0.1051993697733608,1393260.0,58711.522540829385
0.005502326192864709,0.05571245186136072,0.9644444444444444,0.10533980582524272,1391280.0,58628.73485361632
0.005513248766947404,0.0557912328062733,0.9644444444444444,0.10548061732895857,1389300.0,58545.94716640325
0.0055218050582200645,0.055870236869207,0.9644444444444444,0.10562180579216354,1387320.0,58463.15947919019
0.00553447246465783,0.05594946499935542,0.9644444444444444,0.10576337273059583,1385340.0,58380.37179197712
0.00555168641805708,0.05603615235635894,0.9644444444444444,0.1059182428309945,1383180.0,58290.057951381044
0.005564137941046479,0.05611585208171709,0.9644444444444444,0.10606060606060606,1381200.0,58207.270264167986
0.005574791622220049,0.05619577884241875,0.9644444444444444,0.10620335250214119,1379220.0,58124.48257695491
0.005601473886556352,0.05627593360995851,0.9644444444444444,0.10634648370497427,1377240.0,58041.694889741855
0.005618097323035652,0.056356317361381636,0.9644444444444444,0.10649000122684334,1375260.0,57958.90720252879
0.005633963741117932,0.0564369310793238,0.9644444444444444,0.10663390663390664,1373280.0,57876.119515315724
0.005644051842325057,0.056517775752051046,0.9644444444444444,0.10677820150079961,1371300.0,57793.33182810266
0.005657480688397754,0.056598852373500264,0.9644444444444444,0.1069228874106923,1369320.0,57710.544140889586
0.0056811019966096915,0.05668016194331984,0.9644444444444444,0.10706796595534723,1367340.0,57627.75645367653
0.00569953165657484,0.056761705466910804,0.9644444444444444,0.10721343873517787,1365360.0,57544.968766463455
0.005712511563321846,0.05684348395546824,0.9644444444444444,0.10735930735930736,1363380.0,57462.1810792504
0.005725431241597973,0.05692549842602308,0.9644444444444444,0.10750557344562794,1361400.0,57379.393392037324
0.005752041930318898,0.0570077499014843,0.9644444444444444,0.10765223862086072,1359420.0,57296.605704824266
0.005765093155738891,0.05709775029601368,0.9644444444444444,0.10781269407527015,1357260.0,57206.291864228195
0.005780304514213639,0.05718050065876153,0.9644444444444444,0.10796019900497512,1355280.0,57123.50417701513
0.005791474395461769,0.05726349122575538,0.9644444444444444,0.10810810810810811,1353300.0,57040.71648980206
0.005810105291976799,0.05734672304439746,0.9644444444444444,0.10825642304814168,1351320.0,56957.928802589
0.005827893697731999,0.05743019716818844,0.9644444444444444,0.10840514549768952,1349340.0,56875.141115375925
0.005854839032287702,0.0575139146567718,0.9644444444444444,0.10855427713856929,1347360.0,56792.35342816287
0.005879257623943139,0.057597876575978764,0.9644444444444444,0.108703819661866,1345380.0,56709.565740949794
0.005894415469597195,0.0575491759702286,0.9622222222222222,0.10860295961876097,1347780.0,56626.778053736736
0.005907040636483548,0.05763343537867696,0.9622222222222222,0.10875298254426724,1345800.0,56543.99036652366
0.005929516592538896,0.05758464409490802,0.96,0.10865191146881288,1348200.0,56461.202679310605
0.005940720605879406,0.05766920304365238,0.96,0.10880241783150736,1346220.0,56378.41499209754
0.005958652635410151,0.057754010695187166,0.96,0.10895334174022699,1344240.0,56295.627304884474
0.005973358695085368,0.0578468130690948,0.96,0.10911846425865117,1342080.0,56205.313464288396
0.0059830280312177415,0.05793214429395199,0.96,0.10927026685215632,1340100.0,56122.52577707534
0.006009196133150759,0.05801772763900081,0.96,0.1094224924012158,1338120.0,56039.738089862265
0.006024777827137188,0.058103564223268324,0.96,0.10957514267596703,1336140.0,55956.95040264921
0.006039961382094612,0.05818965517241379,0.96,0.10972821945643892,1334160.0,55874.162715436134
0.0060648566388813415,0.05827600161877782,0.96,0.10988172453262114,1332180.0,55791.375028223076
0.006086457839720221,0.05836260470143204,0.96,0.11003565970453388,1330200.0,55708.58734101001
0.00609623715066187,0.058449465566229195,0.96,0.11019002678229818,1328220.0,55625.799653796945
0.006112620131377456,0.05853658536585366,0.96,0.1103448275862069,1326240.0,55543.01196658388
0.006126193386087489,0.058623965259872436,0.96,0.11050006394679626,1324260.0,55460.22427937082
0.00614605298385415,0.05871160641478663,0.96,0.11065573770491803,1322280.0,55377.43659215775
0.006163279127492237,0.0587995100040833,0.96,0.11081185071181224,1320300.0,55294.64890494469
0.006171815000135351,0.05888767720828789,0.96,0.11096840482918058,1318320.0,55211.86121773162
0.006184960573892423,0.05898416166029492,0.96,0.11113969642397736,1316160.0,55121.54737713555
0.006206929362819141,0.05907288390537399,0.96,0.11129717892567306,1314180.0,55038.75968992248
0.006227373169069145,0.05916187345932621,0.96,0.11145510835913312,1312200.0,54955.972002709415
0.006242165380742388,0.05925113153202578,0.96,0.11161348662963441,1310220.0,54873.18431549635
0.006251962893165087,0.05934065934065934,0.96,0.11177231565329883,1308240.0,54790.39662828329
0.006266477995919695,0.059430458109781266,0.96,0.11193159735717062,1306260.0,54707.60894107022
0.006283473568535463,0.059520529071369524,0.96,0.11209133367929423,1304280.0,54624.82125385716
0.006296258776308239,0.059610873464882023,0.96,0.11225152656879303,1302300.0,54542.03356664409
0.006317987913368236,0.05970149253731343,0.96,0.11241217798594848,1300320.0,54459.245879431015
0.0063355599046879965,0.0597923875432526,0.96,0.11257328990228013,1298340.0,54376.45819221796
0.006344505931049795,0.0598835597449404,0.96,0.1127348643006263,1296360.0,54293.670505004884
0.0063667364810833064,0.059975010412328195,0.96,0.1128969031752254,1294380.0,54210.882817791826
0.006382543856577219,0.060075093867334166,0.96,0.11307420494699646,1292220.0,54120.56897719576
0.0064002505128393965,0.06016713091922005,0.96,0.11323722149410223,1290240.0,54037.78128998269
0.006421205133294813,0.060259450411493935,0.96,0.11340070875442972,1288260.0,53954.99360276963
0.0064461787625865975,0.060212349818385025,0.9577777777777777,0.11330178759200842,1290660.0,53872.20591555656
0.006462627065801987,0.06030502308660977,0.9577777777777777,0.11346584177964986,1288680.0,53789.418228343486
0.006488068477510021,0.06039798206278027,0.9577777777777777,0.11363037173741102,1286700.0,53706.63054113043
0.0065174389364658445,0.060491228070175436,0.9577777777777777,0.1137953795379538,1284720.0,53623.84285391736
0.0065404087671593,0.06058476244025864,0.9577777777777777,0.11396086726599683,1282740.0,53541.0551667043
0.006555236712209362,0.06067858651274109,0.9577777777777777,0.11412683701840329,1280760.0,53458.26747949123
0.006571781618001218,0.0607727016356458,0.9577777777777777,0.11429329090426943,1278780.0,53375.479792278165
0.006591558952045235,0.06086710916537212,0.9577777777777777,0.11446023104501395,1276800.0,53292.6921050651
0.006610159949348581,0.06096181046676096,0.9577777777777777,0.11462765957446809,1274820.0,53209.90441785204
0.006629241732702626,0.061056806913160504,0.9577777777777777,0.11479557863896657,1272840.0,53127.11673063897
0.006667142830358744,0.06116077763587342,0.9577777777777777,0.11497932506335867,1270680.0,53036.8028900429
0.006691803967429347,0.06125639567936327,0.9577777777777777,0.11514827678332888,1268700.0,52954.01520282983
0.006710760388861058,0.06135231316725979,0.9577777777777777,0.11531772575250836,1266720.0,52871.22751561677
0.006738489275081396,0.06144853150841175,0.9577777777777777,0.11548767416934619,1264740.0,52788.4398284037
0.006759433400984876,0.06154505212051978,0.9577777777777777,0.11565812424527036,1262760.0,52705.65214119064
0.006780960953466656,0.06164187643020595,0.9577777777777777,0.11582907820478366,1260780.0,52622.86445397757
0.006806267884726638,0.061739005873084084,0.9577777777777777,0.11600053828556049,1258800.0,52540.07676676451
0.006822542588298705,0.0618364418938307,0.9577777777777777,0.11617250673854447,1256820.0,52457.28907955144
0.006845246323025839,0.061934185946256645,0.9577777777777777,0.11634498582804698,1254840.0,52374.50139233838
0.006867649567384708,0.06203223949337939,0.9577777777777777,0.11651797783184645,1252860.0,52291.71370512531
0.006885104964072313,0.06213060400749604,0.9577777777777777,0.11669148504128875,1250880.0,52208.92601791225
0.0069014548221315655,0.062229280970257005,0.9577777777777777,0.11686550976138829,1248900.0,52126.13833069918
0.0069308438312464275,0.062337286664738215,0.9577777777777777,0.11705594785442694,1246740.0,52035.824490103114
0.006954993200512179,0.06243662175865566,0.9577777777777777,0.1172310621515028,1244760.0,51953.03680289004
0.006979937830348621,0.06253627394080093,0.9577777777777777,0.11740670117134296,1242780.0,51870.24911567698
0.006998291583183204,0.06263624473187036,0.9577777777777777,0.11758286727595144,1240800.0,51787.46142846391
0.007015003905844305,0.06273653566229985,0.9577777777777777,0.11775956284153005,1238820.0,51704.67374125085
0.007030021826116648,0.06283714827234291,0.9577777777777777,0.1179367902585853,1236840.0,51621.88605403778
0.007050222382060701,0.06293808411214953,0.9577777777777777,0.11811455193203617,1234860.0,51539.09836682472
0.0070745311789189875,0.06303934474184583,0.9577777777777777,0.1182928502813229,1232880.0,51456.31067961165
0.0071041176403854375,0.06314093173161442,0.9577777777777777,0.11847168774051677,1230900.0,51373.52299239859
0.00713540297155458,0.06309611151870873,0.9555555555555556,0.11837577426015142,1233300.0,51290.73530518552
0.0071493546635875115,0.06319811875367431,0.9555555555555556,0.11855527984560242,1231320.0,51207.94761797245
0.007179461561052811,0.0633004563521272,0.9555555555555556,0.11873533066408946,1229340.0,51125.159930759386
0.007195764195556472,0.06340312592155706,0.9555555555555556,0.11891592920353983,1227360.0,51042.37224354632
0.007216216277991479,0.06351550960118169,0.9555555555555556,0.11911357340720222,1225200.0,50952.05840295025
0.007235146708880794,0.06361887853232727,0.9555555555555556,0.11929532528783465,1223220.0,50869.27071573719
0.007250460714879521,0.06372258446947243,0.9555555555555556,0.11947763267574327,1221240.0,50786.48302852412
0.007280049072130423,0.06382662906338132,0.9555555555555556,0.11966049812160846,1219260.0,50703.69534131106
0.007306141231184649,0.06393101397561701,0.9555555555555556,0.11984392419175027,1217280.0,50620.90765409799
0.007333849328859737,0.06403574087862993,0.9555555555555556,0.12002791346824843,1215300.0,50538.11996688492
0.007362687803654791,0.06414081145584725,0.9555555555555556,0.12021246854906346,1213320.0,50455.332279671864
0.007376731370794793,0.06424622740176304,0.9555555555555556,0.12039759204815903,1211340.0,50372.54459245879
0.0074074415010014485,0.06435199042202933,0.9555555555555556,0.12058328659562535,1209360.0,50289.75690524573
0.007421450371863333,0.0644581022335482,0.9555555555555556,0.12076955483780367,1207380.0,50206.96921803266
0.007445950110896671,0.06456456456456457,0.9555555555555556,0.1209563994374121,1205400.0,50124.1815308196
0.0074686265830054555,0.06467137915476011,0.9555555555555556,0.12114382307367234,1203420.0,50041.39384360653
0.007487482494214731,0.06478830797046858,0.9555555555555556,0.12134894877945535,1201260.0,49951.08000301046
0.007507550483260473,0.06489586477512828,0.9555555555555556,0.1215375918598078,1199280.0,49868.2923157974
0.007531992337938624,0.06500377928949358,0.9555555555555556,0.12172682236376504,1197300.0,49785.504628584335
0.007545790558286479,0.06511205330102968,0.9555555555555556,0.12191664303941026,1195320.0,49702.71694137127
0.007568945948678374,0.0652206886091309,0.9555555555555556,0.1221070566519949,1193340.0,49619.9292541582
0.007590378222761326,0.0653296870252203,0.9555555555555556,0.1222980659840728,1191360.0,49537.14156694514
0.007608917906339817,0.0654390503728504,0.9555555555555556,0.12248967383563594,1189380.0,49454.35387973207
0.007631330322792225,0.06554878048780488,0.9555555555555556,0.12268188302425106,1187400.0,49371.566192519
0.007668678479228736,0.06565887921820125,0.9555555555555556,0.12287469638519788,1185420.0,49288.778505305934
0.007700688510157517,0.06576934842459468,0.9555555555555556,0.12306811677160848,1183440.0,49205.99081809287
0.007720288966455454,0.06588018998008273,0.9555555555555556,0.123262147054608,1181460.0,49123.2031308798
0.007739761800366394,0.0659914057704113,0.9555555555555556,0.12345679012345678,1179480.0,49040.41544366674
0.007759232086138542,0.06611316113161132,0.9555555555555556,0.12366983031348865,1177320.0,48950.101603070674
0.007780816760582177,0.06622516556291391,0.9555555555555556,0.12386576407892842,1175340.0,48867.31391585761
0.007817233715728669,0.06633755013884604,0.9555555555555556,0.12406231967686093,1173360.0,48784.52622864454
0.007839464932292428,0.06645031679802195,0.9555555555555556,0.1242595000722439,1171380.0,48701.73854143147
0.007856523900361624,0.06656346749226007,0.9555555555555556,0.12445730824891461,1169400.0,48618.950854218405
0.007885974407861207,0.06652194138626144,0.9533333333333334,0.12436585012320626,1171800.0,48536.16316700534
0.007919839403567221,0.06663560111835974,0.9533333333333334,0.12456445993031359,1169820.0,48453.375479792274
0.00793751154436587,0.06674964991442353,0.9533333333333334,0.12476370510396975,1167840.0,48370.58779257921
0.007955100689395957,0.0668640897755611,0.9533333333333334,0.12496358869793184,1165860.0,48287.80010536615
0.007983758949110263,0.06697892271662763,0.9533333333333334,0.12516411378555797,1163880.0,48205.012418153085
0.008013083447725215,0.06709415076634345,0.9533333333333334,0.12536528345996492,1161900.0,48122.22473094002
0.0080224213301556,0.06720977596741344,0.9533333333333334,0.12556710083418704,1159920.0,48039.43704372695
0.008060151066241526,0.06732580037664783,0.9533333333333334,0.12576956904133685,1157940.0,47956.64935651389
0.008079338060201046,0.06745283018867924,0.9533333333333334,0.12599118942731277,1155780.0,47866.33551591781
0.008102464310731894,0.06756969601512049,0.9533333333333334,0.12619502868068833,1153800.0,47783.547828704744
0.008132515007432187,0.06768696749763332,0.9533333333333334,0.1263995285798468,1151820.0,47700.760141491686
0.008160686960004137,0.06780464675201517,0.9533333333333334,0.12660469234174412,1149840.0,47617.97245427862
0.00819170468340489,0.06792273590880304,0.9533333333333334,0.12681052320425656,1147860.0,47535.184767065555
0.008220278532445023,0.06804123711340206,0.9533333333333334,0.12701702442635085,1145880.0,47452.39707985249
0.008244632223187248,0.06816015252621545,0.9533333333333334,0.12722419928825623,1143900.0,47369.609392639424
0.00826160361956899,0.06827948432277574,0.9533333333333334,0.1274320510916382,1141920.0,47286.82170542636
0.008278075398588264,0.06839923469387756,0.9533333333333334,0.1276405831597739,1139940.0,47204.03401821329
0.008310826774623513,0.06851940584571155,0.9533333333333334,0.1278497988377291,1137960.0,47121.24633100023
0.00833987727355284,0.06864,0.9533333333333334,0.12805970149253731,1135980.0,47038.45864378716
0.008360629341808635,0.06876101939413368,0.9533333333333334,0.12827029451338018,1134000.0,46955.6709565741
0.008381904968155869,0.06889352818371608,0.9533333333333334,0.128500823723229,1131840.0,46865.357115978026
0.008409563259995654,0.06901544401544402,0.9533333333333334,0.12871287128712872,1129860.0,46782.56942876496
0.008427796374151546,0.06913779210314262,0.9533333333333334,0.12892561983471074,1127880.0,46699.781741551895
0.00845758130322359,0.06926057474975783,0.9533333333333334,0.1291390728476821,1125900.0,46616.99405433883
0.008484324763184864,0.06938379427462397,0.9533333333333334,0.12935323383084577,1123920.0,46534.206367125764
0.00850527800623629,0.06950745301360985,0.9533333333333334,0.12956810631229235,1121940.0,46451.4186799127
0.008528331052626405,0.06963155331926635,0.9533333333333334,0.129783693843594,1119960.0,46368.63099269963
0.008539791907363972,0.06975609756097562,0.9533333333333334,0.13,1117980.0,46285.84330548657
0.008589052664585284,0.06988108812510181,0.9533333333333334,0.1302170283806344,1116000.0,46203.0556182735
0.008608911067176253,0.0700065274151436,0.9533333333333334,0.13043478260869565,1114020.0,46120.26793106043
0.008645270904204977,0.07013241785188817,0.9533333333333334,0.1306532663316583,1112040.0,46037.48024384737
0.0086776323698383,0.07025876187356699,0.9533333333333334,0.13087248322147652,1110060.0,45954.692556634305
0.008695460063568021,0.07038556193601313,0.9533333333333334,0.13109243697478992,1108080.0,45871.90486942124
0.00872191742036554,0.0705244122965642,0.9533333333333334,0.1313332312873106,1105920.0,45781.59102882517
0.008762907957607362,0.07065217391304347,0.9533333333333334,0.13155473781048757,1103940.0,45698.8033416121
0.00878758656494072,0.07078039927404718,0.9533333333333334,0.13177699278144678,1101960.0,45616.01565439904
0.008827513183035778,0.07090909090909091,0.9533333333333334,0.132,1099980.0,45533.227967185965
0.008859230122133736,0.07103825136612021,0.9533333333333334,0.13222376329172444,1098000.0,45450.44027997291
0.008875876354989555,0.07116788321167883,0.9533333333333334,0.13244828650818155,1096020.0,45367.65259275984
0.008919108490199772,0.0712979890310786,0.9533333333333334,0.13267357352713777,1094040.0,45284.864905546776
0.00896351088063155,0.07142857142857142,0.9533333333333334,0.13289962825278812,1092060.0,45202.07721833371
0.008975688565295617,0.07155963302752294,0.9533333333333334,0.13312645461598138,1090080.0,45119.289531120645
0.009001689592909508,0.07169117647058823,0.9533333333333334,0.13335405657444824,1088100.0,45036.50184390758
0.009034624971026048,0.07165578436296668,0.9511111111111111,0.13327105713840884,1090500.0,44953.714156694514
0.009057190583700947,0.0717879906071788,0.9511111111111111,0.13349968808484092,1088520.0,44870.92646948145
0.009111964875774673,0.0719327731092437,0.9511111111111111,0.13375,1086360.0,44780.61262888538
0.009145521082843435,0.07206600437784139,0.9511111111111111,0.13398027860385037,1084380.0,44697.82494167231
0.009168417735290507,0.07219973009446694,0.9511111111111111,0.13421135152085292,1082400.0,44615.03725445925
0.009195733898835233,0.07233395301673146,0.9511111111111111,0.1344432228679127,1080420.0,44532.24956724618
0.009233092534643854,0.07246867592279038,0.9511111111111111,0.13467589679043424,1078440.0,44449.461880033115
0.00925830027426007,0.0726039016115352,0.9511111111111111,0.13490937746256895,1076460.0,44366.67419282005
0.009288801077967809,0.07273963290278722,0.9511111111111111,0.13514366908746447,1074480.0,44283.886505606984
0.009315493173476064,0.07287587263749362,0.9511111111111111,0.135378775897517,1072500.0,44201.09881839392
0.009342370789743898,0.07301262367792562,0.9511111111111111,0.13561470215462612,1070520.0,44118.31113118085
0.009361587063655726,0.07314988890787899,0.9511111111111111,0.1358514521504523,1068540.0,44035.52344396779
0.009392098179135108,0.07328767123287672,0.9511111111111111,0.13608903020667726,1066560.0,43952.73575675472
0.009422161908194745,0.07342597358037399,0.9511111111111111,0.13632744067526675,1064580.0,43869.94806954166
0.009447125404722983,0.07356479889996563,0.9511111111111111,0.13656668793873644,1062600.0,43787.16038232859
0.009467945059367417,0.07371684464347227,0.9511111111111111,0.13682864450127877,1060440.0,43696.84654173252
0.009496682668214627,0.07385677308024159,0.9511111111111111,0.13706965572457966,1058460.0,43614.058854519455
0.009529254200343899,0.0739972337482711,0.9511111111111111,0.13731151748476098,1056480.0,43531.27116730639
0.009550741526918068,0.07413822968993591,0.9511111111111111,0.13755423429214206,1054500.0,43448.483480093324
0.009575422895534747,0.07427976397084346,0.9511111111111111,0.13779781068898905,1052520.0,43365.69579288026
0.00959854505570457,0.07442183968005564,0.9511111111111111,0.1380422512497984,1050540.0,43282.90810566719
0.00962399304827086,0.07456445993031359,0.9511111111111111,0.1382875605815832,1048560.0,43200.12041845413
0.009643288097227094,0.07470762785826497,0.9511111111111111,0.1385337433241625,1046580.0,43117.33273124106
0.009678961442684323,0.07485134662469395,0.9511111111111111,0.13878080415045396,1044600.0,43034.545044028
0.00969516293905896,0.07499561941475381,0.9511111111111111,0.13902874776676952,1042620.0,42951.75735681493
0.009717424514524892,0.07514044943820225,0.9511111111111111,0.1392775789131142,1040640.0,42868.969669601865
0.009739031367901881,0.0752858399296394,0.9511111111111111,0.13952730236348818,1038660.0,42786.1819823888
0.009776933616456701,0.07544509078089194,0.9511111111111111,0.13980075126571942,1036500.0,42695.86814179273
0.009807733623868567,0.07559166372306605,0.9511111111111111,0.1400523560209424,1034520.0,42613.08045457966
0.009836383712697629,0.075738807290745,0.9511111111111111,0.1403048680544173,1032540.0,42530.2927673666
0.00985439621961086,0.07588652482269503,0.9511111111111111,0.14055829228243022,1030560.0,42447.50508015353
0.009884433895064226,0.07603481968378042,0.9511111111111111,0.14081263365685145,1028580.0,42364.717392940474
0.009902148030660416,0.07618369526521894,0.9511111111111111,0.14106789716545814,1026600.0,42281.9297057274
0.009920802992117027,0.07615480649188515,0.9488888888888889,0.1409938913653624,1029000.0,42199.142018514336
0.009960003326008446,0.07630450321658327,0.9488888888888889,0.14125041349652662,1027020.0,42116.35433130127
0.01000931225075796,0.07645478961504029,0.9488888888888889,0.14150787075393537,1025040.0,42033.566644088205
0.01003806661130627,0.07660566917832795,0.9488888888888889,0.14176626826029218,1023060.0,41950.77895687514
0.010061633777477114,0.07675714542513032,0.9488888888888889,0.1420256111757858,1021080.0,41867.991269662074
0.010093928594266851,0.0769092219020173,0.9488888888888889,0.14228590469843386,1019100.0,41785.20358244901
0.01012015325222643,0.07706190218372135,0.9488888888888889,0.14254715406442997,1017120.0,41702.41589523594
0.010146497666817968,0.07722915536263339,0.9488888888888889,0.1428332497073089,1014960.0,41612.10205463987
0.010190227095414001,0.07738310982239942,0.9488888888888889,0.14309651474530832,1012980.0,41529.31436742681
0.010216986512408752,0.07753767931723261,0.9488888888888889,0.14336075205640422,1011000.0,41446.52668021374
0.010231416071135216,0.07769286754002912,0.9488888888888889,0.1436259670366633,1009020.0,41363.738993000676
0.010259113439146796,0.07784867821330903,0.9488888888888889,0.1438921651221567,1007040.0,41280.95130578761
0.010287024321250749,0.07782243332115454,0.9466666666666667,0.14382174206617152,1009440.0,41198.163618574545
0.010318297095256435,0.07797913234486546,0.9466666666666667,0.14408929477422627,1007460.0,41115.37593136148
0.010362117825635163,0.07813646368305209,0.9466666666666667,0.14435784479837344,1005480.0,41032.588244148414
0.010401552284654423,0.07829443117074067,0.9466666666666667,0.14462739772534375,1003500.0,40949.80055693535
0.010433236928877054,0.07845303867403315,0.9466666666666667,0.14489795918367346,1001520.0,40867.01286972228
0.010463850340209748,0.07861229009042259,0.9466666666666667,0.1451695348440961,999540.0,40784.22518250922
0.010487425403714248,0.07877218934911243,0.9466666666666667,0.14544213041993856,997560.0,40701.43749529616
0.010530819954105115,0.07894736842105263,0.9466666666666667,0.14574067738624702,995400.0,40611.12365470008
0.010564676855873924,0.07910863509749304,0.9466666666666667,0.14601542416452443,993420.0,40528.335967487015
0.010612977484430549,0.07927056196501675,0.9466666666666667,0.1462912087912088,991440.0,40445.54828027395
0.01065317089462335,0.07943315308595936,0.9466666666666667,0.14656803715809394,989460.0,40362.760593060884
0.010695068708161016,0.0795964125560538,0.9466666666666667,0.1468459152016546,987480.0,40279.97290584782
0.01072925721727721,0.07976034450477439,0.9466666666666667,0.1471248489034709,985500.0,40197.18521863475
0.010758753345643536,0.0799249530956848,0.9466666666666667,0.14740484429065745,983520.0,40114.397531421695
0.010805011694569142,0.08009024252679076,0.9466666666666667,0.14768590743629745,981540.0,40031.60984420863
0.0108324714099388,0.08025621703089676,0.9466666666666667,0.1479680444598819,979560.0,39948.822156995564
0.01085394789171556,0.08042288087596752,0.9466666666666667,0.14825126152775361,977580.0,39866.0344697825
0.010895866585202533,0.08059023836549375,0.9466666666666667,0.14853556485355648,975600.0,39783.24678256943
0.010920001588530489,0.08075829383886256,0.9466666666666667,0.14882096069868997,973620.0,39700.45909535636
0.010973446609012252,0.08092705167173252,0.9466666666666667,0.14910745537276865,971640.0,39617.671408143295
0.011019165334896398,0.08111195734958111,0.9466666666666667,0.14942125569975448,969480.0,39527.35756754723
0.01104201244738151,0.08128219805380653,0.9466666666666667,0.14971006852925672,967500.0,39444.569880334166
0.011085366936190838,0.08145315487571701,0.9466666666666667,0.15,965520.0,39361.7821931211
0.011123320862668543,0.08162483234336079,0.9466666666666667,0.15029105662374317,963540.0,39278.994505908035
0.01117517180771158,0.08179723502304148,0.9466666666666667,0.15058324496288442,961560.0,39196.20681869497
0.011210324798305119,0.08197036751972292,0.9466666666666667,0.1508765716309545,959580.0,39113.419131481896
0.01126097754051238,0.08214423447743927,0.9466666666666667,0.15117104329311568,957600.0,39030.63144426883
0.011286858797613132,0.0821256038647343,0.9444444444444444,0.1511111111111111,960000.0,38947.843757055765
0.011313285283127942,0.08230054221533695,0.9444444444444444,0.15140719629497684,958020.0,38865.0560698427
0.011354715268149901,0.08247622744032602,0.9444444444444444,0.1517044440478315,956040.0,38782.268382629634
0.011382364533584318,0.08265266433294438,0.9444444444444444,0.15200286123032905,954060.0,38699.48069541657
0.011428768742189663,0.0828298577275385,0.9444444444444444,0.15230245475721196,952080.0,38616.6930082035
0.011474295193041436,0.08302402813049424,0.9444444444444444,0.15263063386604417,949920.0,38526.37916760744
0.011514264842794794,0.0832028191072827,0.9444444444444444,0.15293270960777258,947940.0,38443.59148039437
0.011562830480225517,0.0833823817932117,0.9444444444444444,0.15323598341445827,945960.0,38360.8037931813
0.01159677514668459,0.08356272119543846,0.9444444444444444,0.15354046242774566,943980.0,38278.016105968236
0.011649820406721322,0.08374384236453201,0.9444444444444444,0.15384615384615385,942000.0,38195.22841875517
0.01167598420496269,0.08392575039494471,0.9444444444444444,0.15415306492564382,940020.0,38112.440731542105
0.011731661393747138,0.08410845042548981,0.9444444444444444,0.1544612029801926,938040.0,38029.65304432904
0.011793470814066094,0.08429194763982546,0.9444444444444444,0.15477057538237438,936060.0,37946.865357115974
0.011819599585264035,0.08447624726694494,0.9444444444444444,0.15508118956394817,934080.0,37864.077669902916
0.011855066674771009,0.08446215139442231,0.9422222222222222,0.1550274223034735,936480.0,37781.28998268985
0.011886061562465938,0.08464763425833499,0.9422222222222222,0.1553398058252427,934500.0,37698.502295476785
0.011921949610025202,0.08483393357342937,0.9422222222222222,0.15565345080763582,932520.0,37615.71460826372
0.01196247331480474,0.08502105474233006,0.9422222222222222,0.1559683649071179,930540.0,37532.92692105065
0.012000464104416523,0.08522613065326633,0.9422222222222222,0.15631336405529955,928380.0,37442.613080454576
0.01205860333772958,0.0854149879129734,0.9422222222222222,0.15663095677872182,926400.0,37359.82539324151
0.012090816711732413,0.08560468402988088,0.9422222222222222,0.1569498426799926,924420.0,37277.03770602845
0.012125854265420734,0.08579522460542291,0.9422222222222222,0.1572700296735905,922440.0,37194.250018815386
0.012168087000496519,0.08598661529101602,0.9422222222222222,0.15759152573871027,920460.0,37111.46233160232
0.012197318701814331,0.08617886178861789,0.9422222222222222,0.1579143389199255,918480.0,37028.674644389255
0.012247457175224973,0.08637196985129354,0.9422222222222222,0.15823847732785967,916500.0,36945.88695717619
0.012279126743391808,0.0865659452837893,0.9422222222222222,0.15856394913986538,914520.0,36863.099269963124
0.012335486498057267,0.08676079394311438,0.9422222222222222,0.158890762600712,912540.0,36780.31158275006
0.012362416699341867,0.08695652173913043,0.9422222222222222,0.15921892602328203,910560.0,36697.52389553699
0.012388750054743358,0.08715313463514902,0.9422222222222222,0.15954844778927563,908580.0,36614.73620832393
0.012423083936981261,0.08735063864853729,0.9422222222222222,0.15987933634992457,906600.0,36531.94852111086
0.012445971978148354,0.0875671210243701,0.9422222222222222,0.1602418745275888,904440.0,36441.63468051479
0.012471270138783061,0.08776650796936453,0.9422222222222222,0.1605756485514107,902460.0,36358.846993301726
0.012514618441710585,0.08796680497925312,0.9422222222222222,0.16091081593927894,900480.0,36276.05930608866
0.012560179174355406,0.08816801829902267,0.9422222222222222,0.16124738543449324,898500.0,36193.271618875595
0.01260747208152137,0.08837015423092956,0.9422222222222222,0.16158536585365854,896520.0,36110.48393166253
0.012659705594538714,0.08857321913515771,0.9422222222222222,0.16192476608745465,894540.0,36027.696244449464
0.012719065246824361,0.08877721943048576,0.9422222222222222,0.162265595101416,892560.0,35944.9085572364
0.012792296907846924,0.08898216159496328,0.9422222222222222,0.162607861936721,890580.0,35862.120870023326
0.012863170172403352,0.08918805216659655,0.9422222222222222,0.16295157571099156,888600.0,35779.33318281026
0.012905724117322057,0.08939489774404386,0.9422222222222222,0.16329674561910265,886620.0,35696.5454955972
0.012952442519495126,0.08960270498732037,0.9422222222222222,0.16364338093400232,884640.0,35613.757808384136
0.012984501624675375,0.08981148061851303,0.9422222222222222,0.16399149100754207,882660.0,35530.97012117107
0.013046217484392868,0.0900212314225053,0.9422222222222222,0.16434108527131783,880680.0,35448.182433958005
0.01308645412238232,0.09003831417624521,0.94,0.16433566433566432,882900.0,35357.868593361934
0.01311445923860035,0.09024962662684019,0.94,0.1646875608331711,880920.0,35275.08090614886
0.013146640884832228,0.09046193327630453,0.94,0.16504096761607492,878940.0,35192.293218935796
0.013177041327177856,0.09067524115755626,0.94,0.1653958944281525,876960.0,35109.50553172274
0.013223974259909602,0.0908895573700043,0.94,0.16575235109717867,874980.0,35026.71784450967
0.013261687628170928,0.091104889080336,0.94,0.1661103475358335,873000.0,34943.93015729661
0.013300805360663864,0.09132124352331607,0.94,0.16646989374262103,871020.0,34861.14247008354
0.013344972586807937,0.09153862800259684,0.94,0.16683099980280022,869040.0,34778.354782870476
0.013393509545784674,0.09154013015184381,0.9377777777777778,0.16679841897233202,871440.0,34695.56709565741
0.01342635997182372,0.09175907806044792,0.9377777777777778,0.16716181422063775,869460.0,34612.779408444345
0.013472628293228069,0.0919790758500436,0.9377777777777778,0.16752679634775705,867480.0,34529.99172123128
0.013495562110603224,0.09220013109023378,0.9377777777777778,0.1678933757708375,865500.0,34447.204034018214
0.01354526329309556,0.09244249726177436,0.9377777777777778,0.1682951146560319,863340.0,34356.89019342214
0.013595577777261617,0.09266578831796222,0.9377777777777778,0.16866506794564348,861360.0,34274.10250620908
0.013634391722069041,0.09289016068677086,0.9377777777777778,0.16903665131183657,859380.0,34191.31481899601
0.013700642565782073,0.09311562224183584,0.9377777777777778,0.16940987555198717,857400.0,34108.52713178295
0.01374698785189903,0.09334218093342181,0.9377777777777778,0.16978475155904243,855420.0,34025.73944456988
0.013805199496220787,0.09356984478935698,0.9377777777777778,0.17016129032258065,853440.0,33942.951757356816
0.01385413337474332,0.09379862191598133,0.9377777777777778,0.17053950292988482,851460.0,33860.16407014375
0.013884038735696063,0.09402852049910873,0.9377777777777778,0.1709194005670312,849480.0,33777.376382930684
0.01394396380378375,0.09425954880500335,0.9377777777777778,0.1713009945199919,847500.0,33694.58869571762
0.01399282651500649,0.09449171518137035,0.9377777777777778,0.17168429617575265,845520.0,33611.80100850455
0.014044427694231344,0.09472502805836139,0.9377777777777778,0.17206931702344547,843540.0,33529.01332129149
0.014137385525079265,0.09495949594959496,0.9377777777777778,0.17245606865549654,841560.0,33446.22563407842
0.014166378677708261,0.09519512745319197,0.9377777777777778,0.17284456276878968,839580.0,33363.43794686536
0.014235748107050517,0.09545351730377742,0.9377777777777778,0.1732703756928762,837420.0,33273.124106269286
0.014313363757662501,0.09569160997732426,0.9377777777777778,0.17366255144032922,835440.0,33190.33641905622
0.01434826458093351,0.09593089338486019,0.9377777777777778,0.1740565064961848,833460.0,33107.548731843155
0.014385948052839643,0.09617137648131267,0.9377777777777778,0.17445225299710623,831480.0,33024.76104463009
0.014435165770643155,0.09641306831162896,0.9377777777777778,0.1748498031903874,829500.0,32941.973357417024
0.014477084738486917,0.09665597801191021,0.9377777777777778,0.17524916943521596,827520.0,32859.18567020396
0.014528833354627773,0.09667049368541906,0.9355555555555556,0.1752341311134235,829920.0,32776.39798299089
0.014583079763130032,0.09691528545119706,0.9355555555555556,0.17563621193158113,827940.0,32693.610295777824
0.014624769503572447,0.09716132010154627,0.9355555555555556,0.17604014217018607,825960.0,32610.82260856476
0.014688562263608533,0.0974086071263304,0.9355555555555556,0.17644593461860855,823980.0,32528.034921351697
0.014724641478422694,0.09765715611227094,0.9355555555555556,0.17685360218441504,822000.0,32445.24723413863
0.014772009844141109,0.09790697674418605,0.9355555555555556,0.17726315789473684,820020.0,32362.459546925566
0.014834146068273575,0.09818097014925373,0.9355555555555556,0.17771211481637822,817860.0,32272.1457063295
0.014916145466066368,0.09843348141220482,0.9355555555555556,0.17812566109583244,815880.0,32189.358019116433
0.014985541454061248,0.09868729488982654,0.9355555555555556,0.17854113655640375,813900.0,32106.570331903367
0.015037840437606177,0.09894242068155111,0.9355555555555556,0.17895855472901168,811920.0,32023.782644690295
0.015094404225809762,0.09919886899151743,0.9355555555555556,0.1793779292714103,809940.0,31940.994957477233
0.015152865855104532,0.09945665012993149,0.9355555555555556,0.17979927396967757,807960.0,31858.207270264167
0.01521438744593577,0.09971577451444813,0.9355555555555556,0.18022260273972604,805980.0,31775.4195830511
0.015273421267349431,0.09997625267157445,0.9355555555555556,0.18064792962883502,804000.0,31692.631895838036
0.015345511181398739,0.10023809523809524,0.9355555555555556,0.1810752688172043,802020.0,31609.84420862497
0.015407911742653576,0.10050131296252089,0.9355555555555556,0.18150463461953006,800040.0,31527.056521411905
0.01545693109923364,0.10076591670655816,0.9355555555555556,0.18193604148660328,798060.0,31444.26883419884
0.015513709777525647,0.10103191744660427,0.9355555555555556,0.18236950400693092,796080.0,31361.481146985774
0.015564287457126682,0.10081809432146295,0.9311111111111111,0.18193660442900564,802860.0,31278.693459772712
0.015613120478071717,0.10111003861003862,0.9311111111111111,0.18241184153243362,800700.0,31188.379619176638
0.01567034191963034,0.10137914347931284,0.9311111111111111,0.182849661793585,798720.0,31105.591931963572
0.015721526679203533,0.10164968461911693,0.9311111111111111,0.18328958880139984,796740.0,31022.804244750507
0.01577369585552361,0.10192167355874483,0.9311111111111111,0.18373163779872834,794760.0,30940.01655753744
0.015841228054343837,0.1021951219512195,0.9311111111111111,0.18417582417582418,792780.0,30857.228870324376
0.01590224094697424,0.1024700415749572,0.9311111111111111,0.18462216347213042,790800.0,30774.44118311131
0.015953169432861746,0.10250122609122118,0.9288888888888889,0.18462897526501768,793200.0,30691.65349589825
0.015997213493410198,0.10253257929677895,0.9266666666666666,0.18463582023466904,795600.0,30608.865808685183
0.0160414593691576,0.10281065088757396,0.9266666666666666,0.18508655126498003,793620.0,30526.078121472117
0.016096087547044616,0.1030902348578492,0.9266666666666666,0.18553948832035594,791640.0,30443.290434259052
0.01613304879745285,0.10337134357957363,0.9266666666666666,0.18599464763603926,789660.0,30360.502747045986
0.016177376815777935,0.10365398956002983,0.9266666666666666,0.18645204560697518,787680.0,30277.71505983292
0.016252940538503187,0.10396409872849663,0.9266666666666666,0.18695359784801613,785520.0,30187.401219236846
0.016305611182644408,0.10425,0.9266666666666666,0.18741573033707865,783540.0,30104.613532023785
0.016368923213486115,0.10453747806467786,0.9266666666666666,0.18788015318765489,781560.0,30021.82584481072
0.016466728272253414,0.10457516339869281,0.9244444444444444,0.1878952122854562,783960.0,29939.038157597653
0.016511670857126022,0.10486513738341316,0.9244444444444444,0.18836314240434684,781980.0,29856.250470384588
0.016565077190120413,0.1051567239635996,0.9244444444444444,0.18883340898774398,780000.0,29773.462783171522
0.016623399071151502,0.10544993662864385,0.9244444444444444,0.18930602957906711,778020.0,29690.675095958457
0.016680171084535716,0.10574478901881038,0.9244444444444444,0.1897810218978102,776040.0,29607.88740874539
0.01680664175871415,0.10604129492735152,0.9244444444444444,0.19025840384175624,774060.0,29525.099721532326
0.016875516565162587,0.10608384458077709,0.9222222222222223,0.1902796882164145,776460.0,29442.312034319257
0.016943200967504374,0.10638297872340426,0.9222222222222223,0.19076074465640083,774480.0,29359.52434710619
0.01697432927722169,0.10668380462724936,0.9222222222222223,0.1912442396313364,772500.0,29276.736659893126
0.017036215651556712,0.10698633668471255,0.9222222222222223,0.19173019173019173,770520.0,29193.94897268006
0.017121079421230718,0.10731833462632531,0.9222222222222223,0.19226314570303452,768360.0,29103.635132083993
0.017200749037514406,0.10762448132780084,0.9222222222222223,0.19275429633070135,766380.0,29020.847444870928
0.017276100581797748,0.10767230169050715,0.92,0.19278230500582072,768780.0,28938.059757657862
0.017348555148079627,0.107981220657277,0.92,0.19327731092436976,766800.0,28855.272070444793
0.01739628169746324,0.10776876798325923,0.9155555555555556,0.19283875497308683,773580.0,28772.484383231727
0.017471571228608946,0.1080797481636936,0.9155555555555556,0.19333646175504457,771600.0,28689.696696018662
0.017530806062939077,0.10839252828203104,0.9155555555555556,0.19383674429545988,769620.0,28606.909008805596
0.017589186277525558,0.10870712401055409,0.9155555555555556,0.19433962264150945,767640.0,28524.12132159253
0.017643899199176215,0.10902355120402223,0.9155555555555556,0.19484511704894775,765660.0,28441.33363437947
0.017722068163651683,0.10934182590233546,0.9155555555555556,0.19535324798482692,763680.0,28358.545947166403
0.017818917180388014,0.10939579451690179,0.9133333333333333,0.19538863798431186,766080.0,28275.758259953338
0.017854738995434657,0.10971703150026695,0.9133333333333333,0.19590085795996187,764100.0,28192.970572740272
0.01789940275296755,0.11006963042313872,0.9133333333333333,0.19646271510516253,761940.0,28102.656732144198
0.01797749084479168,0.11039484286865431,0.9133333333333333,0.196980589503954,759960.0,28019.869044931133
0.018031683475632197,0.11072198275862069,0.9133333333333333,0.19750120134550697,757980.0,27937.081357718067
0.01810991055778192,0.11105106727911375,0.9133333333333333,0.19802457239219465,756000.0,27854.293670505005
0.01818104286634228,0.11138211382113822,0.9133333333333333,0.19855072463768117,754020.0,27771.50598329194
0.018279788234625824,0.11171513998369122,0.9133333333333333,0.19907968031000242,752040.0,27688.718296078874
0.01834169130486446,0.11205016357688113,0.9133333333333333,0.19961146187469644,750060.0,27605.93060886581
0.01842166991144997,0.11238720262510254,0.9133333333333333,0.20014609203798392,748080.0,27523.142921652743
0.01848746385769341,0.11272627537026879,0.9133333333333333,0.20068359375,746100.0,27440.355234439678
0.018537772666668777,0.11306740027510316,0.9133333333333333,0.20122399020807832,744120.0,27357.567547226612
0.018591984631437034,0.11341059602649006,0.9133333333333333,0.20176730486008837,742140.0,27274.779860013547
0.01864939533216683,0.11375588153888735,0.9133333333333333,0.20231356140782672,740160.0,27191.992172800485
0.01869104112524409,0.11410327595780122,0.9133333333333333,0.20286278381046396,738180.0,27109.20448558742
0.018746359520915475,0.11448467966573816,0.9133333333333333,0.20346534653465345,736020.0,27018.890644991345
0.018811459846645808,0.11483654652137469,0.9133333333333333,0.20402084884586746,734040.0,26936.10295777828
0.01888157969769276,0.11519058295964126,0.9133333333333333,0.20457939273270284,732060.0,26853.315270565214
0.018969329027617596,0.11554680910879955,0.9133333333333333,0.20514100324432244,730080.0,26770.52758335215
0.0190237491007942,0.11590524534686972,0.9133333333333333,0.2057057057057057,728100.0,26687.739896139083
0.019107788690819527,0.11626591230551626,0.9133333333333333,0.20627352572145546,726120.0,26604.95220892602
0.019157602850951465,0.11662883087400681,0.9133333333333333,0.20684448917966783,724140.0,26522.164521712955
0.019228766901395095,0.11699402220324509,0.9133333333333333,0.20741862225586677,722160.0,26439.37683449989
0.019321791999989492,0.11707595659623073,0.9111111111111111,0.2074898785425101,724560.0,26356.589147286824
0.01936715430416676,0.11744485820681753,0.9111111111111111,0.20806901801573205,722580.0,26273.80146007376
0.01945943603521295,0.11781609195402298,0.9111111111111111,0.20865139949109415,720600.0,26191.01377286069
0.019593261430265477,0.1181896800230614,0.9111111111111111,0.2092370502679255,718620.0,26108.226085647624
0.01968946088461754,0.11859994214636968,0.9111111111111111,0.20987970309700538,716460.0,26017.912245051557
0.019759372992379846,0.11897852582704585,0.9111111111111111,0.2104722792607803,714480.0,25935.12455783849
0.019832895108940502,0.11935953420669577,0.9111111111111111,0.21106821106821108,712500.0,25852.336870625426
0.019903434131259404,0.11974299065420561,0.9111111111111111,0.2116675271037687,710520.0,25769.54918341236
0.019957441249730756,0.11954292411368297,0.9066666666666666,0.21123479161273623,717300.0,25686.761496199295
0.020040481490709142,0.11992945326278659,0.9066666666666666,0.2118380062305296,715320.0,25603.973808986226
0.02010833141515957,0.12002359186080802,0.9044444444444445,0.21192397813069513,717720.0,25521.18612177316
0.020234105235801384,0.12041420118343195,0.9044444444444445,0.212532637075718,715740.0,25438.398434560095
0.020294129352558955,0.12080736123478777,0.9044444444444445,0.21314480230426813,713760.0,25355.61074734703
0.020385063536166294,0.12120309708159618,0.9044444444444445,0.21376050420168066,711780.0,25272.823060133964
0.020451857598987648,0.12130265909769944,0.9022222222222223,0.2138530418751646,714180.0,25190.0353729209
0.020562737677152464,0.12170263788968826,0.9022222222222223,0.2144743792921289,712200.0,25107.247685707833
0.02065627447620586,0.12210526315789473,0.9022222222222223,0.21509933774834436,710220.0,25024.45999849477
0.020735814100852634,0.12254753999396317,0.9022222222222223,0.2157852777039596,708060.0,24934.1461578987
0.02079694270814134,0.12295578437310721,0.9022222222222223,0.21641791044776118,706080.0,24851.358470685635
0.020895208343376426,0.1233667578243695,0.9022222222222223,0.21705426356589147,704100.0,24768.57078347257
0.021017726598909357,0.12378048780487805,0.9022222222222223,0.21769436997319036,702120.0,24685.7830962595
0.021082698788182114,0.12419700214132762,0.9022222222222223,0.21833826297391773,700140.0,24602.995409046434
0.02118550802117935,0.12430939226519337,0.9,0.21844660194174756,702540.0,24520.20772183337
0.02125693842522813,0.12473052048044349,0.9,0.2190965647822559,700560.0,24437.420034620307
0.021361211572335122,0.12484548825710753,0.8977777777777778,0.21920781334780248,702960.0,24354.63234740724
0.021435310545109,0.12527131782945736,0.8977777777777778,0.2198639455782313,700980.0,24271.844660194176
0.02148834149431915,0.1253889234598631,0.8955555555555555,0.21997816593886463,703380.0,24189.05697298111
0.021583892263235174,0.12581954417733374,0.8955555555555555,0.2206405693950178,701400.0,24106.269285768045
0.02167049117072962,0.1262531328320802,0.8955555555555555,0.2213069741900055,699420.0,24023.48159855498
0.021755970529789177,0.12672955974842767,0.8955555555555555,0.22203856749311296,697260.0,23933.167757958905
0.02185549333029709,0.1271694540864626,0.8955555555555555,0.22271345675600995,695280.0,23850.380070745843
0.021925047611113652,0.12761241291956935,0.8955555555555555,0.22339246119733924,693300.0,23767.592383532778
0.02200071183787954,0.12805846838258658,0.8955555555555555,0.22407561857103142,691320.0,23684.804696319712
0.022115429504758616,0.1285076530612245,0.8955555555555555,0.22476296709425544,689340.0,23602.017009106647
0.022175934253738705,0.12896,0.8955555555555555,0.22545454545454546,687360.0,23519.22932189358
0.02226468693453719,0.1294155427103404,0.8955555555555555,0.22615039281705948,685380.0,23436.441634680516
0.02235163073985564,0.1295520464067032,0.8933333333333333,0.2262876442443006,687780.0,23353.653947467446
0.022452457449807443,0.1296895213454075,0.8911111111111111,0.2264257481648786,690180.0,23270.866260254385
0.022527173241024545,0.12982797792924375,0.8888888888888888,0.22656471254602095,692580.0,23188.07857304132
0.02267177156351871,0.13029315960912052,0.8888888888888888,0.22727272727272727,690600.0,23105.290885828254
0.02276138687226077,0.13076168682576006,0.8888888888888888,0.2279851809632374,688620.0,23022.503198615188
0.022866412460607378,0.13123359580052493,0.8888888888888888,0.22870211549456831,686640.0,22939.715511402123
0.02296496849210475,0.13175230566534915,0.8888888888888888,0.22948938611589215,684480.0,22849.40167080605
0.023065495886791514,0.1322314049586777,0.8888888888888888,0.2302158273381295,682500.0,22766.613983592983
0.023136387639969898,0.13271400132714,0.8888888888888888,0.23094688221709006,680520.0,22683.82629637992
0.023267085768807722,0.13320013320013321,0.8888888888888888,0.23168259484506226,678540.0,22601.038609166855
0.023342017915124073,0.13368983957219252,0.8888888888888888,0.23242300987797793,676560.0,22518.25092195379
0.02343422484218651,0.13384770211338476,0.8866666666666667,0.23258525211308656,678960.0,22435.463234740724
0.023540169495540855,0.13434343434343435,0.8866666666666667,0.23333333333333334,676980.0,22352.67554752766
0.023633851872074684,0.13484285231497128,0.8866666666666667,0.23408624229979466,675000.0,22269.887860314593
0.023821268662345373,0.1353459972862958,0.8866666666666667,0.23484402589758682,673020.0,22187.100173101528
0.023909444469958067,0.13585291113381,0.8866666666666667,0.23560673162090345,671040.0,22104.312485888462
0.024017713609268992,0.13636363636363635,0.8866666666666667,0.2363744075829384,669060.0,22021.524798675397
0.024165841924217717,0.13687821612349915,0.8866666666666667,0.23714710252600296,667080.0,21938.73711146233
0.02427946846861166,0.13709955218739237,0.8844444444444445,0.23739934387116016,669300.0,21848.42327086626
0.02438507038160586,0.1376210235131397,0.8844444444444445,0.2381807301017355,667320.0,21765.635583653195
0.02448100339694944,0.1381464769177369,0.8844444444444445,0.23896727709396579,665340.0,21682.84789644013
0.024603784984308496,0.13867595818815331,0.8844444444444445,0.2397590361445783,663360.0,21600.060209227064
0.024714686530360415,0.13885974116824065,0.8822222222222222,0.23995164702326988,665760.0,21517.272522014
0.024806979236282833,0.13939606741573032,0.8822222222222222,0.24075197089144937,663780.0,21434.484834800933
0.02488850404899784,0.13958406767712372,0.88,0.2409491937937329,666180.0,21351.697147587867
0.024990787500467477,0.14012738853503184,0.88,0.24175824175824176,664200.0,21268.9094603748
0.025131102879280772,0.14067495559502663,0.88,0.242572741194487,662220.0,21186.121773161736
0.02522834173054428,0.14122681883024252,0.88,0.24339274738783037,660240.0,21103.33408594867
0.025360844304264194,0.1414249910490512,0.8777777777777778,0.24360160345359236,662640.0,21020.546398735605
0.02554184569588968,0.1419841840402588,0.8777777777777778,0.24443069306930693,660660.0,20937.758711522543
0.025614505183282676,0.14254781667268135,0.8777777777777778,0.24526544551381557,658680.0,20854.971024309478
0.025734116570599753,0.14280536426241391,0.8755555555555555,0.24555936428794017,660900.0,20764.657183713403
0.025887900447873365,0.14301310043668122,0.8733333333333333,0.24577861163227016,663300.0,20681.869496500338
0.025983536362767488,0.1432225063938619,0.8711111111111111,0.24599937245058048,665700.0,20599.081809287272
0.026137659523982965,0.1438004402054292,0.8711111111111111,0.24685138539042822,663720.0,20516.294122074207
0.02624348580688201,0.14401473296500922,0.8688888888888889,0.24707740916271723,666120.0,20433.50643486114
0.026363150726824835,0.14460059171597633,0.8688888888888889,0.24793912492073558,664140.0,20350.71874764808
0.026453021788635914,0.14519123653917565,0.8688888888888889,0.24880687241489025,662160.0,20267.931060435014
0.026620287041630126,0.14578672632363907,0.8688888888888889,0.24968071519795657,660180.0,20185.14337322195
0.026794257413229904,0.14601272931486334,0.8666666666666667,0.24991989746876,662580.0,20102.35568600888
0.02693396065213307,0.1462406015037594,0.8644444444444445,0.25016077170418005,664980.0,20019.567998795814
0.027033138297218432,0.14647036617591544,0.8622222222222222,0.25040335592126495,667380.0,19936.78031158275
0.027166145904808064,0.1470811220621683,0.8622222222222222,0.25129533678756477,665400.0,19853.992624369686
0.027304476954073426,0.14775323686214775,0.8622222222222222,0.25227568270481143,663240.0,19763.678783773616
0.027386251474682374,0.14837476099426386,0.8622222222222222,0.2531810766721044,661260.0,19680.89109656055
0.027598225888246845,0.14861751152073732,0.86,0.25343811394891946,663660.0,19598.103409347485
0.027863031960384012,0.14924797531816428,0.86,0.2543542556687479,661680.0,19515.315722134415
0.02792057072382264,0.1498838109992254,0.86,0.2552770448548813,659700.0,19432.52803492135
0.02806697163113309,0.15052508751458576,0.86,0.25620655412115195,657720.0,19349.740347708284
0.028163242711953383,0.151171875,0.86,0.2571428571428571,655740.0,19266.952660495223
0.028274762770950375,0.15182424480188308,0.86,0.25808602867622543,653760.0,19184.164973282157
0.02838258164090306,0.1524822695035461,0.86,0.25903614457831325,651780.0,19101.37728606909
0.028514081035188373,0.15314602295211713,0.86,0.25999328182734294,649800.0,19018.589598856026
0.028736613399438983,0.1534181240063593,0.8577777777777778,0.2602832097100472,652200.0,18935.80191164296
0.028901179759044528,0.15409181636726546,0.8577777777777778,0.26125211505922163,650220.0,18853.01422442989
0.029030899519934886,0.15477145148356056,0.8577777777777778,0.26222826086956524,648240.0,18770.226537216826
0.029172974900430193,0.15511684125705077,0.8555555555555555,0.2626193724420191,650460.0,18679.912696620755
0.029293779063356923,0.1558073654390935,0.8555555555555555,0.2636083533036631,648480.0,18597.125009407693
0.02940749288792548,0.15609756097560976,0.8533333333333334,0.2639175257731959,650880.0,18514.337322194628
0.029534714150253834,0.15679869334422214,0.8533333333333334,0.2649189375646775,648900.0,18431.549634981562
0.02965731468400065,0.15709598031173092,0.8511111111111112,0.26523545706371193,651300.0,18348.761947768497
0.029815567885541155,0.15780799340749896,0.8511111111111112,0.2662495655196385,649320.0,18265.97426055543
0.02999650189973528,0.15852649006622516,0.8511111111111112,0.267271458478716,647340.0,18183.186573342362
0.030140266694230807,0.15925155925155926,0.8511111111111112,0.26830122591943956,645360.0,18100.3988861293
0.030268423204150543,0.1595655806182122,0.8488888888888889,0.26863572433192684,647760.0,18017.611198916235
0.0304919627006296,0.16030214015946287,0.8488888888888889,0.26967878573949877,645780.0,17934.82351170317
0.03072784714495823,0.16104553119730186,0.8488888888888889,0.27072997873848337,643800.0,17852.035824490104
0.030830605894406744,0.16179584921643372,0.8488888888888889,0.27178939879046604,641820.0,17769.248137277038
0.03100832539976102,0.16262239250744998,0.8488888888888889,0.27295462665237585,639660.0,17678.934296680967
0.031205184742712982,0.16338751069289992,0.8488888888888889,0.27403156384505023,637680.0,17596.146609467898
0.031342097456892225,0.16415986248388484,0.8488888888888889,0.2751170327691754,635700.0,17513.358922254836
0.03142672550033821,0.16493955094991364,0.8488888888888889,0.2762111352133044,633720.0,17430.57123504177
0.03158434387507346,0.16572668112798264,0.8488888888888889,0.2773139745916515,631740.0,17347.783547828705
0.03180274857628928,0.16652136006974716,0.8488888888888889,0.2784256559766764,629760.0,17264.99586061564
0.03199885545220023,0.16732369689005694,0.8488888888888889,0.2795462861324552,627780.0,17182.208173402574
0.03216789818314236,0.1681338028169014,0.8488888888888889,0.28067597354886115,625800.0,17099.42048618951
0.032356439581442735,0.16895179124281293,0.8488888888888889,0.2818148284765769,623820.0,17016.632798976443
0.03261850146160916,0.16977777777777778,0.8488888888888889,0.28296296296296297,621840.0,16933.845111763378
0.03282085909884418,0.1701652523447968,0.8466666666666667,0.28337671997024916,624240.0,16851.057424550312
0.033006111121861366,0.17055655296229802,0.8444444444444444,0.2837938760268857,626640.0,16768.269737337247
0.033109904649943796,0.17140279657194407,0.8444444444444444,0.2849643794525684,624660.0,16685.48205012418
0.033310863907341635,0.17233560090702948,0.8444444444444444,0.2862523540489642,622500.0,16595.16820952811
0.03356291767438733,0.1731996353691887,0.8444444444444444,0.2874432677760968,620520.0,16512.380522315045
0.03381755453055221,0.17361429225836006,0.8422222222222222,0.28788454234713257,622920.0,16429.59283510198
0.033950215466900156,0.17357274401473297,0.8377777777777777,0.28756674294431733,629700.0,16346.805147888912
0.034071947625956354,0.17445627024525684,0.8377777777777777,0.28877824588280354,627720.0,16264.017460675848
0.0342130058894664,0.17534883720930233,0.8377777777777777,0.29,625740.0,16181.229773462783
0.034418195117404966,0.17625058438522676,0.8377777777777777,0.29123213595983005,623760.0,16098.442086249717
0.03458233102463716,0.17716165413533835,0.8377777777777777,0.2924747866563227,621780.0,16015.654399036652
0.034757515333973504,0.1780821917808219,0.8377777777777777,0.2937280872613946,619800.0,15932.866711823588
0.03494816451213615,0.17901234567901234,0.8377777777777777,0.2949921752738654,617820.0,15850.079024610523
0.03528722117855918,0.17995226730310263,0.8377777777777777,0.2962671905697446,615840.0,15767.291337397457
0.035582708334347395,0.1809021113243762,0.8377777777777777,0.2975532754538279,613860.0,15684.503650184392
0.03580000564569818,0.18194980694980695,0.8377777777777777,0.29896907216494845,611700.0,15594.189809588319
0.03590187240570933,0.1829209121785541,0.8377777777777777,0.30027877339705294,609720.0,15511.402122375253
0.03611866410608362,0.18390243902439024,0.8377777777777777,0.3016,607740.0,15428.614435162188
0.036316032980905945,0.1844041196665032,0.8355555555555556,0.30212936922458816,610140.0,15345.826747949124
0.03647259949993568,0.1849112426035503,0.8333333333333334,0.3026634382566586,612540.0,15263.039060736059
0.036763232231439236,0.18542389687654934,0.8311111111111111,0.30320226996351846,614940.0,15180.251373522993
0.037031915096762895,0.18544366899302095,0.8266666666666667,0.30293159609120524,621720.0,15097.463686309928
0.03724970276327987,0.18646616541353384,0.8266666666666667,0.3042944785276074,619740.0,15014.67599909686
0.03749527109046245,0.1875,0.8266666666666667,0.3056696795398521,617760.0,14931.888311883795
0.037599581093198685,0.1880385200202737,0.8244444444444444,0.306231943871234,620160.0,14849.100624670731
0.03791680138629164,0.1890927624872579,0.8244444444444444,0.3076285240464345,618180.0,14766.312937457666
0.03811479359713892,0.18964633521271143,0.8222222222222222,0.3082049146189088,620580.0,14683.5252502446
0.03842575680364614,0.19072164948453607,0.8222222222222222,0.30962343096234307,618600.0,14600.737563031535
0.03868643655620764,0.19190871369294607,0.8222222222222222,0.31118587047939444,616440.0,14510.423722435464
0.0387857602856982,0.19196661450182578,0.8177777777777778,0.3109421208280524,623220.0,14427.636035222396
0.03914359614294356,0.1925498426023085,0.8155555555555556,0.31154499151103565,625620.0,14344.848348009331
0.03947151271573445,0.19366754617414247,0.8155555555555556,0.3130063965884861,623640.0,14262.060660796265
0.0397193836336832,0.1947983014861996,0.8155555555555556,0.3144815766923736,621660.0,14179.272973583202
0.04001155609595822,0.19540843566470903,0.8133333333333334,0.3151097718467499,624060.0,14096.485286370136
0.040273846659821165,0.19656283566058003,0.8133333333333334,0.3166089965397924,622080.0,14013.69759915707
0.04041436942012318,0.19773095623987033,0.8133333333333334,0.318122555410691,620100.0,13930.909911944005
0.04065789611453333,0.1983695652173913,0.8111111111111111,0.31877729257641924,622500.0,13848.122224730942
0.04100017337715557,0.19956260251503555,0.8111111111111111,0.3203159280386134,620520.0,13765.334537517876
0.04125745224039595,0.2002200220022002,0.8088888888888889,0.32098765432098764,622920.0,13682.546850304809
0.041569720913682745,0.2014388489208633,0.8088888888888889,0.3225520602569783,620940.0,13599.759163091743
0.04175130021547096,0.20222841225626742,0.8066666666666666,0.32338530066815147,623160.0,13509.445322495672
0.04210617360121086,0.20291479820627803,0.8044444444444444,0.32408236347359,625560.0,13426.657635282607
0.04248040498311524,0.2041737168640722,0.8044444444444444,0.32568600989653623,623580.0,13343.869948069541
0.04269107493210144,0.2054483541430193,0.8044444444444444,0.32730560578661844,621600.0,13261.082260856478
0.04279796350735155,0.2067390062821245,0.8044444444444444,0.32894139027714675,619620.0,13178.294573643412
0.04319360593371174,0.2074712643678161,0.8022222222222222,0.32968036529680367,622020.0,13095.506886430345
0.04353803648004233,0.2087912087912088,0.8022222222222222,0.33134465351078474,620040.0,13012.71919921728
0.04381057709301998,0.20954598370197905,0.8,0.33210332103321033,622440.0,12929.931512004214
0.04406228745036386,0.2103104862331576,0.7977777777777778,0.3328697264719518,624840.0,12847.143824791148
0.04438009977539752,0.2104952830188679,0.7933333333333333,0.33271202236719477,631620.0,12764.356137578085
0.04482113681273086,0.21068249258160238,0.7888888888888889,0.3325526932084309,638400.0,12681.568450365019
0.045218301306033236,0.2120669056152927,0.7888888888888889,0.3342749529190207,636420.0,12598.780763151954
0.04547850708592439,0.21346963319302464,0.7888888888888889,0.33601514434453383,634440.0,12515.993075938888
0.04591236128732719,0.21441550575408844,0.7866666666666666,0.3369823893384103,636660.0,12425.679235342817
0.04634374596641474,0.21585365853658536,0.7866666666666666,0.33875598086124403,634680.0,12342.89154812975
0.04661209471275606,0.21731123388581952,0.7866666666666666,0.34054834054834054,632700.0,12260.103860916684
0.046896301214518946,0.21878862793572312,0.7866666666666666,0.34235976789168276,630720.0,12177.31617370362
0.04712517504663065,0.2196639701306783,0.7844444444444445,0.34321827904715607,633120.0,12094.528486490555
0.04762783737912306,0.22055137844611528,0.7822222222222223,0.34408602150537637,635520.0,12011.74079927749
0.047884040076902876,0.2220820189274448,0.7822222222222223,0.34594594594594597,633540.0,11928.953112064424
0.04850879058962121,0.22363405336721728,0.7822222222222223,0.34782608695652173,631560.0,11846.165424851359
0.048966193927500956,0.2252079334612924,0.7822222222222223,0.34972677595628415,629580.0,11763.377737638293
0.04937459505629531,0.226159793814433,0.78,0.35064935064935066,631980.0,11680.590050425228
0.049796451638923364,0.22777417261518496,0.78,0.35258663987945754,630000.0,11597.802363212162
0.0500917047551542,0.22875816993464052,0.7777777777777778,0.35353535353535354,632400.0,11515.014675999097
0.05053930526811645,0.22924901185770752,0.7733333333333333,0.35365853658536583,639000.0,11424.700835403026
0.05101384695321995,0.22959522229595222,0.7688888888888888,0.35360245273377616,645780.0,11341.91314818996
0.05135271686261717,0.2306149732620321,0.7666666666666667,0.3545734840698869,648180.0,11259.125460976895
0.051876205633008245,0.23164983164983166,0.7644444444444445,0.35555555555555557,650580.0,11176.33777376383
0.05246491762680396,0.2327001356852103,0.7622222222222222,0.35654885654885654,652980.0,11093.550086550764
0.052849263631894065,0.23239917976760083,0.7555555555555555,0.35546262415054886,664140.0,11010.762399337698
0.05306064405874068,0.23415977961432508,0.7555555555555555,0.35751840168243953,662160.0,10927.974712124633
0.05347099789354912,0.2359472588480222,0.7555555555555555,0.3595980962453728,660180.0,10845.187024911567
0.05414861512437053,0.23776223776223776,0.7555555555555555,0.3617021276595745,658200.0,10762.399337698504
0.05465379926425228,0.23960535588442566,0.7555555555555555,0.3638309256286784,656220.0,10679.611650485436
0.05514524723965003,0.24147727272727273,0.7555555555555555,0.36598493003229277,654240.0,10596.82396327237
0.05552699543452193,0.24266284896206156,0.7533333333333333,0.3670817541959935,656640.0,10514.036276059307
0.05615768196576823,0.24386724386724387,0.7511111111111111,0.3681917211328976,659040.0,10431.248588846242
0.05663911626085529,0.24599708879184862,0.7511111111111111,0.3706140350877193,656880.0,10340.934748250169
0.05700607044671436,0.24724871606749815,0.7488888888888889,0.37175951461665746,659280.0,10258.147061037103
0.057509790877548886,0.2485207100591716,0.7466666666666667,0.3729189789123196,661680.0,10175.35937382404
0.058051140862237505,0.2505592841163311,0.7466666666666667,0.37520938023450584,659700.0,10092.571686610974
0.05853590158544995,0.25263157894736843,0.7466666666666667,0.3775280898876405,657720.0,10009.783999397907
0.05884146600528898,0.25473843821076575,0.7466666666666667,0.37987563595251556,655740.0,9926.996312184843
0.05990138734849878,0.25688073394495414,0.7466666666666667,0.3822525597269625,653760.0,9844.208624971778
0.060379220965481754,0.2582883577486507,0.7444444444444445,0.38351459645105895,656160.0,9761.420937758712
0.060869771034708336,0.25972006220839816,0.7422222222222222,0.3847926267281106,658560.0,9678.633250545645
0.0612441183025146,0.2611764705882353,0.74,0.38608695652173913,660960.0,9595.845563332581
0.06182243026256534,0.2634493670886076,0.74,0.3885647607934656,658980.0,9513.057876119516
0.06211195731956362,0.2649640861931365,0.7377777777777778,0.38990017615971817,661380.0,9430.27018890645
0.06261033485126466,0.26672038678485094,0.7355555555555555,0.3914843287995269,663600.0,9339.956348310378
0.06304609619096556,0.26910569105691057,0.7355555555555555,0.39404761904761904,661620.0,9257.168661097314
0.06357198651352182,0.2715340442986054,0.7355555555555555,0.396644697423607,659640.0,9174.380973884248
0.06408131723040432,0.2740066225165563,0.7355555555555555,0.39927623642943305,657660.0,9091.593286671181
0.06503860333180293,0.27485380116959063,0.7311111111111112,0.3995142683667274,664440.0,9008.805599458117
0.06535232771775033,0.2765598650927487,0.7288888888888889,0.40097799511002447,666840.0,8926.017912245052
0.06627168508069016,0.27914893617021275,0.7288888888888889,0.4036923076923077,664860.0,8843.230225031986
0.06700333849547607,0.2809278350515464,0.7266666666666667,0.4052044609665427,667260.0,8760.44253781892
0.06747227332451144,0.28360797918473546,0.7266666666666667,0.4079850280723643,665280.0,8677.654850605855
0.06828035633050422,0.28371278458844135,0.72,0.40703517587939697,676440.0,8594.86716339279
0.06918219157491394,0.28558797524314766,0.7177777777777777,0.40860215053763443,678840.0,8512.079476179724
0.07005217724563786,0.2883928571428571,0.7177777777777777,0.41146496815286626,676860.0,8429.291788966659
0.07084399079605445,0.29125338142470697,0.7177777777777777,0.4143681847338037,674880.0,8346.504101753593
0.07171231591366001,0.292616226071103,0.7133333333333334,0.41499676793794443,681480.0,8256.190261157522
0.07260424484515635,0.2937384898710866,0.7088888888888889,0.4153645833333333,688260.0,8173.402573944456
0.07336498366826344,0.2958139534883721,0.7066666666666667,0.41704918032786886,690660.0,8090.614886731391
0.07413275826206667,0.29887218045112784,0.7066666666666667,0.4200792602377807,688680.0,8007.827199518326
0.07492110971731582,0.3010446343779677,0.7044444444444444,0.4218230206254158,691080.0,7925.039512305261
0.07555470981587754,0.30422264875239924,0.7044444444444444,0.4249329758713137,689100.0,7842.251825092196
0.07672555763938313,0.30746847720659554,0.7044444444444444,0.42808912896691426,687120.0,7759.464137879129
0.07767747310228107,0.3088235294117647,0.7,0.42857142857142855,693900.0,7676.676450666065
0.07874235301368396,0.311199207135778,0.6977777777777778,0.43043180260452363,696300.0,7593.888763452999
0.07958321467876815,0.31462925851703405,0.6977777777777778,0.43370165745856354,694320.0,7511.101076239935
0.08105041523346279,0.3181357649442756,0.6977777777777778,0.43702157272094644,692340.0,7428.313389026868
0.08226725997623205,0.3206967213114754,0.6955555555555556,0.43899018232819076,694740.0,7345.525701813803
0.08307899177672519,0.3236514522821577,0.6933333333333334,0.44130127298444133,696960.0,7255.211861217732
0.08459350885976395,0.32633788037775446,0.6911111111111111,0.44333570919458304,699360.0,7172.4241740046655
0.08519242333210288,0.32802547770700635,0.6866666666666666,0.44396551724137934,706140.0,7089.636486791601
0.08577804084167562,0.3297529538131042,0.6822222222222222,0.444605358435916,712920.0,7006.848799578535
0.0867581137425869,0.33369565217391306,0.6822222222222222,0.4481751824817518,710940.0,6924.061112365471
0.08795807904733614,0.33663366336633666,0.68,0.4503311258278146,713340.0,6841.273425152404
0.0890378198036134,0.34075723830734966,0.68,0.4540059347181009,711360.0,6758.485737939339
0.09115399045190763,0.342728297632469,0.6755555555555556,0.45474943904263276,718140.0,6675.698050726274
0.09225267401532289,0.3470319634703196,0.6755555555555556,0.45852187028657615,716160.0,6592.910363513209
0.0936787353075451,0.3514450867052023,0.6755555555555556,0.4623574144486692,714180.0,6510.122676300142
0.09508181507203278,0.3559718969555035,0.6755555555555556,0.4662576687116564,712200.0,6427.334989087078
0.09646871978856218,0.3582443653618031,0.6711111111111111,0.4671307037896365,718980.0,6344.547301874012
0.09799802379946627,0.3605769230769231,0.6666666666666666,0.46801872074882994,725760.0,6261.759614660948
0.09938677758660362,0.36341463414634145,0.6622222222222223,0.4692913385826772,732360.0,6171.445774064875
0.10031631560520701,0.36711990111248455,0.66,0.47180301826846704,734760.0,6088.65808685181
0.10217534585517458,0.37218045112781956,0.66,0.47596153846153844,732780.0,6005.870399638745
0.10336146292187269,0.3761118170266836,0.6577777777777778,0.4785772029102668,735180.0,5923.082712425679
0.10448773567633943,0.3788659793814433,0.6533333333333333,0.4796084828711256,741960.0,5840.295025212614
0.10816131124363577,0.3843137254901961,0.6533333333333333,0.4839506172839506,739980.0,5757.507337999548
0.10997557239423071,0.38992042440318303,0.6533333333333333,0.4883720930232558,738000.0,5674.719650786484
0.1124510078450193,0.3943472409152086,0.6511111111111111,0.4911986588432523,740400.0,5591.931963573417
0.11471245933892925,0.3989071038251366,0.6488888888888888,0.494077834179357,742800.0,5509.144276360353
0.11688833513245771,0.40360610263522884,0.6466666666666666,0.49701110162254486,745200.0,5426.356589147287
0.11859725442744759,0.4098591549295775,0.6466666666666666,0.5017241379310344,743220.0,5343.568901934222
0.11985619199050777,0.413447782546495,0.6422222222222222,0.5030461270670148,750000.0,5260.781214721156
0.1218424325778534,0.42066957787481807,0.6422222222222222,0.5083553210202286,747840.0,5170.4673741250845
0.1232236817041855,0.4275147928994083,0.6422222222222222,0.5133214920071048,745860.0,5087.67968691202
0.1267241520239851,0.4345864661654135,0.6422222222222222,0.5183856502242152,743880.0,5004.891999698953
0.12906672092374707,0.4418960244648318,0.6422222222222222,0.5235507246376812,741900.0,4922.104312485889
0.13172973978023528,0.447900466562986,0.64,0.5269899359560841,744300.0,4839.316625272822
0.13302256072397528,0.4525316455696203,0.6355555555555555,0.5286506469500925,751080.0,4756.528938059758
0.13477178066754086,0.45410628019323673,0.6266666666666667,0.5266106442577031,766620.0,4673.741250846692
0.13768547212871074,0.460655737704918,0.6244444444444445,0.530188679245283,769020.0,4590.953563633627
0.14104435861626868,0.4674457429048414,0.6222222222222222,0.5338417540514776,771420.0,4508.165876420561
0.14596778070536165,0.4710884353741497,0.6155555555555555,0.5337186897880539,782580.0,4425.378189207496
0.14873664432995903,0.4783362218370884,0.6133333333333333,0.5374878286270691,784980.0,4342.59050199443
0.15325852814324273,0.4840989399293286,0.6088888888888889,0.5393700787401575,791760.0,4259.802814781366
0.15745381643613107,0.4918918918918919,0.6066666666666667,0.5432835820895522,794160.0,4177.015127568299
0.16291449697379387,0.4953959484346225,0.5977777777777777,0.5417925478348439,809520.0,4086.701286972228
0.16759173832192,0.5037593984962406,0.5955555555555555,0.5458248472505092,811920.0,4003.913599759163
0.1712444738850283,0.510556621880998,0.5911111111111111,0.5478887744593203,818700.0,3921.125912546098
0.17393746153210765,0.5176470588235295,0.5866666666666667,0.55,825480.0,3838.3382253330324
0.18224801584806682,0.5190380761523046,0.5755555555555556,0.5458377239199157,845400.0,3755.5505381199673
0.18875326399267306,0.5266393442622951,0.5711111111111111,0.5479744136460555,852180.0,3672.7628509069013
0.19282800405369235,0.5345911949685535,0.5666666666666667,0.5501618122977346,858960.0,3589.9751636938363
0.19615556326578157,0.5386266094420601,0.5577777777777778,0.5480349344978166,874500.0,3507.187476480771
0.2020106371620508,0.5472527472527473,0.5533333333333333,0.5502762430939226,881280.0,3424.3997892677057
0.20627456754444157,0.545045045045045,0.5377777777777778,0.5413870246085011,909960.0,3341.6121020546398
0.2124462395243979,0.5542725173210161,0.5333333333333333,0.5436013590033975,916740.0,3258.8244148415747
0.2206034740816313,0.5592417061611374,0.5244444444444445,0.5412844036697247,932280.0,3176.036727628509
0.22495941399331204,0.5707317073170731,0.52,0.5441860465116279,938880.0,3085.7228870324375
0.23290484929532046,0.581453634085213,0.5155555555555555,0.5465253239104829,945660.0,3002.9351998193724
0.24021212716879164,0.5927835051546392,0.5111111111111111,0.548926014319809,952440.0,2920.147512606307
0.24352020521294865,0.6021220159151194,0.5044444444444445,0.5489721886336155,963600.0,2837.359825393242
0.2587899717855649,0.6120218579234973,0.49777777777777776,0.5490196078431373,974760.0,2754.5721381801764
0.26900657601805217,0.6253521126760564,0.49333333333333335,0.5515527950310559,981540.0,2671.784450967111
0.27648188193558987,0.6366279069767442,0.4866666666666667,0.5516372795969773,992700.0,2588.9967637540453
0.28743135449615814,0.6426426426426426,0.47555555555555556,0.5466155810983397,1012620.0,2506.20907654098
0.30005667440165384,0.6521739130434783,0.4666666666666667,0.5440414507772021,1028160.0,2423.4213893279148
0.31506817838822687,0.6720257234726688,0.46444444444444444,0.5492772667542707,1030560.0,2340.6337021148493
0.32920412627104323,0.6966666666666667,0.46444444444444444,0.5573333333333333,1028580.0,2257.8460149017837
0.34503901981324187,0.698961937716263,0.4488888888888889,0.5466847090663058,1057260.0,2175.0583276887182
0.36002728698554404,0.7086330935251799,0.43777777777777777,0.5412087912087912,1077180.0,2092.270640475653
0.37934714834624195,0.7255639097744361,0.4288888888888889,0.5391061452513967,1092540.0,2001.9567998795815
0.39548959658251054,0.7372549019607844,0.4177777777777778,0.5333333333333333,1112460.0,1919.1691126665162
0.4162408667092694,0.7540983606557377,0.4088888888888889,0.5302593659942363,1128000.0,1836.3814254534507
0.4386313095629256,0.7639484978540773,0.39555555555555555,0.5212298682284041,1152300.0,1753.5937382403854
0.4759550404776106,0.7657657657657657,0.37777777777777777,0.5059523809523809,1185360.0,1670.8060510273199
0.4937649284752703,0.7819905213270142,0.36666666666666664,0.49924357034795763,1205280.0,1588.0183638142546
0.5249500016741788,0.82,0.36444444444444446,0.5046153846153846,1207680.0,1505.230676601189
0.5459661749013357,0.8306878306878307,0.3488888888888889,0.49139280125195617,1236360.0,1422.4429893881236
0.5868460706608579,0.8539325842696629,0.3377777777777778,0.4840764331210191,1256280.0,1339.6553021750583
0.6251986850754262,0.8682634730538922,0.32222222222222224,0.4700162074554295,1284960.0,1256.8676149619928
0.6682796741414574,0.8717948717948718,0.3022222222222222,0.44884488448844884,1322400.0,1174.0799277489275
0.6991522427975873,0.8689655172413793,0.28,0.4235294117647059,1364220.0,1091.2922405358622
0.7364324309097274,0.8796992481203008,0.26,0.4013722126929674,1401480.0,1000.9783999397907
0.7603621773916102,0.8770491803278688,0.23777777777777778,0.3741258741258741,1443300.0,918.1907127267253
0.7819002320859493,0.9009009009009009,0.2222222222222222,0.35650623885918004,1471980.0,835.4030255136599
0.7998528329808638,0.93,0.20666666666666667,0.3381818181818182,1500660.0,752.6153383005945
0.81543580735614,0.9325842696629213,0.18444444444444444,0.3079777365491651,1542480.0,669.8276510875291
0.829993798830744,0.9615384615384616,0.16666666666666666,0.2840909090909091,1575540.0,587.0399638744638
0.8506794975834725,0.9701492537313433,0.14444444444444443,0.2514506769825919,1617360.0,504.2522766613984
0.8792471505100075,0.9642857142857143,0.12,0.2134387351778656,1663560.0,421.46458944833296
0.8983833856735434,0.9555555555555556,0.09555555555555556,0.17373737373737375,1709760.0,338.67690223526756
0.9166632324848114,0.9411764705882353,0.07111111111111111,0.1322314049586777,1755960.0,255.88921502220217
0.9328956461059019,1.0,0.051111111111111114,0.09725158562367865,1793400.0,173.10152780913674
0.9527343057626633,1.0,0.02666666666666667,0.05194805194805195,1839600.0,90.31384059607134
0.9906194554622557,1.0,0.0022222222222222222,0.004434589800443459,1885800.0,7.526153383005946
