modelo,threshold,precision,recall,f1,cost_q,alertas_por_100k
A_V4,0.00012566619955781366,0.03597501317076842,1.0,0.06945150744642209,2305620.0,100000.0
A_V4,0.00020445714304768406,0.03609454051196859,1.0,0.06967422199548137,2297700.0,99668.84925114774
A_V4,0.00023298735235502673,0.03621486476248201,1.0,0.06989836952548073,2289780.0,99337.69850229548
A_V4,0.00026230510021766333,0.03633599391866211,1.0,0.07012396391109808,2281860.0,99006.54775344321
A_V4,0.0002624639462302833,0.03633875627185647,1.0,0.07012910798122066,2281680.0,98999.02160006021
A_V4,0.0002846549801779073,0.036457936084204105,1.0,0.07035101920671132,2273940.0,98675.39700459095
A_V4,0.00029412878951421323,0.03652200488997555,1.0,0.0704702933805101,2269800.0,98502.29547678182
A_V4,0.00030540112509793013,0.03658069947195225,1.0,0.0705795496493171,2266020.0,98344.24625573869
A_V4,0.00032179809390958566,0.03670429240574368,1.0,0.07080956966150655,2258100.0,98013.09550688643
A_V4,0.0003219272796337075,0.036707111042850564,1.0,0.07081481481481483,2257920.0,98005.56935350342
A_V4,0.00033978052384754637,0.036828723322289855,1.0,0.07104109385449951,2250180.0,97681.94475803417
A_V4,0.00034869598879772783,0.036894103118246376,1.0,0.07116272145302963,2246040.0,97508.84323022503
A_V4,0.00035692054160551764,0.03695400077309625,1.0,0.07127413703123835,2242260.0,97350.7940091819
A_V4,0.00037347878330908335,0.03708013342642153,1.0,0.07150871418954297,2234340.0,97019.64326032964
A_V4,0.0003735386017638606,0.03708013342642153,1.0,0.07150871418954297,2234340.0,97019.64326032964
A_V4,0.00039098829866759233,0.03712929088503152,0.997907949790795,0.07159474671669792,2230800.0,96688.49251147738
A_V4,0.00039846486011190256,0.037192982456140354,0.997907949790795,0.07171314741035857,2226840.0,96522.91713705126
A_V4,0.0004073654681493889,0.03725689291572288,0.997907949790795,0.0718319403659363,2222880.0,96357.34176262513
A_V4,0.00042112279775978495,0.037385375029391016,0.997907949790795,0.07207071088615244,2214960.0,96026.19101377287
A_V4,0.00042119675057667827,0.037385375029391016,0.997907949790795,0.07207071088615244,2214960.0,96026.19101377287
A_V4,0.00044362207423880745,0.037514746362563904,0.997907949790795,0.07231107405442282,2207040.0,95695.0402649206
A_V4,0.00045243549434653853,0.03757976837627038,0.997907949790795,0.07243185786956191,2203080.0,95529.46489049446
A_V4,0.00046180066913656663,0.037645016178675716,0.997907949790795,0.07255304585900069,2199120.0,95363.88951606833
A_V4,0.0004763859095907592,0.03777320240734875,0.997907949790795,0.07279108805127422,2191380.0,95040.26492059909
A_V4,0.00047644837212660896,0.037776193870277974,0.997907949790795,0.07279664250286148,2191200.0,95032.73876721607
A_V4,0.0004966956250550687,0.037908288961296985,0.997907949790795,0.0730418804073195,2183280.0,94701.58801836381
A_V4,0.00050136354318406,0.03797166056360452,0.997907949790795,0.073159509202454,2179500.0,94543.5387973207
A_V4,0.0005084691427581958,0.038041311109338866,0.997907949790795,0.07328877621571792,2175360.0,94370.43726951156
A_V4,0.00052315961497376,0.038172215108834825,0.997907949790795,0.07353167874209958,2167620.0,94046.8126740423
A_V4,0.0005238368691397416,0.03817527010804322,0.997907949790795,0.07353734679719418,2167440.0,94039.2865206593
A_V4,0.0005361668740632067,0.03831017588948679,0.997907949790795,0.0737876092505221,2159520.0,93708.13577180704
A_V4,0.000541312156880225,0.03837489943684634,0.997907949790795,0.07390765416795786,2155740.0,93550.0865507639
A_V4,0.0005497803172101163,0.038446038526638186,0.997907949790795,0.0740395809080326,2151600.0,93376.98502295477
A_V4,0.0005677219613620156,0.038495754144763444,0.99581589958159,0.0741259830257728,2148420.0,93060.88658086852
A_V4,0.0005682919277772054,0.03850198171964733,0.99581589958159,0.07413752822988864,2148060.0,93045.8342741025
A_V4,0.0005875875791787386,0.038639499959412286,0.99581589958159,0.07439243572712355,2140140.0,92714.68352525024
A_V4,0.0005930645445432717,0.03870233352305066,0.99581589958159,0.0745088831494091,2136540.0,92564.16045759013
A_V4,0.0006008112992471454,0.03877800407331976,0.99581589958159,0.07464910217203796,2132220.0,92383.53277639799
A_V4,0.0006172411033462512,0.038911141992969835,0.99581589958159,0.074895759578318,2124660.0,92067.43433431174
A_V4,0.0006186386158996047,0.03891750470116916,0.99581589958159,0.07490754583366119,2124300.0,92052.38202754573
A_V4,0.0006329858030940281,0.039058012636415854,0.99581589958159,0.07516778523489932,2116380.0,91721.23127869346
A_V4,0.000643264295536948,0.039122215829703294,0.99581589958159,0.0752866745749308,2112780.0,91570.70821103334
A_V4,0.0006502088286142325,0.03919953882895495,0.99581589958159,0.07542983915696062,2108460.0,91390.0805298412
A_V4,0.0006672430828450332,0.03933559209982646,0.99581589958159,0.0756816917084029,2100900.0,91073.98208775495
A_V4,0.0006678946480079872,0.039342094387965945,0.99581589958159,0.07569372664387373,2100540.0,91058.92978098894
A_V4,0.0006834404050414634,0.03948569058481958,0.99581589958159,0.07595946700710125,2092620.0,90727.77903213668
A_V4,0.000693245245172755,0.03954802259887006,0.99581589958159,0.0760747962282244,2089200.0,90584.78211785956
A_V4,0.0007034157599129904,0.03963033885604862,0.99581589958159,0.07622707983025062,2084700.0,90396.62828328442
A_V4,0.0007170548566624525,0.03976608187134503,0.99581589958159,0.07647814910025708,2077320.0,90088.05599458117
A_V4,0.0007187150757097096,0.039776050806384224,0.99581589958159,0.07649658497388509,2076780.0,90065.47753443215
A_V4,0.000736891596544981,0.03992283821185943,0.99581589958159,0.07676800258043705,2068860.0,89734.32678557989
A_V4,0.0007463314321531197,0.039986559139784945,0.99581589958159,0.07688580197060248,2065440.0,89591.32987130278
A_V4,0.0007528800290773417,0.040070713022981735,0.99581589958159,0.07704135307922635,2060940.0,89403.17603672763
A_V4,0.0007689892534273593,0.04020949484710255,0.99581589958159,0.07729782396882105,2053560.0,89094.60374802438
A_V4,0.0007703200930425317,0.04021968736797634,0.99581589958159,0.07731665719158613,2053020.0,89072.02528787537
A_V4,0.0007898415511347194,0.04036977355610211,0.99581589958159,0.07759393593609912,2045100.0,88740.8745390231
A_V4,0.0007970553267386235,0.0404314957954642,0.99581589958159,0.07770794220879929,2041860.0,88605.403778129
A_V4,0.0008079052634848798,0.04052098408104197,0.99581589958159,0.07787321063394684,2037180.0,88409.72379017084
A_V4,0.0008240032472186357,0.040659434526351755,0.99581589958159,0.07812884694296265,2029980.0,88108.6776548506
A_V4,0.000825369195548759,0.040676807383353275,0.99581589958159,0.07816091954022988,2029080.0,88071.04688793558
A_V4,0.0008432074354833538,0.04083033110310516,0.99581589958159,0.07844429795649308,2021160.0,87739.89613908331
A_V4,0.0008501658171184628,0.040889957907396274,0.99581589958159,0.07855433616635037,2018100.0,87611.95153157222
A_V4,0.0008588141767378651,0.04098501808162562,0.99581589958159,0.07872973867019516,2013240.0,87408.74539023105
A_V4,0.0008738011306995934,0.04112311015118791,0.99581589958159,0.07898448519040903,2006220.0,87115.22540829382
A_V4,0.0008758785031663565,0.04114088159031979,0.99581589958159,0.07901726427622842,2005320.0,87077.59464137879
A_V4,0.000888462110946744,0.04129793510324484,0.99581589958159,0.07930689770076642,1997400.0,86746.44389252653
A_V4,0.0008930404116870661,0.041355343179843615,0.99581589958159,0.07941274607941273,1994520.0,86626.02543839843
A_V4,0.0009022557070788965,0.04145619230099286,0.99581589958159,0.07959866220735785,1989480.0,86415.29314367427
A_V4,0.0009155075692895662,0.04159384830478854,0.99581589958159,0.07985237376279147,1982640.0,86129.29931512005
A_V4,0.0009173587834935485,0.0416156670746634,0.99581589958159,0.07989258140315542,1981560.0,86084.142394822
A_V4,0.0009333987812556986,0.04177637352992803,0.99581589958159,0.080188679245283,1973640.0,85752.99164596974
A_V4,0.0009400219179516153,0.04183512040780454,0.99581589958159,0.08029689608636978,1970760.0,85632.57319184166
A_V4,0.0009504899378250237,0.04193832599118943,0.99581589958159,0.08048698004734528,1965720.0,85421.84089711748
A_V4,0.0009661754227954074,0.04207920792079208,0.99581589958159,0.08074639525021204,1958880.0,85135.84706856325
A_V4,0.0009684973839099424,0.04210153900583761,0.99581589958159,0.08078750848608282,1957800.0,85090.69014826522
A_V4,0.0009849369019867403,0.04226602734860593,0.99581589958159,0.08109028960817719,1949880.0,84759.53939941297
A_V4,0.0009897659911632288,0.04232239708366676,0.99581589958159,0.08119402985074627,1947180.0,84646.64709866788
A_V4,0.0010061244850979201,0.0424318060260296,0.99581589958159,0.08139534883720931,1941960.0,84428.38865056071
A_V4,0.0010232191955372547,0.04257222073159825,0.99581589958159,0.08165365811819196,1935300.0,84149.92097538948
A_V4,0.0010275564228278593,0.04259889028100949,0.99581589958159,0.08170271198077583,1934040.0,84097.23790170843
A_V4,0.00104362695078886,0.042767295597484274,0.99581589958159,0.08201240523776705,1926120.0,83766.08715285617
A_V4,0.0010491049810961207,0.04282501124606388,0.99581589958159,0.08211851979642888,1923420.0,83653.19485211109
A_V4,0.001057292747360382,0.04293703770521378,0.99581589958159,0.08232445520581114,1918200.0,83434.9364040039
A_V4,0.0010735811273986148,0.043080821793827495,0.99581589958159,0.08258870478008155,1911540.0,83156.46872883268
A_V4,0.0010797496111632054,0.04310813258467669,0.99581589958159,0.08263888888888889,1910280.0,83103.78565515165
A_V4,0.001097790622706992,0.04328059647208583,0.99581589958159,0.08295573370512373,1902360.0,82772.6349062994
A_V4,0.0011044652330845124,0.04333576110706482,0.99581589958159,0.08305705810504276,1899840.0,82667.26875893731
A_V4,0.0011199605794508626,0.04345444586452438,0.99581589958159,0.0832750174947516,1894440.0,82441.48415744714
A_V4,0.0011385626210981689,0.04359772852170727,0.99581589958159,0.08353808353808354,1887960.0,82170.54263565892
A_V4,0.0011425025000234741,0.043629697525206235,0.99581589958159,0.08359676852827538,1886520.0,82110.33340859487
A_V4,0.001159926573462844,0.043714338302963375,0.9937238493723849,0.08374471086036672,1882980.0,81779.18265974261
A_V4,0.001167557151226103,0.04377073350534464,0.9937238493723849,0.08384819064430715,1880460.0,81673.81651238052
A_V4,0.0011857593881021626,0.04389207170578451,0.9937238493723849,0.08407079646017698,1875060.0,81448.03191089033
A_V4,0.0011990759239682925,0.04403856851474133,0.9937238493723849,0.08433948863636363,1868580.0,81177.09038910213
A_V4,0.0012056053950344865,0.04407125626275747,0.9937238493723849,0.08439943141435678,1867140.0,81116.88116203807
A_V4,0.0012248841964145106,0.044158747903856904,0.9916317991631799,0.08455226542989655,1863600.0,80785.73041318583
A_V4,0.0012296318303601185,0.044212293629325626,0.9916317991631799,0.08465041521564427,1861260.0,80687.89041920674
A_V4,0.0012416938784429337,0.04424695977549111,0.9895397489539749,0.08470630372492835,1860060.0,80454.57966433356
A_V4,0.0012617741213505455,0.04439230408259033,0.9895397489539749,0.08497260397017874,1853760.0,80191.16429592835
A_V4,0.0012673626998146162,0.04442983280105204,0.9895397489539749,0.0850413520316433,1852140.0,80123.4289154813
A_V4,0.0012863105455526301,0.04461422373137144,0.9895397489539749,0.08537906137184115,1844220.0,79792.27816662904
A_V4,0.0012922168135087986,0.04457455850410803,0.9874476987447699,0.08529863558326556,1846260.0,79694.43817264996
A_V4,0.0013111630063020678,0.044705436635726466,0.9874476987447699,0.0855382384922073,1840680.0,79461.12741777678
A_V4,0.0013244865273022881,0.044854129050650955,0.9874476987447699,0.08581038087446596,1834380.0,79197.71204937158
A_V4,0.001331148081719214,0.04489252425337645,0.9874476987447699,0.08588064046579329,1832760.0,79129.97666892452
A_V4,0.0013558025171639815,0.04498567335243553,0.9853556485355649,0.08604311289733284,1829220.0,78798.82592007225
A_V4,0.0013667529423349342,0.045037292025243834,0.9853556485355649,0.08613752743233358,1827060.0,78708.51207947618
A_V4,0.0013848595617150707,0.04517552273163246,0.9853556485355649,0.0863903154805576,1821300.0,78467.67517121999
A_V4,0.0014027211672168673,0.045323325635103925,0.9853556485355649,0.08666053357865686,1815180.0,78211.78595619778
A_V4,0.0014072179791052093,0.045366981313812366,0.9853556485355649,0.0867403314917127,1813380.0,78136.52442236773
A_V4,0.0014288648203595814,0.04556006964596634,0.9853556485355649,0.0870931952662722,1805460.0,77805.37367351547
A_V4,0.0014328010604735474,0.045613015688553166,0.9853556485355649,0.08718992965568308,1803300.0,77715.0598329194
A_V4,0.001454338096989691,0.0457548086263843,0.9853556485355649,0.08744894170070554,1797540.0,77474.2229246632
A_V4,0.001467628315430104,0.04590643274853801,0.9853556485355649,0.08772583348854536,1791420.0,77218.33370964101
A_V4,0.0014753117572408444,0.04595121951219512,0.9853556485355649,0.08780760626398211,1789620.0,77143.07217581094
A_V4,0.0014964493279410896,0.04605134234763864,0.9832635983263598,0.08798202920254584,1786080.0,76811.92142695868
A_V4,0.0015042123711637458,0.04610555228565823,0.9832635983263598,0.08808095952023988,1783920.0,76721.6075863626
A_V4,0.001523563499480911,0.04625073804369219,0.9832635983263598,0.08834586466165413,1778160.0,76480.77067810642
A_V4,0.001535125665843076,0.046401421660578535,0.9832635983263598,0.08862072216460827,1772220.0,76232.40761646723
A_V4,0.0015421420241371845,0.04645186795809449,0.9832635983263598,0.08871272178180445,1770240.0,76149.61992925416
A_V4,0.0015732027530303953,0.04665475481437364,0.9832635983263598,0.08908263836239576,1762320.0,75818.4691804019
A_V4,0.001579556201611204,0.04670575375136639,0.9832635983263598,0.08917560003794706,1760340.0,75735.68149318884
A_V4,0.001598253449918039,0.046759720837487535,0.9811715481171548,0.08926532165968787,1758780.0,75487.31843154963
A_V4,0.001618176343890578,0.04691407422226668,0.9811715481171548,0.08954653937947493,1752840.0,75238.95536991044
A_V4,0.0016277219068619236,0.046965752052874024,0.9811715481171548,0.0896406727828746,1750860.0,75156.16768269737
A_V4,0.0016571994722348353,0.04717360692013679,0.9811715481171548,0.09001919385796545,1742940.0,74825.01693384511
A_V4,0.0016611910068905814,0.04722585842311953,0.9811715481171548,0.09011432414256894,1740960.0,74742.22924663204
A_V4,0.0016790664742482142,0.04738330975954738,0.9811715481171548,0.09040092521202775,1735020.0,74493.86618499285
A_V4,0.0016999799889609517,0.047536995742955605,0.9811715481171548,0.09068058778035576,1729260.0,74253.02927673666
A_V4,0.0017085717946840084,0.04759488532575604,0.9811715481171548,0.09078590785907859,1727100.0,74162.71543614058
A_V4,0.0017369708548455145,0.04780835881753313,0.9811715481171548,0.09117418351477449,1719180.0,73831.56468728834
A_V4,0.0017438707254514394,0.047857142857142855,0.9811715481171548,0.09126289161315432,1717380.0,73756.30315345827
A_V4,0.0017655495406138325,0.04802375588777391,0.9811715481171548,0.0915657946114799,1711260.0,73500.41393843606
A_V4,0.0017807161713706255,0.048181631395109926,0.9811715481171548,0.09185272228750489,1705500.0,73259.57703017988
A_V4,0.0017891324365870492,0.048241102653774945,0.9811715481171548,0.0919607843137255,1703340.0,73169.2631895838
A_V4,0.0018154614491571414,0.04846042570779087,0.9811715481171548,0.09235919653406853,1695420.0,72838.11244073154
A_V4,0.001820658237721881,0.04851055026892842,0.9811715481171548,0.0924502266903213,1693620.0,72762.85090690148
A_V4,0.001838294731388407,0.04868175212788042,0.9811715481171548,0.0927610759493671,1687500.0,72506.96169187927
A_V4,0.0018571148409257372,0.0488389045090076,0.9811715481171548,0.09304632476936812,1681920.0,72273.6509370061
A_V4,0.0018655142454949145,0.04880083420229406,0.9790794979079498,0.09296781883194279,1683960.0,72175.81094302701
A_V4,0.0018991919759905383,0.048921014037293105,0.9769874476987448,0.09317637669592976,1680420.0,71844.66019417476
A_V4,0.0019053169343161672,0.04896718045506973,0.9769874476987448,0.09326010983524713,1678800.0,71776.9248137277
A_V4,0.0019340617301612285,0.04914754788465586,0.9769874476987448,0.0935871743486974,1672500.0,71513.5094453225
A_V4,0.0019591343177171113,0.049308415162073696,0.9769874476987448,0.09387878178711427,1666920.0,71280.19869044931
A_V4,0.0019678372885851194,0.0493761894692324,0.9769874476987448,0.09400161030595813,1664580.0,71182.35869647024
A_V4,0.002000229219879447,0.04960696834501806,0.9769874476987448,0.09441973311767085,1656660.0,70851.20794761798
A_V4,0.002006815908879197,0.04965443912812334,0.9769874476987448,0.09450571688758475,1655040.0,70783.47256717093
A_V4,0.0020301203934319023,0.04973319103521878,0.9748953974895398,0.09463850528025995,1653120.0,70520.0571987657
A_V4,0.002048340675259927,0.049892933618843685,0.9748953974895398,0.09492768384599716,1647720.0,70294.27259727553
A_V4,0.0020563581034019848,0.049967831867896204,0.9748953974895398,0.09506323949408405,1645200.0,70188.90644991344
A_V4,0.0020899076196898713,0.050204697263520795,0.9748953974895398,0.09549180327868852,1637280.0,69857.75570106119
A_V4,0.002096226789556423,0.05024800517576019,0.9748953974895398,0.09557013945857261,1635840.0,69797.54647399714
A_V4,0.0021240773463926717,0.050443819008443386,0.9748953974895398,0.09592424866200083,1629360.0,69526.60495220893
A_V4,0.0021412020562059032,0.05060816681146829,0.9748953974895398,0.09622135040264299,1623960.0,69300.82035071876
A_V4,0.0021520788778400493,0.05068522949749837,0.9748953974895398,0.09636062861869313,1621440.0,69195.45420335667
A_V4,0.0021737818286926757,0.05092896174863388,0.9748953974895398,0.09680099709181553,1613520.0,68864.3034545044
A_V4,0.0021788619519527838,0.05097352876832203,0.9748953974895398,0.09688149688149689,1612080.0,68804.09422744036
A_V4,0.002208331541376347,0.051175049417966176,0.9748953974895398,0.09724540901502504,1605600.0,68533.15270565214
A_V4,0.002226516601235017,0.051338547978406965,0.9748953974895398,0.09754055468341183,1600380.0,68314.89425754496
A_V4,0.0022385668100052235,0.05142352681527257,0.9748953974895398,0.09769392033542978,1597680.0,68202.00195679988
A_V4,0.002278478416032889,0.051452650255045466,0.9707112970711297,0.09772535804549283,1598520.0,67870.85120794762
A_V4,0.0022843498525075084,0.05149262013095106,0.9707112970711297,0.09779744967857519,1597260.0,67818.16813426658
A_V4,0.0023135936703780474,0.051704925339870735,0.9707112970711297,0.09818027930596698,1590600.0,67539.70045909536
A_V4,0.002344542750200431,0.051872554499720516,0.9707112970711297,0.0984824365913191,1585380.0,67321.44201098819
A_V4,0.0023559203463918315,0.05195968645016797,0.9707112970711297,0.09863945578231291,1582680.0,67208.5497102431
A_V4,0.002398714438057322,0.052104433941030835,0.9686192468619247,0.09888936351986329,1579140.0,66877.39896139083
A_V4,0.0024018840562956903,0.05214551188196869,0.9686192468619247,0.0989633429518008,1577880.0,66824.7158877098
A_V4,0.0024341573602802216,0.05236371861569781,0.9686192468619247,0.09935622317596567,1571220.0,66546.24821253857
A_V4,0.002453279252024764,0.05253006580440209,0.9686192468619247,0.09965561773568662,1566180.0,66335.51591781441
A_V4,0.002466730182612394,0.05262559672652876,0.9686192468619247,0.09982751185855974,1563300.0,66215.09746368631
A_V4,0.002518680978287258,0.052890107379483665,0.9686192468619247,0.10030329289428075,1555380.0,65883.94671483405
A_V4,0.0025253873218717545,0.05292638317329675,0.9686192468619247,0.10036852373726425,1554300.0,65838.78979453602
A_V4,0.002555195240925346,0.053157290470723303,0.9686192468619247,0.10078363082281236,1547460.0,65552.79596598179
A_V4,0.0025746704393084887,0.053328726099976964,0.9686192468619247,0.10109170305676857,1542420.0,65342.06367125762
A_V4,0.0025887742249295796,0.053427186706669745,0.9686192468619247,0.10126859142607175,1539540.0,65221.64521712952
A_V4,0.002631479954508297,0.05369983762468105,0.9686192468619247,0.10175824175824177,1531620.0,64890.49446827726
A_V4,0.0026384409974084537,0.0537372330547818,0.9686192468619247,0.10182537937101385,1530540.0,64845.33754797923
A_V4,0.002674257882328785,0.05397528561436232,0.9686192468619247,0.10225265017667844,1523700.0,64559.343719425
A_V4,0.0026992034787027253,0.05414571395158461,0.9686192468619247,0.10255842285967438,1518840.0,64356.137578083835
A_V4,0.0027099725624015218,0.054253573939535976,0.9686192468619247,0.10275188637372394,1515780.0,64228.19297057274
A_V4,0.0027485850851426486,0.05453474676089517,0.9686192468619247,0.10325602140945583,1507860.0,63897.042221720476
A_V4,0.002750960769905614,0.05456688273423689,0.9686192468619247,0.10331362267098071,1506960.0,63859.41145480545
A_V4,0.002793127133644505,0.05470044991712053,0.9665271966527197,0.10354101299865531,1504320.0,63565.89147286822
A_V4,0.0028248431538870976,0.054875875994773726,0.9665271966527197,0.1038552321007081,1499460.0,63362.68533152706
A_V4,0.0028393076300004955,0.05498690787907641,0.9665271966527197,0.10405405405405406,1496400.0,63234.74072401596
A_V4,0.0028779141164702697,0.05527638190954774,0.9665271966527197,0.10457220461747398,1488480.0,62903.5899751637
A_V4,0.0028799788795174554,0.05530946965162217,0.9665271966527197,0.10463141207111312,1487580.0,62865.95920824867
A_V4,0.0029226602656732734,0.05556891989415444,0.9665271966527197,0.10509554140127389,1480560.0,62572.43922631143
A_V4,0.0029447191485614636,0.05562929890189453,0.9644351464435147,0.1051911009697661,1480080.0,62369.23308497028
A_V4,0.002958402419093477,0.055743651753325275,0.9644351464435147,0.10539551897576589,1477020.0,62241.288477459166
A_V4,0.003000687207816425,0.056041818623875514,0.9644351464435147,0.10592830882352941,1469100.0,61910.137728606904
A_V4,0.0030048116049769947,0.05606908294818779,0.9644351464435147,0.1059770114942529,1468380.0,61880.03311507488
A_V4,0.0030392880138014563,0.05622097286726962,0.9623430962343096,0.10623556581986143,1465560.0,61578.98697975465
A_V4,0.0030751189598859645,0.05640019617459539,0.9623430962343096,0.10655547834144082,1460880.0,61383.3069917965
A_V4,0.0030960027644153687,0.056524944703858444,0.9623430962343096,0.10677808727948004,1457640.0,61247.83623090239
A_V4,0.0031407689095552193,0.05683222139856684,0.9623430962343096,0.10732617825478302,1449720.0,60916.685482050125
A_V4,0.0031436961293494704,0.05686032138442522,0.9623430962343096,0.10737628384687209,1449000.0,60886.580868518104
A_V4,0.0031929913691060023,0.05714285714285714,0.9623430962343096,0.10787992495309569,1441800.0,60585.53473319786
A_V4,0.0032176726467679174,0.057203389830508475,0.9602510460251046,0.10797459421312633,1441500.0,60389.85474523971
A_V4,0.0032394787358426443,0.057332000999250565,0.9602510460251046,0.1082036775106082,1438260.0,60254.38398434561
A_V4,0.003285836224645011,0.05764883195177091,0.9602510460251046,0.10876777251184833,1430340.0,59923.23323549333
A_V4,0.0032873786277526043,0.05767056162834527,0.9602510460251046,0.10880644778949863,1429800.0,59900.65477534432
A_V4,0.0033344530405515337,0.05796918413740844,0.9602510460251046,0.1093377798951882,1422420.0,59592.08248664108
A_V4,0.003361972726414713,0.05815279361459521,0.9602510460251046,0.10966431728586788,1417920.0,59403.92865206593
A_V4,0.0033851033931731143,0.05829311658623317,0.9602510460251046,0.10991379310344826,1414500.0,59260.931737788815
A_V4,0.0034273600801271007,0.05862068965517241,0.9602510460251046,0.11049590755897928,1406580.0,58929.78098893655
A_V4,0.003429261198046949,0.05864315829819854,0.9602510460251046,0.11053582179409994,1406040.0,58907.20252878754
A_V4,0.0034771267235449883,0.058823529411764705,0.9581589958158996,0.11084220716360116,1403040.0,58598.63024008429
A_V4,0.0035056280009545574,0.05901301378688313,0.9581589958158996,0.11117854108508313,1398540.0,58410.47640550915
A_V4,0.0035216891133429532,0.059157840351330405,0.9581589958158996,0.11143552311435523,1395120.0,58267.479491232036
A_V4,0.0035761069246774994,0.05936606910885944,0.9560669456066946,0.11179060665362035,1391580.0,57936.328742379774
A_V4,0.0035797521030842025,0.05938149688149688,0.9560669456066946,0.11181795938341081,1391220.0,57921.276435613756
A_V4,0.003643548664766086,0.05970734256597857,0.9560669456066946,0.11239547466797835,1383660.0,57605.17799352751
A_V4,0.003665744263135906,0.05989515072083879,0.9560669456066946,0.11272816970892946,1379340.0,57424.55031233536
A_V4,0.003691617069775403,0.06005256241787122,0.9560669456066946,0.11300692383778438,1375740.0,57274.02724467525
A_V4,0.0037517614994428306,0.06040179751519958,0.9560669456066946,0.11362506215813029,1367820.0,56942.87649582298
A_V4,0.003754006731870945,0.06041776837652036,0.9560669456066946,0.11365332006963443,1367460.0,56927.82418905698
A_V4,0.003793111698855112,0.060622174953469825,0.9539748953974896,0.114,1364280.0,56611.72574697072
A_V4,0.0038230265888822947,0.06081621765804215,0.9539748953974896,0.11434302908726178,1359960.0,56431.098065778584
A_V4,0.003856673588655694,0.060978871355977536,0.9539748953974896,0.11463046757164404,1356360.0,56280.57499811846
A_V4,0.0039208153069793476,0.06120527306967985,0.9518828451882845,0.11501516683518706,1352820.0,55949.4242492662
A_V4,0.003921282121736694,0.06121350733216736,0.9518828451882845,0.11502970547339146,1352640.0,55941.89809588319
A_V4,0.003974228876690939,0.061569688768606225,0.9518828451882845,0.11565836298932383,1344900.0,55618.27350041394
A_V4,0.004000819054389906,0.06176191122573639,0.9518828451882845,0.11599745060548118,1340760.0,55445.1719726048
A_V4,0.0040370720282428395,0.06193846991560033,0.9518828451882845,0.1163087934560327,1336980.0,55287.12275156168
A_V4,0.0040947174169454195,0.06231169542591071,0.9518828451882845,0.11696658097686376,1329060.0,54955.972002709415
A_V4,0.004095261013405681,0.062320230105465,0.9518828451882845,0.11698161717444401,1328880.0,54948.44584932641
A_V4,0.004155254021678966,0.06255166712593001,0.9497907949790795,0.11737331954498449,1325520.0,54624.82125385716
A_V4,0.00417930473205076,0.0627505183137526,0.9497907949790795,0.11772332425774669,1321380.0,54451.71972604802
A_V4,0.004206375926810664,0.06293318547269199,0.9497907949790795,0.11804472178887156,1317600.0,54293.670505004884
A_V4,0.004282304479009885,0.06317991631799164,0.9476987447698745,0.11846234309623431,1314060.0,53962.51975615263
A_V4,0.004282456623221948,0.06317991631799164,0.9476987447698745,0.11846234309623431,1314060.0,53962.51975615263
A_V4,0.0043431996741611825,0.06357002525961268,0.9476987447698745,0.11914781693845344,1306140.0,53631.36900730037
A_V4,0.004382891446094798,0.06376689189189189,0.9476987447698745,0.119493537325244,1302180.0,53465.793632874236
A_V4,0.0044053977063065455,0.06396498164360351,0.9476987447698745,0.11984126984126985,1298220.0,53300.218258448105
A_V4,0.004461394531314799,0.06436487638533675,0.9476987447698745,0.12054284193720066,1290300.0,52969.06750959584
A_V4,0.004461399858314368,0.06436487638533675,0.9476987447698745,0.12054284193720066,1290300.0,52969.06750959584
A_V4,0.004526304713372694,0.0647698026880183,0.9476987447698745,0.12125267665952891,1282380.0,52637.91676074359
A_V4,0.004557664987241694,0.06497418244406196,0.9476987447698745,0.12161073825503355,1278420.0,52472.34138631746
A_V4,0.004594401455650029,0.06517985611510792,0.9476987447698745,0.12197092084006463,1274460.0,52306.766011891326
A_V4,0.004659461359172815,0.06558563775879543,0.9476987447698745,0.12268111035883549,1266720.0,51983.14141642206
A_V4,0.0046612475046372325,0.06559513466550826,0.9476987447698745,0.12269772481040088,1266540.0,51975.615263039064
A_V4,0.004732895975064066,0.06601573885164674,0.9476987447698745,0.12343324250681198,1258620.0,51644.464514186795
A_V4,0.004783786957979545,0.06621838912439702,0.9476987447698745,0.12378740265063534,1254840.0,51486.41529314367
A_V4,0.0048175540430590155,0.06644177178058082,0.9476987447698745,0.12417763157894737,1250700.0,51313.31376533453
A_V4,0.004874354001798994,0.06686346863468634,0.9476987447698745,0.12491382876051287,1242960.0,50989.68916986528
A_V4,0.00487552637933179,0.06687333923826395,0.9476987447698745,0.12493105350248207,1242780.0,50982.16301648227
A_V4,0.004945944768859882,0.06731054977711738,0.9476987447698745,0.12569367369589343,1234860.0,50651.012267630016
A_V4,0.004973428109583599,0.06752124012520495,0.9476987447698745,0.1260609433699736,1231080.0,50492.96304658689
A_V4,0.005010873043847191,0.06775351480705953,0.9476987447698745,0.12646566164154105,1226940.0,50319.861518777754
A_V4,0.005089583776981829,0.06818181818181818,0.9476987447698745,0.12721145745577084,1219380.0,50003.763076691495
A_V4,0.005092568305368021,0.06820234869015357,0.9476987447698745,0.12724719101123594,1219020.0,49988.71076992549
A_V4,0.005180060762868374,0.06850560775992726,0.9456066945606695,0.12775579423403055,1215480.0,49657.56002107323
A_V4,0.005202471938134921,0.06871389480085133,0.9456066945606695,0.12811791383219956,1211880.0,49507.03695341311
A_V4,0.005238439367552536,0.06896551724137931,0.9456066945606695,0.12855517633674632,1207560.0,49326.40927222097
A_V4,0.005289433399492801,0.06941031941031942,0.9456066945606695,0.12932761087267527,1200000.0,49010.31083013472
A_V4,0.005294624046821018,0.06943164362519201,0.9456066945606695,0.12936462507155122,1199640.0,48995.258523368706
A_V4,0.005370844917261889,0.06990411382616765,0.9456066945606695,0.13018433179723501,1191720.0,48664.107774516444
A_V4,0.005408021217074833,0.0701210052745889,0.9456066945606695,0.13056036972848065,1188120.0,48513.58470685633
A_V4,0.0054482448970934304,0.07038305823730925,0.9456066945606695,0.13101449275362323,1183800.0,48332.95702566418
A_V4,0.005504361027201981,0.07084639498432602,0.9456066945606695,0.13181685622630504,1176240.0,48016.85858357793
A_V4,0.00550947434083019,0.07086861084979618,0.9456066945606695,0.13185530921820304,1175880.0,48001.80627681192
A_V4,0.005580209244201501,0.07136090937796022,0.9456066945606695,0.13270698766881972,1167960.0,47670.65552795966
A_V4,0.0056203575896287125,0.07157561361836896,0.9456066945606695,0.13307816870307668,1164540.0,47527.65861368254
A_V4,0.005671253380653957,0.07186009538950715,0.9456066945606695,0.13356973995271867,1160040.0,47339.5047791074
A_V4,0.00574795469737344,0.07217154744759162,0.9435146443514645,0.13408651702096033,1157040.0,47030.93249040416
A_V4,0.005755464993309911,0.07220621197566443,0.9435146443514645,0.13414634146341464,1156500.0,47008.354030255134
A_V4,0.0058482129481084765,0.07255723960012898,0.9414225941422594,0.13473053892215564,1152960.0,46677.20328140287
A_V4,0.005884658466116926,0.07278020378457059,0.9414225941422594,0.13511484762047737,1149540.0,46534.206367125764
A_V4,0.005929738335255544,0.07307567392010393,0.9414225941422594,0.13562386980108498,1145040.0,46346.05253255062
A_V4,0.006026133095682821,0.07356547327121138,0.9414225941422594,0.13646702047005307,1137660.0,46037.48024384737
A_V4,0.006036254077599804,0.07360157016683022,0.9414225941422594,0.13652912621359223,1137120.0,46014.901783698355
A_V4,0.006111961674970971,0.07413509060955518,0.9414225941422594,0.13744654856444716,1129200.0,45683.75103484609
A_V4,0.006148711843855281,0.07435558493060146,0.9414225941422594,0.13782542113323124,1125960.0,45548.28027395198
A_V4,0.006201699126669125,0.07467640225688682,0.9414225941422594,0.13837638376383762,1121280.0,45352.60028599382
A_V4,0.006289420096271983,0.07517540928833946,0.9414225941422594,0.13923267326732675,1114080.0,45051.55415067359
A_V4,0.006295338842013515,0.07522567703109329,0.9414225941422594,0.13931888544891644,1113360.0,45021.44953714157
A_V4,0.006395575832125389,0.07561468507915123,0.9393305439330544,0.13996259351620946,1109820.0,44690.29878828931
A_V4,0.006417185445490547,0.0758445945945946,0.9393305439330544,0.1403563613629259,1106580.0,44554.8280273952
A_V4,0.006485623355396901,0.07617916525279946,0.9393305439330544,0.14092906465787822,1101900.0,44359.148039437045
A_V4,0.006543373419745892,0.07652886914929963,0.9372384937238494,0.14150347441566646,1099080.0,44058.101904116804
A_V4,0.006559043924005674,0.07658119658119658,0.9372384937238494,0.1415929203539823,1098360.0,44027.99729058478
A_V4,0.0066650087555081465,0.0769893213916638,0.9351464435146444,0.1422660725652451,1094820.0,43696.84654173252
A_V4,0.006719442338916649,0.07721540853342546,0.9351464435146444,0.14265198659645764,1091760.0,43568.90193422142
A_V4,0.006769926345954125,0.07757723012842763,0.9351464435146444,0.14326923076923076,1086900.0,43365.69579288026
A_V4,0.0068199324947822645,0.078105888520007,0.9351464435146444,0.14417029511369134,1079880.0,43072.17581094302
A_V4,0.006834967264248515,0.07799930045470445,0.9330543933054394,0.1439638476436411,1083360.0,43034.545044028
A_V4,0.006924691139906409,0.07860415932322876,0.9330543933054394,0.1449934980494148,1075440.0,42703.394295175734
A_V4,0.006975259144784229,0.07884037475693831,0.9330543933054394,0.14539527302363486,1072380.0,42575.44968766464
A_V4,0.007035955972912238,0.07921847246891651,0.9330543933054394,0.14603798297315,1067520.0,42372.24354632347
A_V4,0.007122782803652935,0.07977106063316043,0.9330543933054394,0.14697643763387705,1060500.0,42078.723564386244
A_V4,0.007133002701151015,0.07984246330110992,0.9330543933054394,0.1470976253298153,1059600.0,42041.09279747121
A_V4,0.007269923276739229,0.08047636232407074,0.9330543933054394,0.14817275747508307,1051680.0,41709.942048618956
A_V4,0.007307351468295972,0.08070937386898298,0.9330543933054394,0.14856762158560957,1048800.0,41589.523594490856
A_V4,0.007375522791215196,0.08112040742088032,0.9330543933054394,0.1492637215528782,1043760.0,41378.791299766686
A_V4,0.0074536676647815395,0.08168498168498169,0.9330543933054394,0.15021892893230046,1036920.0,41092.79747121246
A_V4,0.007469835200749293,0.08177484415108177,0.9330543933054394,0.15037086985839515,1035840.0,41047.640550914424
A_V4,0.00758221896663305,0.08243992606284659,0.9330543933054394,0.15149456521739132,1027920.0,40716.48980206217
A_V4,0.007624813248781992,0.08268446421950315,0.9330543933054394,0.1519073569482289,1025040.0,40596.07134793407
A_V4,0.007711409825144386,0.08292955646664182,0.9309623430962343,0.15229295003422313,1024380.0,40385.33905320991
A_V4,0.007817712402433393,0.08352102102102102,0.9309623430962343,0.15328970031002412,1017540.0,40099.34522465568
A_V4,0.007842981868413625,0.08361518226230741,0.9309623430962343,0.15344827586206897,1016460.0,40054.18830435764
A_V4,0.00797156521841789,0.08431223948465327,0.9309623430962343,0.15462126476719945,1008540.0,39723.03755550538
A_V4,0.008009703563768514,0.08455253657609728,0.9309623430962343,0.15502525692388086,1005840.0,39610.14525476029
A_V4,0.008098651116573204,0.0850210164310279,0.9309623430962343,0.15581232492997196,1000620.0,39391.88680665312
A_V4,0.008198706461825233,0.08543390417548585,0.9288702928870293,0.15647577092511014,998340.0,39113.419131481896
A_V4,0.008209252056423729,0.08554913294797688,0.9288702928870293,0.15666901905434016,997080.0,39060.73605780086
A_V4,0.008336743003829777,0.08628060629615235,0.9288702928870293,0.15789473684210523,989160.0,38729.5853089486
A_V4,0.008397446824917693,0.08653283960241669,0.9288702928870293,0.15831699055090034,986460.0,38616.6930082035
A_V4,0.00851487650317713,0.08702469619756958,0.9288702928870293,0.15913978494623654,981240.0,38398.434560096335
A_V4,0.008599821755484452,0.0876604146100691,0.9288702928870293,0.16020205664802453,974580.0,38119.96688492512
A_V4,0.008614817690227964,0.08778173190984578,0.9288702928870293,0.1604046242774566,973320.0,38067.28381124407
A_V4,0.008718223664005858,0.0885520542481053,0.9288702928870293,0.1616897305171158,965400.0,37736.13306239181
A_V4,0.00877358810152739,0.0886,0.9267782426778243,0.1617378605330413,967260.0,37630.76691502973
A_V4,0.008854995691777862,0.08913480885311871,0.9267782426778243,0.16262848751835537,961860.0,37404.98231353955
A_V4,0.008987148496362186,0.08978516416700445,0.9267782426778243,0.16371027346637101,955380.0,37134.04079175134
A_V4,0.009022577077039618,0.08993097848152659,0.9267782426778243,0.16395262768319763,953940.0,37073.83156468729
A_V4,0.009184734622977527,0.09074149938549775,0.9267782426778243,0.16529850746268657,946020.0,36742.680815835025
A_V4,0.009219135548498552,0.0910024650780608,0.9267782426778243,0.16573138795361014,943500.0,36637.31466847294
A_V4,0.009290391229453744,0.09156676312525837,0.9267782426778243,0.16666666666666663,938100.0,36411.53006698277
A_V4,0.009431284088799724,0.09225322782174095,0.9267782426778243,0.16780303030303034,931620.0,36140.58854519455
A_V4,0.009451255265418821,0.09240717563621194,0.9267782426778243,0.1680576631259484,930180.0,36080.3793181305
A_V4,0.009592822743906888,0.09326315789473684,0.9267782426778243,0.16947207345065035,922260.0,35749.22856927824
A_V4,0.009638486289146528,0.09353885135135136,0.9267782426778243,0.1699271192942079,919740.0,35643.86242191616
A_V4,0.009757082283189049,0.09413514662133447,0.9267782426778243,0.17091049382716053,914340.0,35418.077820425984
A_V4,0.009882557630853085,0.09484050524512952,0.9267782426778243,0.17207224703825985,908040.0,35154.66245202078
A_V4,0.009929706836584323,0.09502359502359502,0.9267782426778243,0.17237354085603113,906420.0,35086.92707157372
A_V4,0.010064730863773628,0.09592897358163707,0.9267782426778243,0.17386185243328103,898500.0,34755.77632272145
A_V4,0.010101049491498676,0.09619978284473399,0.9267782426778243,0.17430651190241986,896160.0,34657.93632874238
A_V4,0.010251694295041261,0.09663314385658067,0.9246861924686193,0.1749802058590657,894960.0,34424.62557386919
A_V4,0.010324102472900153,0.09737827715355805,0.9246861924686193,0.1762009168825992,888660.0,34161.21020546399
A_V4,0.010343714821026818,0.09757174392935983,0.9246861924686193,0.17651757188498404,887040.0,34093.474825016936
A_V4,0.01048538027392857,0.09852875613018279,0.9246861924686193,0.17808219178082194,879120.0,33762.324076164674
A_V4,0.01051287785658807,0.09881511289961994,0.9246861924686193,0.178549787921632,876780.0,33664.4840821856
A_V4,0.010660058998152413,0.0995047276001801,0.9246861924686193,0.1796747967479675,871200.0,33431.173327312405
A_V4,0.010812699450658015,0.10027223230490018,0.9246861924686193,0.18092509209987717,865080.0,33175.28411229021
A_V4,0.010859152826882082,0.10050022737608004,0.9246861924686193,0.18129614438063985,863280.0,33100.02257846015
A_V4,0.011056236388131194,0.10151584749655489,0.9246861924686193,0.18294701986754966,855360.0,32768.87182960789
A_V4,0.011121778696955225,0.10179640718562874,0.9246861924686193,0.18340248962655603,853200.0,32678.557989011813
A_V4,0.011297949311581255,0.1023201856148492,0.9225941422594143,0.1842105263157895,851820.0,32437.721080755626
A_V4,0.011444284961986765,0.10313376987839101,0.9225941422594143,0.18552797644089186,845700.0,32181.831865733424
A_V4,0.011490200495648844,0.10337552742616034,0.9225941422594143,0.18591905564924113,843900.0,32106.570331903367
A_V4,0.01170149530011495,0.10445286594031265,0.9225941422594143,0.18765957446808512,835980.0,31775.4195830511
A_V4,0.011753884372919162,0.10451306413301663,0.9205020920502092,0.18771331058020482,838200.0,31685.105742455034
A_V4,0.011883167915188253,0.10531354715174725,0.9205020920502092,0.18900343642611683,832440.0,31444.26883419884
A_V4,0.0120476050145706,0.10615199034981906,0.9205020920502092,0.19035258490157905,826500.0,31195.905772559647
A_V4,0.01210987927228311,0.106192549588776,0.9184100418410042,0.1903729401561145,828900.0,31113.11808534658
A_V4,0.012301961387953805,0.10709046454767726,0.9163179916317992,0.19176882661996497,825360.0,30781.96733649432
A_V4,0.012355675951080093,0.10737925962245648,0.9163179916317992,0.19223173140223832,823380.0,30699.17964928125
A_V4,0.012553946836360286,0.10776075135936727,0.9121338912133892,0.1927497789566755,826200.0,30450.816587642053
A_V4,0.012720776319817599,0.10864689758285571,0.9121338912133892,0.19416610999777334,820260.0,30202.45352600286
A_V4,0.012791002584139623,0.1089455272363818,0.9121338912133892,0.19464285714285715,818280.0,30119.665838789795
A_V4,0.012968154912375044,0.10990399191510863,0.9100418410041841,0.1961226330027051,814740.0,29788.515089937533
A_V4,0.013049578598765233,0.11021028629338739,0.9100418410041841,0.1966101694915254,812760.0,29705.727402724468
A_V4,0.013234529179540547,0.11113949923352069,0.9100418410041841,0.19808743169398904,806820.0,29457.364341085275
A_V4,0.013428416293300757,0.11179804224626481,0.9079497907949791,0.19908256880733943,805440.0,29216.52743282908
A_V4,0.013529350446360841,0.11214470284237726,0.9079497907949791,0.19963201471941122,803280.0,29126.21359223301
A_V4,0.013788667356573494,0.11291165708311553,0.9037656903765691,0.20074349442379183,804120.0,28795.062843380747
A_V4,0.013836215211769877,0.11320754716981132,0.9037656903765691,0.20121099208197485,802320.0,28719.80130955069
A_V4,0.014030555451816305,0.11422527763088314,0.9037656903765691,0.20281690140845074,796200.0,28463.91209452849
A_V4,0.01421771695145518,0.1152,0.9037656903765691,0.20435193945127716,790440.0,28223.075186272294
A_V4,0.01430275657729842,0.11556982343499198,0.9037656903765691,0.20493358633776093,788280.0,28132.761345676226
A_V4,0.014546135670901484,0.11694639956686519,0.9037656903765691,0.20709491850431447,780360.0,27801.61059682396
A_V4,0.014588493201898438,0.11726384364820847,0.9037656903765691,0.20759250360403653,778560.0,27726.349062993904
A_V4,0.014779941475186596,0.11808219178082192,0.9016736401673641,0.20881782945736435,776820.0,27470.459847971702
A_V4,0.01490627139958944,0.11909367228516164,0.9016736401673641,0.21039785208689285,771240.0,27237.149093098516
A_V4,0.015012896692299294,0.11952301719356628,0.9016736401673641,0.21106758080313417,768900.0,27139.30909911944
A_V4,0.015255879409942445,0.12099943851768669,0.9016736401673641,0.2133663366336634,760980.0,26808.158350267182
A_V4,0.015318866992093574,0.12130593864339995,0.9016736401673641,0.21384271892830564,759360.0,26740.422969820127
A_V4,0.015511181287857658,0.12251279135872654,0.9016736401673641,0.2157157157157157,753060.0,26477.007601414916
A_V4,0.015694757784498675,0.12360195010037281,0.9016736401673641,0.21740226986128627,747480.0,26243.69684654173
A_V4,0.015831421910603955,0.12406447898675878,0.9016736401673641,0.2181174089068826,745140.0,26145.856852562654
A_V4,0.01621738887068751,0.12565597667638484,0.9016736401673641,0.22057318321392017,737220.0,25814.706103710396
A_V4,0.01626794236420344,0.12598655363928676,0.9016736401673641,0.221082328802257,735600.0,25746.97072326334
A_V4,0.016616095336389677,0.12728883638511518,0.9016736401673641,0.2230848861283644,729300.0,25483.555354858134
A_V4,0.01685314892045541,0.12783075089392135,0.897489539748954,0.2237871674491393,732660.0,25257.770753367953
A_V4,0.01694235158664134,0.12836624775583483,0.897489539748954,0.2246073298429319,730140.0,25152.404606005868
A_V4,0.01733815808639467,0.13007883565797454,0.897489539748954,0.22722457627118645,722220.0,24821.253857153606
A_V4,0.017427344888860646,0.1303951367781155,0.897489539748954,0.22770700636942676,720780.0,24761.044630089564
A_V4,0.017718038917231286,0.1318377381684081,0.897489539748954,0.2299035369774919,714300.0,24490.103108301348
A_V4,0.017980222754422192,0.1327543424317618,0.895397489539749,0.23122636412749864,713280.0,24264.31850681117
A_V4,0.018123325438714182,0.13333333333333333,0.895397489539749,0.23210412147505424,710760.0,24158.952359449086
A_V4,0.01846766296937908,0.1351863550221099,0.895397489539749,0.23490669593852906,702840.0,23827.801610596824
A_V4,0.018561771165072558,0.13552881570614314,0.895397489539749,0.23542354235423543,701400.0,23767.592383532778
A_V4,0.018925842342940553,0.1367713004484305,0.893305439330544,0.23722222222222222,699300.0,23496.65086174456
A_V4,0.01917033868226554,0.13805366957646298,0.893305439330544,0.23914869784374126,694080.0,23278.39241363739
A_V4,0.01935251442187527,0.1387264457439896,0.893305439330544,0.24015748031496062,691380.0,23165.5001128923
A_V4,0.019675705533159504,0.14040870138431114,0.891213389121339,0.24259681093394075,687840.0,22834.349364040037
A_V4,0.019756092338671226,0.14073339940535184,0.891213389121339,0.24308131241084166,686580.0,22781.666290358997
A_V4,0.020049574378979626,0.14180602006688964,0.8870292887029289,0.2445213379469435,688680.0,22503.19861518778
A_V4,0.020293021588339687,0.14319486659912192,0.8870292887029289,0.246583309101483,683460.0,22284.940167080604
A_V4,0.02038755895936749,0.14392396469789545,0.8870292887029289,0.24766355140186913,680760.0,22172.047866335513
A_V4,0.020886663100709777,0.14610613370089592,0.8870292887029289,0.250887573964497,672840.0,21840.897117483255
A_V4,0.02096451282809241,0.1464594127806563,0.8870292887029289,0.2514082419211384,671580.0,21788.21404380221
A_V4,0.021355371744193316,0.14730580825752274,0.8807531380753139,0.25239808153477217,678060.0,21509.746368630993
A_V4,0.02162702175339021,0.1488158359844468,0.8807531380753139,0.25461143029936495,672840.0,21291.487920523818
A_V4,0.021789121633347504,0.1496090973702914,0.8807531380753139,0.255771567436209,670140.0,21178.59561977873
A_V4,0.02234519966815909,0.15162454873646208,0.8786610878661087,0.2586206896551724,666600.0,20847.44487092647
A_V4,0.022397250197226784,0.15195369030390737,0.8786610878661087,0.2590993214065392,665520.0,20802.287950628433
A_V4,0.022787783362493874,0.1533382245047689,0.8744769874476988,0.26092384519350814,667440.0,20516.294122074207
A_V4,0.023109068557597135,0.15492957746478872,0.8744769874476988,0.2632241813602015,662400.0,20305.56182735004
A_V4,0.02333381929944226,0.1558538404175988,0.8744769874476988,0.2645569620253165,659520.0,20185.14337322195
A_V4,0.024041957041072315,0.1580742987111448,0.8723849372384938,0.2676508344030809,655980.0,19853.992624369686
A_V4,0.024150157774486578,0.15843465045592706,0.8723849372384938,0.2681672025723473,654900.0,19808.835704071647
A_V4,0.024531483158055648,0.1607555898226677,0.8723849372384938,0.271484375,648060.0,19522.841875517424
A_V4,0.024880093968618212,0.16250974279033514,0.8723849372384938,0.2739816031537451,643020.0,19312.109580793258
A_V4,0.025140741688593083,0.1635294117647059,0.8723849372384938,0.27542932628797884,640140.0,19191.691126665162
A_V4,0.025818233944574085,0.16520351157222665,0.8661087866108786,0.27747989276139406,645360.0,18860.5403778129
A_V4,0.025894391732957173,0.16553378648540584,0.8661087866108786,0.2779456193353475,644460.0,18822.90961089787
A_V4,0.026419096996917628,0.16774979691307879,0.8640167364016736,0.28095238095238095,641820.0,18529.38962896064
A_V4,0.02671957287873605,0.16919917864476386,0.8619246861924686,0.2828698935805012,641340.0,18326.183487619477
A_V4,0.027002029913818826,0.17038875103391232,0.8619246861924686,0.2845303867403315,638280.0,18198.238880108376
A_V4,0.027722959033599455,0.17354675652906487,0.8619246861924686,0.28892005610098176,630360.0,17867.088131256114
A_V4,0.027801683129609418,0.17349092444069228,0.8598326359832636,0.2887249736564805,633840.0,17829.457364341088
A_V4,0.028603646678063525,0.17510729613733905,0.8535564853556485,0.2905982905982906,639960.0,17535.937382403856
A_V4,0.029081119533534136,0.17672600955275727,0.8514644351464435,0.292700467457749,639480.0,17332.731241062695
A_V4,0.029374632239997502,0.17760279965004375,0.8493723849372385,0.2937771345875542,640800.0,17204.78663355159
A_V4,0.029968008438127285,0.18064228367528992,0.8472803347280334,0.29779411764705876,637260.0,16873.63588469933
A_V4,0.030009247317608425,0.18096514745308312,0.8472803347280334,0.2982326951399117,636540.0,16843.531271167307
A_V4,0.03104651495715075,0.1842584167424932,0.8472803347280334,0.3026905829596413,629340.0,16542.48513584707
A_V4,0.031669332836150255,0.18646408839779005,0.8472803347280334,0.30566037735849055,624660.0,16346.805147888912
A_V4,0.03202374375170125,0.18802228412256267,0.8472803347280334,0.3077507598784195,621420.0,16211.334386994808
A_V4,0.03300278951877897,0.1909952606635071,0.8430962343096234,0.3114374034003091,622260.0,15880.183638142546
A_V4,0.033096631474348416,0.19135802469135801,0.8430962343096234,0.31191950464396284,621540.0,15850.079024610523
A_V4,0.03405027269043891,0.19409486931268152,0.8389121338912134,0.31525157232704404,623100.0,15549.032889290285
A_V4,0.03458266685512201,0.19558823529411765,0.8347280334728033,0.3169181890389198,627180.0,15353.35290133213
A_V4,0.03509148389485213,0.19732937685459942,0.8347280334728033,0.31920000000000004,623940.0,15217.882140438021
A_V4,0.036065255002064985,0.20070778564206268,0.8305439330543933,0.32328990228013027,624780.0,14886.731391585761
A_V4,0.036223861595351084,0.2010126582278481,0.8305439330543933,0.32368528332653895,624240.0,14864.152931436742
A_V4,0.03724901799354661,0.2047569803516029,0.8284518828451883,0.32835820895522383,621240.0,14555.580642733497
A_V4,0.037825933964187916,0.2069146149816658,0.8263598326359832,0.33095936321742775,621120.0,14367.42680815835
A_V4,0.03830393935295011,0.2074074074074074,0.8200836820083682,0.3310810810810811,630840.0,14224.429893881237
A_V4,0.039548816337947025,0.2112676056338028,0.8158995815899581,0.33562822719449226,631680.0,13893.279145028975
A_V4,0.03957908670279501,0.2116115029842648,0.8158995815899581,0.3360620422231797,631140.0,13870.700684879957
A_V4,0.04074052956191554,0.21642619311875694,0.8158995815899581,0.3421052631578947,623760.0,13562.128396176715
A_V4,0.04163299907629344,0.21890827236916152,0.8138075313807531,0.3450110864745011,623640.0,13373.974561601564
A_V4,0.042238801007101874,0.22070534698521047,0.8117154811715481,0.34704830053667257,624600.0,13230.977647324451
A_V4,0.04346540759424283,0.22578763127187865,0.8096234309623431,0.35310218978102187,621060.0,12899.82689847219
A_V4,0.04351089463402524,0.22605140186915887,0.8096234309623431,0.35342465753424657,620700.0,12884.77459170618
A_V4,0.044983474681851474,0.22994011976047904,0.803347280334728,0.3575418994413408,626280.0,12568.676149619929
A_V4,0.04602045113915797,0.2332928311057108,0.803347280334728,0.3615819209039548,621960.0,12388.048468427787
A_V4,0.04679152164789802,0.23554735547355474,0.801255230125523,0.3640684410646388,622740.0,12237.525400767669
A_V4,0.04838930342689382,0.24083438685208597,0.797071129707113,0.3699029126213592,623580.0,11906.374651915407
A_V4,0.0484184769974878,0.24113924050632912,0.797071129707113,0.37026239067055394,623220.0,11891.322345149394
A_V4,0.050511401337895674,0.247074122236671,0.7949790794979079,0.3769841269841269,620040.0,11575.223903063144
A_V4,0.05144155825978936,0.25033025099075296,0.7928870292887029,0.3805220883534136,620100.0,11394.596221871003
A_V4,0.05256163959411054,0.2536813922356091,0.7928870292887029,0.38438133874239344,616500.0,11244.073154210882
A_V4,0.05470546297191064,0.26068965517241377,0.7907949790794979,0.39211618257261405,612960.0,10912.922405358622
A_V4,0.05473545220298146,0.2608695652173913,0.7907949790794979,0.3923196678775298,612780.0,10905.396251975615
A_V4,0.05680629363408755,0.267425320056899,0.7866108786610879,0.3991507430997877,613800.0,10581.77165650636
A_V4,0.05782912097118888,0.27187274041937814,0.7866108786610879,0.4040838259000537,609660.0,10408.670128697222
A_V4,0.05878116452846396,0.2745961820851689,0.7824267782426778,0.40652173913043477,614640.0,10250.620907654098
A_V4,0.06165252937953082,0.2822458270106222,0.7782426778242678,0.4142538975501114,615480.0,9919.470158801836
A_V4,0.06165537621150842,0.2824601366742597,0.7782426778242678,0.41448467966573815,615300.0,9911.94400541883
A_V4,0.06439774935511089,0.2904238618524333,0.7740585774058577,0.4223744292237443,616320.0,9588.319409949576
A_V4,0.0660812256156875,0.29256594724220625,0.7656903765690377,0.42336610757663395,629700.0,9415.217882140438
A_V4,0.0673254262774835,0.2967479674796748,0.7635983263598326,0.42740046838407497,630300.0,9257.168661097314
A_V4,0.07034829720148746,0.30522765598650925,0.7573221757322176,0.4350961538461538,635520.0,8926.017912245052
A_V4,0.07034904904726731,0.30522765598650925,0.7573221757322176,0.4350961538461538,635520.0,8926.017912245052
A_V4,0.07429638248664282,0.3134851138353765,0.7489539748953975,0.4419753086419753,645120.0,8594.86716339279
A_V4,0.07570327241659092,0.31875,0.7468619246861925,0.4468085106382978,645540.0,8429.291788966659
A_V4,0.07707686749203929,0.3251366120218579,0.7468619246861925,0.45304568527918776,641580.0,8263.716414540528
A_V4,0.081747858193016,0.33111954459203036,0.7301255230125523,0.4556135770234987,668700.0,7932.565665688267
A_V4,0.08178260741604246,0.33111954459203036,0.7301255230125523,0.4556135770234987,668700.0,7932.565665688267
A_V4,0.08680581598437694,0.3405940594059406,0.7196652719665272,0.4623655913978495,682680.0,7601.414916836005
A_V4,0.08947587274845896,0.34210526315789475,0.7071129707112971,0.46111869031377906,705000.0,7435.839542409875
A_V4,0.09188346755797087,0.34575569358178054,0.698744769874477,0.46260387811634346,718560.0,7270.264167983743
A_V4,0.10005208928236019,0.3557483731019523,0.6861924686192469,0.4685714285714285,736920.0,6939.113419131482
A_V4,0.10007367271223337,0.3557483731019523,0.6861924686192469,0.4685714285714285,736920.0,6939.113419131482
A_V4,0.10664488025962476,0.36560364464692485,0.6715481171548117,0.4734513274336283,759660.0,6607.96267027922
A_V4,0.11095777568787339,0.3710618436406068,0.6652719665271967,0.4764044943820225,769020.0,6449.913449236095
A_V4,0.11480012888413986,0.3752997601918465,0.6548117154811716,0.4771341463414634,786780.0,6276.811921426958
A_V4,0.12285111538086112,0.3868520859671302,0.6401673640167364,0.4822695035460993,809700.0,5953.187325957703
A_V4,0.12295074912694189,0.38734177215189874,0.6401673640167364,0.4826498422712934,809520.0,5945.661172574697
A_V4,0.13147934041548487,0.40214477211796246,0.6276150627615062,0.49019607843137253,827880.0,5614.510423722435
A_V4,0.13474734580074166,0.4068965517241379,0.6171548117154811,0.49044056525353286,846000.0,5456.461202679311
A_V4,0.14119643743376642,0.41595441595441596,0.6108786610878661,0.4949152542372881,855000.0,5283.359674870174
A_V4,0.15238067851326695,0.4400606980273141,0.606694560669456,0.5101143359718557,856020.0,4959.735079400918
A_V4,0.1524248640379022,0.439209726443769,0.604602510460251,0.5088028169014085,860220.0,4952.208926017912
A_V4,0.17044547892668943,0.46579804560260585,0.5983263598326359,0.5238095238095237,865440.0,4621.058177165651
A_V4,0.17714171780625682,0.4764309764309764,0.5920502092050209,0.5279850746268656,874980.0,4470.535109505531
A_V4,0.19098143039256266,0.48771929824561405,0.5815899581589958,0.5305343511450382,892560.0,4289.90742831339
A_V4,0.21485463799132223,0.5075757575757576,0.5606694560669456,0.5328031809145128,928800.0,3973.808986227139
A_V4,0.2160517440172287,0.5095057034220533,0.5606694560669456,0.5338645418326694,928440.0,3958.7566794611275
A_V4,0.24366678774610254,0.529045643153527,0.5334728033472803,0.53125,977460.0,3627.605930608866
A_V4,0.2570815091131641,0.5367965367965368,0.5188284518828452,0.5276595744680851,1004520.0,3477.0828629487464
A_V4,0.2809445759111318,0.5616438356164384,0.5146443514644351,0.537117903930131,1008960.0,3296.4551817566044
A_V4,0.3240545267537719,0.5858585858585859,0.48535564853556484,0.5308924485125858,1062720.0,2980.3567396703543
A_V4,0.32988075051885657,0.5862944162436549,0.48326359832635984,0.5298165137614679,1066740.0,2965.3044329043423
A_V4,0.38605890180663,0.6142857142857143,0.4497907949790795,0.5193236714975845,1128900.0,2634.153684052081
A_V4,0.40645485471629406,0.6465256797583081,0.4476987447698745,0.5290482076637825,1129860.0,2491.156769774968
A_V4,0.4474746190312514,0.6699346405228758,0.42887029288702927,0.5229591836734694,1164780.0,2303.0029351998196
A_V4,0.5299678656579311,0.7018867924528301,0.3891213389121339,0.5006729475100943,1240620.0,1994.4306464965755
A_V4,0.5391880213035891,0.7022900763358778,0.38493723849372385,0.49729729729729727,1248840.0,1971.8521863475578
A_V4,0.66164832670856,0.7477064220183486,0.3410041841004184,0.46839080459770116,1332900.0,1640.7014374952962
A_V4,0.7033049168713831,0.7688442211055276,0.3200836820083682,0.4519940915805022,1373280.0,1497.7045232181833
A_V4,0.7597848138664142,0.7816091954022989,0.28451882845188287,0.41717791411042954,1443240.0,1309.5506886430346
A_V4,0.8549567606322068,0.8045112781954887,0.22384937238493724,0.3502454991816694,1562880.0,1000.9783999397907
A_V4,0.8680578777491422,0.8076923076923077,0.2196652719665272,0.3453947368421052,1571100.0,978.3999397907729
A_V4,0.9273358855096944,0.8488372093023255,0.15271966527196654,0.2588652482269504,1703340.0,647.2491909385113
A_V4,0.966752569208218,0.8571428571428571,0.07531380753138076,0.13846153846153847,1857480.0,316.0984420862497
B_GRU,0.0017152918484240284,0.03597501317076842,1.0,0.06945150744642209,2305620.0,100000.0
B_GRU,0.0019462991154172624,0.03609454051196859,1.0,0.06967422199548137,2297700.0,99668.84925114774
B_GRU,0.002017761967142069,0.03621486476248201,1.0,0.06989836952548073,2289780.0,99337.69850229548
B_GRU,0.0020746453609966293,0.03633599391866211,1.0,0.07012396391109808,2281860.0,99006.54775344321
B_GRU,0.002075050244997516,0.03633875627185647,1.0,0.07012910798122066,2281680.0,98999.02160006021
B_GRU,0.002126784177865213,0.036457936084204105,1.0,0.07035101920671132,2273940.0,98675.39700459095
B_GRU,0.00215000462454468,0.03652200488997555,1.0,0.0704702933805101,2269800.0,98502.29547678182
B_GRU,0.0021661362159657387,0.03658069947195225,1.0,0.0705795496493171,2266020.0,98344.24625573869
B_GRU,0.0022004409139257165,0.036707111042850564,1.0,0.07081481481481483,2257920.0,98005.56935350342
B_GRU,0.002201292194157271,0.036707111042850564,1.0,0.07081481481481483,2257920.0,98005.56935350342
B_GRU,0.002240504284566114,0.03683156110340576,1.0,0.07104637336504162,2250000.0,97674.41860465116
B_GRU,0.0022569431063227605,0.036894103118246376,1.0,0.07116272145302963,2246040.0,97508.84323022503
B_GRU,0.002279337745939795,0.036956857893922994,1.0,0.07127945123769758,2242080.0,97343.2678557989
B_GRU,0.0023197146757766933,0.03708013342642153,1.0,0.07150871418954297,2234340.0,97019.64326032964
B_GRU,0.002320122295678174,0.03708301008533747,1.0,0.07151406343506883,2234160.0,97012.11710694664
B_GRU,0.0023593146380770026,0.03721002646738284,1.0,0.07175022515761031,2226240.0,96680.96635809437
B_GRU,0.00237247615090637,0.03727095516569201,1.0,0.07186348943847252,2222460.0,96522.91713705126
B_GRU,0.002388530181784861,0.03733791595063271,1.0,0.07198795180722892,2218320.0,96349.81560924211
B_GRU,0.00241911959966273,0.037463751077670665,1.0,0.07222180252323034,2210580.0,96026.19101377287
B_GRU,0.002420657818511075,0.037466687568584414,1.0,0.0722272589906316,2210400.0,96018.66486038985
B_GRU,0.002452204272047068,0.037596350479786066,1.0,0.07246816252274106,2202480.0,95687.5141115376
B_GRU,0.0024652236310113043,0.037658551957772,1.0,0.07258370662819832,2198700.0,95529.46489049446
B_GRU,0.002477411345905177,0.037726913970007894,1.0,0.0727106784301795,2194560.0,95356.36336268534
B_GRU,0.002507289980547686,0.0378523915109281,1.0,0.07294368991301695,2187000.0,95040.26492059909
B_GRU,0.002511317728202255,0.037858387454459054,1.0,0.07295482295482295,2186640.0,95025.21261383306
B_GRU,0.0025346116811579495,0.03799078048005087,1.0,0.07320061255742727,2178720.0,94694.0618649808
B_GRU,0.0025523077091854775,0.038051265722018786,1.0,0.07331288343558282,2175120.0,94543.5387973207
B_GRU,0.0025713809972904675,0.03812410272770777,1.0,0.0734480639213276,2170800.0,94362.91111612854
B_GRU,0.0025978580257128053,0.03825224071702945,1.0,0.07368583320487129,2163240.0,94046.8126740423
B_GRU,0.0026004782973605175,0.03825836401472707,1.0,0.07369719395621338,2162880.0,94031.76036727628
B_GRU,0.0026267881513786866,0.03839357429718875,1.0,0.0739480198019802,2154960.0,93700.60961842403
B_GRU,0.002635277109301968,0.03845534995977474,1.0,0.0740625968391695,2151360.0,93550.0865507639
B_GRU,0.002646704369441057,0.03852974367241657,1.0,0.07420055883266066,2147040.0,93369.45886957177
B_GRU,0.0026735126121648807,0.038657501010917916,1.0,0.07443743673596513,2139660.0,93060.88658086852
B_GRU,0.002674723405891997,0.03866688238149167,1.0,0.07445482866043614,2139120.0,93038.3081207195
B_GRU,0.0026996072480898374,0.0388050008118201,1.0,0.07471084713973117,2131200.0,92707.15737186724
B_GRU,0.002712682235841603,0.03886494836978616,1.0,0.0748219456836503,2127780.0,92564.16045759013
B_GRU,0.0027405006001293575,0.03894410949975558,1.0,0.07496863237139273,2123280.0,92376.00662301497
B_GRU,0.002769985931021857,0.038992888089593725,0.997907949790795,0.07505310361104556,2120280.0,92067.43433431174
B_GRU,0.002771921703935459,0.039002452984464434,0.997907949790795,0.07507082152974506,2119740.0,92044.8558741627
B_GRU,0.0028056631337379013,0.03914327917282127,0.997907949790795,0.07533164876816172,2111820.0,91713.70512531046
B_GRU,0.0028145819852218317,0.03920440535875729,0.997907949790795,0.07544483985765124,2108400.0,91570.70821103334
B_GRU,0.002829823979649092,0.03928512600889474,0.997907949790795,0.07559429477020602,2103900.0,91382.5543764582
B_GRU,0.002852261659816943,0.03941822989835551,0.997907949790795,0.0758406868590508,2096520.0,91073.98208775495
B_GRU,0.002857773505883437,0.039428004628864276,0.997907949790795,0.0758587786259542,2095980.0,91051.40362760593
B_GRU,0.002886392069695243,0.03957192633150821,0.997907949790795,0.07612511969358442,2088060.0,90720.25287875367
B_GRU,0.0028992012495597233,0.03963110667996012,0.997907949790795,0.07623461722870385,2084820.0,90584.78211785956
B_GRU,0.002913426171627035,0.03971690258118235,0.997907949790795,0.07639333760409994,2080140.0,90389.10212990141
B_GRU,0.0029409119526719023,0.03976608187134503,0.99581589958159,0.07647814910025708,2077320.0,90088.05599458117
B_GRU,0.002945139070678454,0.03977937489553736,0.99581589958159,0.07650273224043717,2076600.0,90057.95138104915
B_GRU,0.002967611791151195,0.03992618688139574,0.99581589958159,0.07677419354838709,2068680.0,89726.80063219689
B_GRU,0.0029826536519726283,0.039986559139784945,0.99581589958159,0.07688580197060248,2065440.0,89591.32987130278
B_GRU,0.003005045848654905,0.03998989728910591,0.9937238493723849,0.07688572353512464,2065140.0,89395.64988334462
B_GRU,0.003030027449918293,0.04012502111843217,0.9937238493723849,0.07713543358233194,2057940.0,89094.60374802438
B_GRU,0.00303173370411985,0.040138583741761026,0.9937238493723849,0.07716049382716049,2057220.0,89064.49913449236
B_GRU,0.0030597009683353093,0.04020356234096692,0.9916317991631799,0.07727420932507335,2053680.0,88733.3483856401
B_GRU,0.003071201822535169,0.040176675443812114,0.9895397489539749,0.07721818627050854,2055000.0,88605.403778129
B_GRU,0.0030877311076718933,0.040269027754129064,0.9895397489539749,0.07738874345549739,2050140.0,88402.19763678784
B_GRU,0.0031106713752080267,0.04040317758605962,0.9895397489539749,0.0776364382437423,2043120.0,88108.6776548506
B_GRU,0.0031141494005047705,0.04042044095026491,0.9895397489539749,0.07766830870279146,2042220.0,88071.04688793558
B_GRU,0.0031418242550924013,0.04048721907702865,0.9874476987447699,0.0777851021753461,2038680.0,87739.89613908331
B_GRU,0.003151449160106913,0.04054634481573748,0.9874476987447699,0.07789421569436424,2035620.0,87611.95153157222
B_GRU,0.003166667850960882,0.04055450318581023,0.9853556485355649,0.07790274561693682,2035140.0,87408.74539023105
B_GRU,0.0031888658357833413,0.040691144708423325,0.9853556485355649,0.07815481622832489,2028120.0,87115.22540829382
B_GRU,0.0031957221856566396,0.040708729472774416,0.9853556485355649,0.07818725099601592,2027220.0,87077.59464137879
B_GRU,0.0032273538405896782,0.04086413326392504,0.9853556485355649,0.07847384205264911,2019300.0,86746.44389252653
B_GRU,0.0032383053363773174,0.040920938314509124,0.9853556485355649,0.07857857857857858,2016420.0,86626.02543839843
B_GRU,0.0032612934744690346,0.0410207280961505,0.9853556485355649,0.07876254180602008,2011380.0,86415.29314367427
B_GRU,0.003283257814743149,0.04115693813351975,0.9853556485355649,0.07901358832410668,2004540.0,86129.29931512005
B_GRU,0.0032871971789460636,0.04117852771463543,0.9853556485355649,0.07905337361530715,2003460.0,86084.142394822
B_GRU,0.003311598330346088,0.04133754607688257,0.9853556485355649,0.07934636118598383,1995540.0,85752.99164596974
B_GRU,0.003318667312636095,0.04139567586570575,0.9853556485355649,0.07945344129554656,1992660.0,85632.57319184166
B_GRU,0.0033373756206309902,0.041497797356828195,0.9853556485355649,0.07964152857625972,1987620.0,85421.84089711748
B_GRU,0.0033650908840281773,0.04163719943422914,0.9853556485355649,0.07989821882951653,1980780.0,85135.84706856325
B_GRU,0.003367749966821085,0.0416592959490536,0.9853556485355649,0.079938900203666,1979700.0,85090.69014826522
B_GRU,0.003395278186990902,0.04173326229799325,0.9832635983263598,0.08006814310051107,1976160.0,84759.53939941297
B_GRU,0.0034068896886833913,0.04178892149017516,0.9832635983263598,0.08017057569296375,1973460.0,84646.64709866788
B_GRU,0.0034303819310225856,0.0418969513282225,0.9832635983263598,0.08036935704514363,1968240.0,84428.38865056071
B_GRU,0.0034522168577922766,0.04203559610052768,0.9832635983263598,0.08062441032678618,1961580.0,84149.92097538948
B_GRU,0.0034546637750454494,0.042061929479148025,0.9832635983263598,0.08067284586337109,1960320.0,84097.23790170843
B_GRU,0.0034862212826115234,0.042228212039532795,0.9832635983263598,0.08097863542384563,1952400.0,83766.08715285617
B_GRU,0.003496607682909919,0.04228520017993702,0.9832635983263598,0.08108341240403692,1949700.0,83653.19485211109
B_GRU,0.0035144224324905743,0.04239581454086235,0.9832635983263598,0.08128675198893118,1944480.0,83434.9364040039
B_GRU,0.0035371835704650634,0.04253778622499774,0.9832635983263598,0.08154767068621498,1937820.0,83156.46872883268
B_GRU,0.003540591002668519,0.04256475276218077,0.9832635983263598,0.08159722222222222,1936560.0,83103.78565515165
B_GRU,0.0035711287380034346,0.042735042735042736,0.9832635983263598,0.08191007319623562,1928640.0,82772.6349062994
B_GRU,0.0035804966651442364,0.04278951201747997,0.9832635983263598,0.08201012039783633,1926120.0,82667.26875893731
B_GRU,0.003608915487679813,0.04290670074858499,0.9832635983263598,0.0822253324002799,1920720.0,82441.48415744714
B_GRU,0.003625641628852277,0.04304817732185382,0.9832635983263598,0.08248508248508249,1914240.0,82170.54263565892
B_GRU,0.003631683171303784,0.04307974335472044,0.9832635983263598,0.08254302774850718,1912800.0,82110.33340859487
B_GRU,0.0036600228167248342,0.04325418737345849,0.9832635983263598,0.08286318758815234,1904880.0,81779.18265974261
B_GRU,0.003669165856330335,0.043309988942130485,0.9832635983263598,0.08296557811120919,1902360.0,81673.81651238052
B_GRU,0.00368595439335345,0.0434300498983552,0.9832635983263598,0.08318584070796459,1896960.0,81448.03191089033
B_GRU,0.0037062902814347562,0.04357500463563879,0.9832635983263598,0.08345170454545453,1890480.0,81177.09038910213
B_GRU,0.0037113108162576155,0.043607348302096866,0.9832635983263598,0.08351101634683725,1889040.0,81116.88116203807
B_GRU,0.003744614443894232,0.043692938326812,0.9811715481171548,0.0836603638958259,1885500.0,80785.73041318583
B_GRU,0.003754504273585033,0.043559369461803936,0.9769874476987448,0.08340030359853558,1891920.0,80687.89041920674
B_GRU,0.003779765691536163,0.04368568755846586,0.9769874476987448,0.08363180515759312,1886340.0,80454.57966433356
B_GRU,0.0038006403767592094,0.04382918817456593,0.9769874476987448,0.08389472738704752,1880040.0,80191.16429592835
B_GRU,0.0038072711386991963,0.04386624084163066,0.9769874476987448,0.08396260338007912,1878420.0,80123.4289154813
B_GRU,0.0038398668856869838,0.04404829277494812,0.9769874476987448,0.08429602888086642,1870500.0,79792.27816662904
B_GRU,0.0038490344971040566,0.04410237038436113,0.9769874476987448,0.08439504834191741,1868160.0,79694.43817264996
B_GRU,0.0038747010811414117,0.04423186209509377,0.9769874476987448,0.0846321130844509,1862580.0,79461.12741777678
B_GRU,0.0038970398880013623,0.044283949444074884,0.9748953974895398,0.08471957094809562,1860660.0,79197.71204937158
B_GRU,0.00390250111321043,0.04432185657218946,0.9748953974895398,0.08478893740902475,1859040.0,79129.97666892452
B_GRU,0.003932859274121205,0.04450811843361987,0.9748953974895398,0.08512970405553527,1851120.0,78798.82592007225
B_GRU,0.003939564625217894,0.04455918913750239,0.9748953974895398,0.08522311631309437,1848960.0,78708.51207947618
B_GRU,0.003972592182784913,0.0446000383656244,0.9728033472803347,0.08528980190755686,1847580.0,78467.67517121999
B_GRU,0.004003355616728319,0.0447459584295612,0.9728033472803347,0.08555657773689053,1841460.0,78211.78595619778
B_GRU,0.004008368685643553,0.04478905798497399,0.9728033472803347,0.0856353591160221,1839660.0,78136.52442236773
B_GRU,0.004040514268683673,0.04497968659315148,0.9728033472803347,0.08598372781065089,1831740.0,77805.37367351547
B_GRU,0.004049980174674861,0.04503195816385822,0.9728033472803347,0.08607922991484636,1829580.0,77715.0598329194
B_GRU,0.004072477210880034,0.04517194482222654,0.9728033472803347,0.0863349424433717,1823820.0,77474.2229246632
B_GRU,0.004099662949353676,0.04532163742690058,0.9728033472803347,0.08660830694728999,1817700.0,77218.33370964101
B_GRU,0.004114133333808279,0.045365853658536584,0.9728033472803347,0.08668903803131991,1815900.0,77143.07217581094
B_GRU,0.004148462637975616,0.04556143445032334,0.9728033472803347,0.08704605016847622,1807980.0,76811.92142695868
B_GRU,0.004154034176481486,0.04561506768687463,0.9728033472803347,0.087143928035982,1805820.0,76721.6075863626
B_GRU,0.004188063549226784,0.045758708915567804,0.9728033472803347,0.08740601503759397,1800060.0,76480.77067810642
B_GRU,0.004218944276664815,0.04580906308618817,0.9707112970711297,0.08748939379654944,1798500.0,76232.40761646723
B_GRU,0.004226452921385954,0.045858865388416686,0.9707112970711297,0.08758021895054738,1796520.0,76149.61992925416
B_GRU,0.004263316315674646,0.04605916219972206,0.9707112970711297,0.08794541319181198,1788600.0,75818.4691804019
B_GRU,0.004268303241278623,0.04610951008645533,0.9707112970711297,0.08803718812256901,1786620.0,75735.68149318884
B_GRU,0.0042993398187268885,0.04606181455633101,0.9665271966527197,0.08793300342596116,1789440.0,75487.31843154963
B_GRU,0.004325654342544512,0.046213864159247775,0.9665271966527197,0.08821002386634844,1783500.0,75238.95536991044
B_GRU,0.004336974005661494,0.04626940410615924,0.9665271966527197,0.08831119181879002,1781340.0,75148.64152931437
B_GRU,0.0043762326422037544,0.046474197766824266,0.9665271966527197,0.08868413475381516,1773420.0,74817.4907804621
B_GRU,0.004379813839598589,0.0465209948645655,0.9665271966527197,0.08876933422999327,1771620.0,74742.22924663204
B_GRU,0.004417282747498895,0.046680812367384056,0.9665271966527197,0.08906024096385542,1765500.0,74486.34003160984
B_GRU,0.0044455600364894255,0.04682748834380701,0.9665271966527197,0.08932714617169372,1759920.0,74253.02927673666
B_GRU,0.004459658095023646,0.04688927230285192,0.9665271966527197,0.08943955086632466,1757580.0,74155.18928275758
B_GRU,0.004493543529740873,0.04709960240595372,0.9665271966527197,0.08982210557013708,1749660.0,73824.03853390532
B_GRU,0.004499175622040355,0.047142857142857146,0.9665271966527197,0.08990075890251023,1748040.0,73756.30315345827
B_GRU,0.004529104282854152,0.047311827956989246,0.9665271966527197,0.0902079468905594,1741740.0,73492.88778505307
B_GRU,0.00456228919646116,0.04746250256831724,0.9665271966527197,0.09048178613396005,1736160.0,73259.57703017988
B_GRU,0.004578576863831745,0.047530864197530866,0.9665271966527197,0.09060600117670133,1733640.0,73154.21088281779
B_GRU,0.004625886046814197,0.04774700289375775,0.9665271966527197,0.09099862123301161,1725720.0,72823.06013396554
B_GRU,0.004637418476670245,0.04778651220521307,0.9665271966527197,0.09107037256061501,1724280.0,72762.85090690148
B_GRU,0.004674485511237898,0.04786129568106312,0.9644351464435147,0.09119683481701285,1722180.0,72491.90938511328
B_GRU,0.0047003146142480775,0.04790169738623347,0.9623430962343096,0.09126078762027579,1721340.0,72273.6509370061
B_GRU,0.004720372750691104,0.047976637463496036,0.9623430962343096,0.09139678124379098,1718640.0,72160.758636261
B_GRU,0.004761430996920148,0.04819782062028499,0.9623430962343096,0.0917980443025344,1710720.0,71829.60788740874
B_GRU,0.004768226587493531,0.048233197022124356,0.9623430962343096,0.09186220668996506,1709460.0,71776.9248137277
B_GRU,0.004801345125235999,0.04821560164227814,0.9581589958158996,0.09181116568106645,1711380.0,71490.93098517347
B_GRU,0.004828299678390407,0.04835814591912153,0.9581589958158996,0.0920695547291185,1706340.0,71280.19869044931
B_GRU,0.004848692106906702,0.04843997884717081,0.9581589958158996,0.09221785965972012,1703460.0,71159.78023632121
B_GRU,0.004893067407887676,0.04856019551588567,0.9560669456066946,0.09242592779856407,1699920.0,70828.62948746895
B_GRU,0.004896838847091153,0.048484848484848485,0.9539748953974896,0.09227967216432256,1703220.0,70783.47256717093
B_GRU,0.004935139321889021,0.0486815415821501,0.9539748953974896,0.0926358557643474,1696380.0,70497.47873861669
B_GRU,0.004956684664936748,0.048822269807280515,0.9539748953974896,0.09289060908535343,1691520.0,70294.27259727553
B_GRU,0.004976099666012979,0.048911294647645605,0.9539748953974896,0.09305172941536578,1688460.0,70166.32798976444
B_GRU,0.005015248282144784,0.04914322664080181,0.9539748953974896,0.09347135389976427,1680540.0,69835.17724091218
B_GRU,0.005020216684297033,0.0491697218028898,0.9539748953974896,0.09351927809680068,1679640.0,69797.54647399714
B_GRU,0.005062228795062644,0.04927442061944986,0.9518828451882845,0.0936985172981878,1676820.0,69496.50033867691
B_GRU,0.005083532410422272,0.049413553431798436,0.9518828451882845,0.09395003097253768,1672140.0,69300.82035071876
B_GRU,0.005100886762471957,0.04951033732317737,0.9518828451882845,0.09412494828299545,1668900.0,69165.34958982465
B_GRU,0.005141819161079786,0.04963918652963044,0.9497907949790795,0.09434746467165421,1665360.0,68834.19884097239
B_GRU,0.0051430508773213784,0.0496609057099103,0.9497907949790795,0.09438669438669438,1664640.0,68804.09422744036
B_GRU,0.005188292739547471,0.04987914744012305,0.9497907949790795,0.09478079331941545,1657440.0,68503.04809212012
B_GRU,0.005213180415057547,0.050016525283684034,0.9497907949790795,0.09502878074306645,1652940.0,68314.89425754496
B_GRU,0.005231399499783004,0.05001103996467211,0.9476987447698745,0.09500838926174496,1653900.0,68171.89734326785
B_GRU,0.005271505629272248,0.05026073449461888,0.9476987447698745,0.0954588557580866,1645800.0,67833.2204410326
B_GRU,0.005272942510899222,0.05027188991232937,0.9476987447698745,0.09547897565602277,1645440.0,67818.16813426658
B_GRU,0.005328921152216554,0.050507302932322445,0.9476987447698745,0.09590346141632265,1637880.0,67502.06969218032
B_GRU,0.005354077931836784,0.05064281721632197,0.9476987447698745,0.09614772365488698,1633560.0,67321.44201098819
B_GRU,0.005376694935123044,0.05076199013895114,0.9476987447698745,0.09636247606892151,1629780.0,67163.39278994506
B_GRU,0.005411695907868615,0.05101351351351351,0.9476987447698745,0.09681555888010258,1621860.0,66832.24204109279
B_GRU,0.005412059302140436,0.05101925892555468,0.9476987447698745,0.0968259057390189,1621680.0,66824.7158877098
B_GRU,0.005460825900911399,0.0512675418741512,0.9476987447698745,0.09727292248228474,1613940.0,66501.09129224053
B_GRU,0.005485315271806431,0.05139550714771954,0.9476987447698745,0.09750322858372794,1609980.0,66335.51591781441
B_GRU,0.005509794253396973,0.051524112829845314,0.9476987447698745,0.09773462783171522,1606020.0,66169.94054338828
B_GRU,0.0055524998827414206,0.05178326474622771,0.9476987447698745,0.09820073704747452,1598100.0,65838.78979453602
B_GRU,0.005552597992320322,0.05178326474622771,0.9476987447698745,0.09820073704747452,1598100.0,65838.78979453602
B_GRU,0.005600327392809126,0.052045036764705885,0.9476987447698745,0.09867131343933784,1590180.0,65507.639045683754
B_GRU,0.005618824781228116,0.05217691776088459,0.9476987447698745,0.09890829694323144,1586220.0,65342.06367125762
B_GRU,0.0056438580667069315,0.0523094688221709,0.9476987447698745,0.09914642153644124,1582260.0,65176.48829683149
B_GRU,0.00569448266295091,0.05257660167130919,0.9476987447698745,0.09962612711678029,1574340.0,64845.33754797923
B_GRU,0.005696385888543142,0.05257660167130919,0.9476987447698745,0.09962612711678029,1574340.0,64845.33754797923
B_GRU,0.005763980974221503,0.052846476901539895,0.9476987447698745,0.10011049723756907,1566420.0,64514.18679912697
B_GRU,0.005783993920147189,0.052976260086539585,0.9476987447698745,0.10034333813268356,1562640.0,64356.137578083835
B_GRU,0.005820868198574209,0.053119136960600374,0.9476987447698745,0.100599600266489,1558500.0,64183.0360502747
B_GRU,0.005864012715301259,0.05338833235120801,0.9476987447698745,0.10108222693294656,1550760.0,63859.41145480545
B_GRU,0.005866611800859352,0.05339462517680339,0.9476987447698745,0.1010935059138585,1550580.0,63851.88530142244
B_GRU,0.00591922903418173,0.05367298578199052,0.9476987447698745,0.10159228526575464,1542660.0,63520.73455257018
B_GRU,0.005941052538304911,0.05380686542344697,0.9476987447698745,0.1018320782286164,1538880.0,63362.68533152706
B_GRU,0.00596223996757923,0.05395426393520724,0.9476987447698745,0.10209601081812035,1534740.0,63189.58380371792
B_GRU,0.006013378391313591,0.05423201245061655,0.9476987447698745,0.10259313780998756,1527000.0,62865.95920824867
B_GRU,0.006014967963081894,0.054238505747126436,0.9476987447698745,0.10260475651189127,1526820.0,62858.43305486566
B_GRU,0.006082889541717241,0.05452575830524795,0.9476987447698745,0.10311859776917824,1518900.0,62527.282306013396
B_GRU,0.006098617370145669,0.05466393145891155,0.9476987447698745,0.1033656588705077,1515120.0,62369.23308497028
B_GRU,0.006127531831891521,0.05481606969990319,0.9476987447698745,0.10363761153054221,1510980.0,62196.13155716114
B_GRU,0.0061872624858354324,0.05509608367793724,0.9476987447698745,0.10413793103448277,1503420.0,61880.03311507488
B_GRU,0.006189529004848194,0.05510948905109489,0.9476987447698745,0.10416187629340078,1503060.0,61864.98080830888
B_GRU,0.006241687322398026,0.055283757338551856,0.9456066945606695,0.104460365149064,1499520.0,61533.83005945661
B_GRU,0.0062734990168774995,0.055419323197645906,0.9456066945606695,0.10470233958767662,1495920.0,61383.3069917965
B_GRU,0.006310302498534922,0.05558288243974422,0.9456066945606695,0.10499419279907084,1491600.0,61202.67931060435
B_GRU,0.006354598269828872,0.055871446229913475,0.9456066945606695,0.10550887021475257,1484040.0,60886.580868518104
B_GRU,0.006356000571561918,0.05588526211671612,0.9456066945606695,0.10553350455288349,1483680.0,60871.528561752086
B_GRU,0.006418222192399945,0.05619094977623073,0.9456066945606695,0.10607838535555035,1475760.0,60540.377812899824
B_GRU,0.006435291340424133,0.05633100697906281,0.9456066945606695,0.1063279228416843,1472160.0,60389.85474523971
B_GRU,0.0064719560810961915,0.0565,0.9456066945606695,0.10662892191554611,1467840.0,60209.22706404757
B_GRU,0.00653533143970475,0.056791054152531724,0.9456066945606695,0.10714709019793767,1460460.0,59900.65477534432
B_GRU,0.0065373924052668795,0.05681246857717446,0.9456066945606695,0.1071852027507707,1459920.0,59878.07631519531
B_GRU,0.006602051219167782,0.05700202224469161,0.9435146443514645,0.10750893921334924,1456380.0,59546.925566343045
B_GRU,0.006625835077979421,0.057139237298872415,0.9435146443514645,0.10775295663600525,1452960.0,59403.92865206593
B_GRU,0.006657870716343425,0.05732079308591764,0.9435146443514645,0.1080757248981548,1448460.0,59215.77481749078
B_GRU,0.006719579136631441,0.057621055321323625,0.9435146443514645,0.10860927152317881,1441080.0,58907.20252878754
B_GRU,0.006723542844346192,0.05764314928425358,0.9435146443514645,0.10864851842929414,1440540.0,58884.62406863851
B_GRU,0.006780263831539459,0.05784061696658098,0.9414225941422594,0.10898522644708163,1437000.0,58553.47331978625
B_GRU,0.006811007349822648,0.05798221878623889,0.9414225941422594,0.10923655783468868,1433580.0,58410.47640550915
B_GRU,0.006850523827415177,0.05816959669079628,0.9414225941422594,0.1095690284879474,1429080.0,58222.32257093399
B_GRU,0.0069195249367801906,0.058471933471933475,0.9414225941422594,0.11010521164668462,1421880.0,57921.276435613756
B_GRU,0.006925429792059462,0.05850234009360374,0.9414225941422594,0.11015911872705018,1421160.0,57891.171822081735
B_GRU,0.007018933950019795,0.05883891213389121,0.9414225941422594,0.11075559931085403,1413240.0,57560.02107322947
B_GRU,0.007045961232936482,0.05897771952817824,0.9414225941422594,0.1110014800197336,1410000.0,57424.55031233536
B_GRU,0.00708136206418641,0.05917937927406628,0.9414225941422594,0.111358574610245,1405320.0,57228.87032437721
B_GRU,0.007139373464366668,0.059492332099418295,0.9414225941422594,0.11191245958716738,1398120.0,56927.82418905698
B_GRU,0.0071439551543409025,0.05952380952380952,0.9414225941422594,0.11196815128141328,1397400.0,56897.71957552495
B_GRU,0.007217348548969401,0.059739222990952634,0.9393305439330544,0.11233425068801602,1393860.0,56566.568826672694
B_GRU,0.0072618560680847545,0.05988263536943185,0.9393305439330544,0.11258776328986962,1390620.0,56431.098065778584
B_GRU,0.007296950450028831,0.059957173447537475,0.9372384937238494,0.11270440251572328,1390320.0,56235.41807782042
B_GRU,0.007350219929589487,0.06027176106551863,0.9372384937238494,0.11326001769687775,1383300.0,55941.89809588319
B_GRU,0.007357888064263856,0.060320452403393024,0.9372384937238494,0.1133459835547122,1382220.0,55896.741175585164
B_GRU,0.007425015841426198,0.06067994040362996,0.9372384937238494,0.11398040961709706,1374300.0,55565.590426732895
B_GRU,0.007453941555846975,0.060811727976109675,0.9372384937238494,0.11421287444231994,1371420.0,55445.1719726048
B_GRU,0.0075002472397459625,0.061043738929009404,0.9372384937238494,0.1146219777408213,1366380.0,55234.43967788063
B_GRU,0.007561097250387953,0.061361457334611694,0.9372384937238494,0.11518189998714487,1359540.0,54948.44584932641
B_GRU,0.007568805838926725,0.0612748457847841,0.9351464435146444,0.11501350829795445,1362840.0,54903.28892902837
B_GRU,0.007641904846940941,0.06164666942490691,0.9351464435146444,0.1156682623884073,1354920.0,54572.13818017611
B_GRU,0.007673405318778629,0.061644782308223914,0.9330543933054394,0.11564890444703747,1356420.0,54451.71972604802
B_GRU,0.007714485353150391,0.061884279173026226,0.9330543933054394,0.11607026675341575,1351380.0,54240.98743132385
B_GRU,0.007786424460555995,0.06220362622036262,0.9330543933054394,0.11663179916317992,1344720.0,53962.51975615263
B_GRU,0.007794572966815476,0.06226441435152869,0.9330543933054394,0.11673864677398246,1343460.0,53909.83668247159
B_GRU,0.007872851035006775,0.06250877932293862,0.9309623430962343,0.11715150717388444,1339920.0,53578.68593361933
B_GRU,0.007889159973390018,0.06264076576576577,0.9309623430962343,0.11738327618042732,1337220.0,53465.793632874236
B_GRU,0.007935329753712958,0.06275618374558303,0.9288702928870293,0.11756917781014166,1336380.0,53247.53518476707
B_GRU,0.008004452066177498,0.06308610400682012,0.9288702928870293,0.11814795103778605,1329720.0,52969.06750959584
B_GRU,0.008011280427424387,0.06314891196131418,0.9288702928870293,0.11825809029165002,1328460.0,52916.384435914806
B_GRU,0.008085422632792284,0.0635465865178188,0.9288702928870293,0.11895512391158741,1320540.0,52585.23368706254
B_GRU,0.008116472369908423,0.06368330464716007,0.9288702928870293,0.11919463087248322,1317840.0,52472.34138631746
B_GRU,0.008167830206962644,0.06380527149647126,0.9267782426778243,0.11939091766608273,1317000.0,52254.082938210275
B_GRU,0.008238140932688104,0.06413783118575359,0.9267782426778243,0.1199729180771835,1310520.0,51983.14141642206
B_GRU,0.00825162337366018,0.06421220466734309,0.9267782426778243,0.12010302290904161,1309080.0,51922.93218935802
B_GRU,0.008338201373841374,0.06462436177972283,0.9267782426778243,0.1208236738033547,1301160.0,51591.78144050576
B_GRU,0.008367607347534597,0.06475661453003947,0.9267782426778243,0.12105478890558821,1298640.0,51486.41529314367
B_GRU,0.008424865349623148,0.0650418440757598,0.9267782426778243,0.12155302510632461,1293240.0,51260.630691653496
B_GRU,0.00850486867213147,0.06538745387453875,0.9267782426778243,0.12215634909692542,1286760.0,50989.68916986528
B_GRU,0.008512313236904883,0.06546475543076696,0.9267782426778243,0.12229123533471362,1285320.0,50929.479942801234
B_GRU,0.00858715429156312,0.06589320243938718,0.9267782426778243,0.12303846687960006,1277400.0,50598.32919394898
B_GRU,0.008609388452865489,0.06603070502310329,0.9267782426778243,0.1232781410880757,1274880.0,50492.96304658689
B_GRU,0.008662679600739456,0.06632729450516545,0.9267782426778243,0.12379488612547156,1269480.0,50267.17844509672
B_GRU,0.008720557077154073,0.06667670078266105,0.9267782426778243,0.12440325751193486,1263180.0,50003.763076691495
B_GRU,0.008744282607409079,0.0666164280331575,0.9246861924686193,0.12427948826093069,1265940.0,49936.02769624445
B_GRU,0.008849883778185949,0.0670611439842209,0.9246861924686193,0.1250530485217145,1258020.0,49604.87694739219
B_GRU,0.008876132251182936,0.06719367588932806,0.9246861924686193,0.12528344671201816,1255680.0,49507.03695341311
B_GRU,0.008947869381249566,0.06751183748281656,0.9246861924686193,0.12583629893238435,1250100.0,49273.726198539924
B_GRU,0.0090073239072539,0.06787469287469287,0.9246861924686193,0.12646638054363377,1243800.0,49010.31083013472
B_GRU,0.009023719917055062,0.06796862986314009,0.9246861924686193,0.12662942271880817,1242180.0,48942.57544968766
B_GRU,0.009112599759887235,0.06843164576559839,0.9246861924686193,0.1274326077555139,1234260.0,48611.42470083541
B_GRU,0.00914898431608876,0.06856965560037233,0.9246861924686193,0.12767186597342575,1231920.0,48513.58470685633
B_GRU,0.00923285400653535,0.06890101325019486,0.9246861924686193,0.12824604671405776,1226340.0,48280.273951983145
B_GRU,0.009296712855096494,0.06927899686520377,0.9246861924686193,0.1289005540974045,1220040.0,48016.85858357793
B_GRU,0.009312168648089906,0.06937686391461309,0.9246861924686193,0.129069937217112,1218420.0,47949.123203130875
B_GRU,0.00941218808203077,0.06970128022759602,0.9225941422594143,0.12961058045554738,1214880.0,47617.97245427862
B_GRU,0.009438679876067146,0.06983372921615202,0.9225941422594143,0.12983954070366555,1212720.0,47527.65861368254
B_GRU,0.00951895999323451,0.07018939996816807,0.9225941422594143,0.13045407484099986,1206960.0,47286.82170542636
B_GRU,0.00958783125053502,0.0704112658025284,0.9205020920502092,0.13081611416679054,1205220.0,47030.93249040416
B_GRU,0.009614610776445522,0.07052412245552171,0.9205020920502092,0.13101086794700015,1203420.0,46955.6709565741
B_GRU,0.00971149458158423,0.07102502017756256,0.9205020920502092,0.13187471901693393,1195500.0,46624.520207721835
B_GRU,0.009737978343398814,0.07116286592269125,0.9205020920502092,0.13211229545113345,1193340.0,46534.206367125764
B_GRU,0.009828850467943679,0.07153308405137376,0.9205020920502092,0.13275003771307892,1187580.0,46293.36945886957
B_GRU,0.009919776078245412,0.07193068497629557,0.9205020920502092,0.13343442001516298,1181460.0,46037.48024384737
B_GRU,0.009946991241624582,0.07204846897003439,0.9205020920502092,0.13363705391040245,1179660.0,45962.21871001731
B_GRU,0.010055581749001908,0.07257133432294244,0.9205020920502092,0.13453600366916374,1171740.0,45631.06796116505
B_GRU,0.010083575263993793,0.07270323859881031,0.9205020920502092,0.13476263399693722,1169760.0,45548.28027395198
B_GRU,0.010153656186240886,0.0731018441601595,0.9205020920502092,0.1354471294443589,1163820.0,45299.91721231279
B_GRU,0.010250188875233629,0.07350484463748747,0.9205020920502092,0.13613861386138612,1157880.0,45051.55415067359
B_GRU,0.010274320266820597,0.07364016736401674,0.9205020920502092,0.1363706803037347,1155900.0,44968.766463460524
B_GRU,0.010388731056030321,0.07401787219693137,0.9184100418410042,0.1369948509907942,1152360.0,44637.61571460826
B_GRU,0.010419194696477771,0.07398648648648648,0.9163179916317992,0.1369177868083776,1154760.0,44554.8280273952
B_GRU,0.010512937437675451,0.07423135722779005,0.9142259414225942,0.1373134328358209,1153200.0,44306.464965756
B_GRU,0.01058477232071865,0.07447898872565767,0.9121338912133892,0.13771320277953253,1151640.0,44058.101904116804
B_GRU,0.010611622791931279,0.07444805750470648,0.9100418410041841,0.13763644992880875,1154040.0,43975.31421690374
B_GRU,0.010719419626975906,0.07501293326435593,0.9100418410041841,0.1386012426318305,1146120.0,43644.163468051476
B_GRU,0.010746793386063451,0.07514251166004492,0.9100418410041841,0.13882240306366683,1144320.0,43568.90193422142
B_GRU,0.010825677012516147,0.07541268462206777,0.9079497907949791,0.13925878389218674,1142580.0,43313.012719199214
B_GRU,0.010911595995391118,0.07583435261226629,0.9079497907949791,0.1399774229962909,1136820.0,43072.17581094302
B_GRU,0.010945486490150032,0.07599369637541586,0.9079497907949791,0.1402488285668121,1134660.0,42981.86197034696
B_GRU,0.011045512709796071,0.07640727016057879,0.9058577405857741,0.14092758340113912,1131120.0,42650.71122149469
B_GRU,0.01107566112408256,0.0765423369277002,0.9058577405857741,0.14115729421352896,1129320.0,42575.44968766464
B_GRU,0.0111829851458461,0.0766494753690201,0.9016736401673641,0.14128831339124734,1131960.0,42319.56047264243
B_GRU,0.01126367017642113,0.07690931854766589,0.899581589958159,0.14170374031965727,1130580.0,42078.723564386244
B_GRU,0.011310695293019172,0.07689550098583976,0.897489539748954,0.141654284299158,1132800.0,41988.40972379017
B_GRU,0.011451892291075216,0.07750677506775068,0.897489539748954,0.14269083652087144,1124880.0,41657.25897493791
B_GRU,0.011471481368827105,0.07745204487875498,0.895397489539749,0.14257161892071954,1127640.0,41589.523594490856
B_GRU,0.011561387183043432,0.07794572937534147,0.895397489539749,0.1434076059641481,1121340.0,41326.10822608564
B_GRU,0.011637535201758925,0.07838827838827839,0.895397489539749,0.14415628157628832,1115760.0,41092.79747121246
B_GRU,0.011685416814348924,0.07857536258490913,0.895397489539749,0.14447257383966244,1113420.0,40994.95747723339
B_GRU,0.011852050334755905,0.0790301684249491,0.893305439330544,0.14521339908178882,1109880.0,40663.806728381125
B_GRU,0.011891824503472401,0.07916203188728217,0.893305439330544,0.1454359673024523,1108260.0,40596.07134793407
B_GRU,0.012014927113574254,0.07967904459787274,0.893305439330544,0.14630803494946035,1101960.0,40332.65597952886
B_GRU,0.01209893697284372,0.07976726726726727,0.8891213389121339,0.14640027557698934,1105140.0,40099.34522465568
B_GRU,0.01215141440618631,0.0799623706491063,0.8891213389121339,0.14672881063352322,1102800.0,40001.5052306766
B_GRU,0.012299674755477956,0.08062986150635552,0.8891213389121339,0.14785180031309791,1094880.0,39670.35448182434
B_GRU,0.012315658003587256,0.08075242257267717,0.8891213389121339,0.14805782964640307,1093440.0,39610.14525476029
B_GRU,0.012436153236605586,0.08130859001339201,0.8891213389121339,0.14899211218229627,1086960.0,39339.20373297208
B_GRU,0.012566663369493294,0.08158553011352704,0.8870292887029289,0.14942731277533042,1085940.0,39113.419131481896
B_GRU,0.01262057331416295,0.08180590391665059,0.8870292887029289,0.14979685567920864,1083420.0,39008.052984119815
B_GRU,0.012791387357234582,0.08250632418758513,0.8870292887029289,0.15097026882677586,1075500.0,38676.90223526756
B_GRU,0.012821868579311176,0.08224517637887352,0.8828451882845189,0.15047245498306294,1082820.0,38616.6930082035
B_GRU,0.012927767128494591,0.08263002944062807,0.8807531380753139,0.15108559124349544,1080720.0,38345.75148641529
B_GRU,0.013043164816436241,0.08311944718657453,0.8807531380753139,0.15190330146130257,1075320.0,38119.96688492512
B_GRU,0.013097216571755575,0.08334983171649178,0.8807531380753139,0.15228793633568458,1072800.0,38014.60073756303
B_GRU,0.013242462999200311,0.08388256440982625,0.8786610878661087,0.15314494074749319,1069260.0,37683.449988710774
B_GRU,0.013257445185620125,0.084,0.8786610878661087,0.15334063526834613,1068000.0,37630.76691502973
B_GRU,0.013427053492153116,0.0844247430989321,0.8765690376569037,0.15401580591802977,1065720.0,37352.29923985851
B_GRU,0.013531791900392453,0.08492095662748277,0.8765690376569037,0.1548410938654841,1060500.0,37134.04079175134
B_GRU,0.013600198346687072,0.08517991461679203,0.8765690376569037,0.15527144710024088,1057800.0,37021.14849100624
B_GRU,0.01377423191714476,0.08574358974358974,0.8744769874476988,0.15617410797683542,1054260.0,36689.99774215399
B_GRU,0.01380767915552647,0.08586688578471652,0.8744769874476988,0.15637860082304528,1053000.0,36637.31466847294
B_GRU,0.013927398723354554,0.08652452908300559,0.8744769874476988,0.15746844980222263,1046340.0,36358.846993301726
B_GRU,0.0140392508595584,0.08683881715951687,0.8723849372384938,0.15795454545454546,1045500.0,36140.58854519455
B_GRU,0.014109789107481188,0.08711092542302068,0.8723849372384938,0.1584045584045584,1042800.0,36027.696244449464
B_GRU,0.01432046615397276,0.08791903858317521,0.8723849372384938,0.15973951350316032,1034880.0,35696.5454955972
B_GRU,0.014332242426243766,0.08804898648648649,0.8723849372384938,0.15995397008055234,1033620.0,35643.86242191616
B_GRU,0.014557608969220264,0.08876117496807152,0.8723849372384938,0.16112828438948995,1026780.0,35357.868593361934
B_GRU,0.014655549546895257,0.0892742453436095,0.8723849372384938,0.16197319867935522,1021920.0,35154.66245202078
B_GRU,0.014719669373526657,0.08960034379028793,0.8723849372384938,0.16250974279033517,1018860.0,35026.71784450967
B_GRU,0.014897243579573,0.09045553145336226,0.8723849372384938,0.16391509433962265,1010940.0,34695.56709565741
B_GRU,0.014916049151155103,0.09055374592833876,0.8723849372384938,0.16407633287428683,1010040.0,34657.93632874238
B_GRU,0.015040797043210315,0.09110819097678494,0.8702928870292888,0.16494845360824742,1007400.0,34364.41634680515
B_GRU,0.015189606093785172,0.09142983035910994,0.8682008368200836,0.16543751245764404,1006920.0,34161.21020546399
B_GRU,0.015299091213957903,0.09179385091793851,0.8682008368200836,0.16603320664132828,1003680.0,34025.73944456988
B_GRU,0.015469197940311092,0.09269600178691088,0.8682008368200836,0.16750756811301717,995760.0,33694.58869571762
B_GRU,0.015484076387864832,0.09277889559579701,0.8682008368200836,0.16764290042415675,995040.0,33664.4840821856
B_GRU,0.01574178457391277,0.09339048048725468,0.8661087866108786,0.1686010995723885,992220.0,33363.43794686536
B_GRU,0.015853736127504722,0.09392014519056262,0.8661087866108786,0.1694637740483013,987720.0,33175.28411229021
B_GRU,0.015940636419653348,0.09409888357256778,0.8640167364016736,0.16971440312307373,988680.0,33032.287198013095
B_GRU,0.016194601413396393,0.0950517836593786,0.8640167364016736,0.17126269956458634,980760.0,32701.136449160833
B_GRU,0.016216256878738056,0.0951174573929065,0.8640167364016736,0.17136929460580916,980220.0,32678.557989011813
B_GRU,0.016446408435203622,0.0960241804231574,0.8640167364016736,0.1728395061728395,972840.0,32369.985700308574
B_GRU,0.016534512384557557,0.09658559401309635,0.8640167364016736,0.17374842238115273,968340.0,32181.831865733424
B_GRU,0.016659771487125993,0.09701667841202725,0.8640167364016736,0.17444561774023232,964920.0,32038.834951456312
B_GRU,0.016876073643052308,0.09802990742938524,0.8640167364016736,0.17608185887870392,957000.0,31707.684202604047
B_GRU,0.016885627665380164,0.09809976247030879,0.8640167364016736,0.17619453924914674,956460.0,31685.105742455034
B_GRU,0.017161487737844233,0.09882465819141281,0.8619246861924686,0.17731870023671187,953460.0,31376.53345375179
B_GRU,0.01732481328774216,0.09939686369119421,0.8619246861924686,0.1782392385896604,949140.0,31195.905772559647
B_GRU,0.017414190346343197,0.09987878787878787,0.8619246861924686,0.17901368672604823,945540.0,31045.382704899526
B_GRU,0.017652725510313026,0.10095564812545944,0.8619246861924686,0.18074139065584557,937620.0,30714.231956047268
B_GRU,0.017662669622565467,0.10100514832066683,0.8619246861924686,0.18082071538292735,937260.0,30699.17964928125
B_GRU,0.017931351897702966,0.10156056477582363,0.8577405857740585,0.18161683277962348,938460.0,30383.081207195002
B_GRU,0.0180661557972581,0.10191876401694493,0.8556485355648535,0.18214206190158094,938520.0,30202.45352600286
B_GRU,0.018218059842839272,0.10242925118958177,0.8556485355648535,0.18295683292328338,934920.0,30051.93045834274
B_GRU,0.01844541176850426,0.10357052418333755,0.8556485355648535,0.1847752428281003,927000.0,29720.77970949048
B_GRU,0.018453137833082445,0.10362300481378262,0.8556485355648535,0.18485875706214688,926640.0,29705.727402724468
B_GRU,0.018826046887805547,0.10448143405889884,0.8535564853556485,0.18617385352498286,923460.0,29389.62896063822
B_GRU,0.01895380026812549,0.10510046367851623,0.8535564853556485,0.1871559633027523,919320.0,29216.52743282908
B_GRU,0.019087472080625466,0.10541310541310542,0.8514644351464435,0.18760082968425904,919920.0,29058.478211785954
B_GRU,0.01938929681707299,0.10662824207492795,0.8514644351464435,0.18952270081490105,912000.0,28727.327462933696
B_GRU,0.01939127038103695,0.10665618448637317,0.8514644351464435,0.1895668374476013,911820.0,28719.80130955069
B_GRU,0.01970371300324497,0.10787172011661808,0.8514644351464435,0.1914843566219713,904080.0,28396.176714081434
B_GRU,0.01981657505476758,0.10853333333333333,0.8514644351464435,0.19252601702932826,899940.0,28223.075186272294
B_GRU,0.019897003211047776,0.10914454277286136,0.8514644351464435,0.19348704540052294,896160.0,28065.02596522917
B_GRU,0.020135895393696736,0.11044776119402985,0.8514644351464435,0.19553206822003363,888240.0,27733.875216376906
B_GRU,0.020136852043449605,0.11047774158523344,0.8514644351464435,0.19557904853435848,888060.0,27726.349062993904
B_GRU,0.020503989446991024,0.11150782751991212,0.8493723849372385,0.1971352269968439,884700.0,27402.724467524647
B_GRU,0.020612004463466293,0.11190936722851616,0.8472803347280334,0.19770563827190624,885120.0,27237.149093098516
B_GRU,0.02076189849344542,0.11259382819015847,0.8472803347280334,0.19877300613496932,881160.0,27071.573718672385
B_GRU,0.021023755933215704,0.11370672670982268,0.8451882845188284,0.2004465393202679,877620.0,26740.422969820127
B_GRU,0.021026596516032087,0.11370672670982268,0.8451882845188284,0.2004465393202679,877620.0,26740.422969820127
B_GRU,0.02139817286472776,0.1139925904816187,0.8368200836820083,0.20065211938801103,887220.0,26409.27222096786
B_GRU,0.021666661548090407,0.11442500716948667,0.8347280334728033,0.20126103404791928,887640.0,26243.69684654173
B_GRU,0.021810987801763184,0.11457431457431458,0.8305439330543933,0.201369515597261,892440.0,26078.1214721156
B_GRU,0.022167388058278514,0.1157556270096463,0.8284518828451883,0.20312900743780457,888900.0,25746.97072326334
B_GRU,0.022173872540105468,0.1157556270096463,0.8284518828451883,0.20312900743780457,888900.0,25746.97072326334
B_GRU,0.022549789375425434,0.11607936037903464,0.8200836820083682,0.20337224383916988,898500.0,25415.81997441108
B_GRU,0.022720124980223935,0.11680572109654351,0.8200836820083682,0.20448617631716223,894720.0,25257.770753367953
B_GRU,0.02290887725809764,0.11761176117611762,0.8200836820083682,0.2057202833901863,890580.0,25084.669225558813
B_GRU,0.0233660116379056,0.11914893617021277,0.8200836820083682,0.208067940552017,882840.0,24761.044630089564
B_GRU,0.02337221274791337,0.11918516266342354,0.8200836820083682,0.20812317494027077,882660.0,24753.518476706555
B_GRU,0.023755425054929582,0.12018489984591679,0.8158995815899581,0.20950846091861403,883500.0,24422.367727854293
B_GRU,0.024029624433094608,0.1206575682382134,0.8138075313807531,0.2101566720691518,884100.0,24264.31850681117
B_GRU,0.024271386149370418,0.12121212121212122,0.8117154811715481,0.21092688230497417,884340.0,24091.21697900203
B_GRU,0.024697531996143576,0.12254591513616213,0.8096234309623431,0.21287128712871287,880980.0,23767.592383532778
B_GRU,0.02471487410900894,0.1222679759265125,0.8075313807531381,0.2123796423658872,885180.0,23760.066230149772
B_GRU,0.025158597880899292,0.12399614519755862,0.8075313807531381,0.2149818991924255,877260.0,23428.915481297507
B_GRU,0.02537555914526273,0.12447462010992563,0.805439330543933,0.2156258751050126,878040.0,23278.39241363739
B_GRU,0.025653162617743804,0.12544802867383512,0.805439330543933,0.21708486044544684,873720.0,23097.76473244525
B_GRU,0.026147291811524687,0.12685827552031714,0.803347280334728,0.21911554921540657,870540.0,22781.666290358997
B_GRU,0.02617372767421581,0.12694214876033058,0.803347280334728,0.21924065087068229,870180.0,22766.613983592983
B_GRU,0.02675466834043389,0.12848037571284804,0.801255230125523,0.22145128649898815,866640.0,22435.463234740724
B_GRU,0.026913336289377292,0.1293481931779804,0.801255230125523,0.2227391683628962,863040.0,22284.940167080604
B_GRU,0.02715689493737997,0.13040517534899557,0.801255230125523,0.22430453879941434,858720.0,22104.312485888462
B_GRU,0.027582880827409957,0.1319516407599309,0.799163179916318,0.22650459531574266,855540.0,21788.21404380221
B_GRU,0.027637587660395296,0.1320428620808849,0.799163179916318,0.22663897953129633,855180.0,21773.1617370362
B_GRU,0.02809063350932646,0.13338013338013338,0.7949790794979079,0.22843402464682896,856020.0,21442.01098818394
B_GRU,0.028334294094790644,0.1343230823612584,0.7949790794979079,0.22981554278802538,852420.0,21291.487920523818
B_GRU,0.028722871139059067,0.13475935828877006,0.7907949790794979,0.23027718550106613,856860.0,21110.860239331676
B_GRU,0.02936379805556083,0.13603473227206947,0.7866108786610879,0.2319555829734732,858240.0,20802.287950628433
B_GRU,0.02937790250213174,0.13618254255704454,0.7866108786610879,0.23217042297005247,857700.0,20779.709490479418
B_GRU,0.029895162604875517,0.13765182186234817,0.7824267782426778,0.23411580594679185,858540.0,20448.558741627156
B_GRU,0.030123002403756097,0.13862120088954782,0.7824267782426778,0.2355163727959698,855120.0,20305.56182735004
B_GRU,0.030422390717159884,0.13916947250280584,0.7782426778242678,0.2361155188828943,859380.0,20117.407992774894
B_GRU,0.03096059438917704,0.14095744680851063,0.7761506276150628,0.23858520900321545,856380.0,19808.835704071647
B_GRU,0.031017912607071357,0.1411182959300114,0.7761506276150628,0.23881557772771164,855840.0,19786.25724392263
B_GRU,0.03159401341617361,0.14313346228239845,0.7740585774058577,0.2415932092719556,852300.0,19455.10649507037
B_GRU,0.03199454763964236,0.1441932969602494,0.7740585774058577,0.2431011826544021,848880.0,19312.109580793258
B_GRU,0.03235809818159025,0.14521841794569068,0.7719665271966527,0.24445180523352106,848760.0,19123.955746218107
B_GRU,0.03296022818244462,0.14714114354258298,0.7698744769874477,0.24706277274253105,845940.0,18822.90961089787
B_GRU,0.03302295107090518,0.1473768522226672,0.7698744769874477,0.24739495798319328,845220.0,18792.80499736585
B_GRU,0.033548350549918914,0.14961271911944557,0.7677824267782427,0.25042647560559533,841680.0,18461.654248513583
B_GRU,0.03396630704080797,0.14989733059548255,0.7635983263598326,0.25060075523515274,847200.0,18326.183487619477
B_GRU,0.034326190126847025,0.15110004151100043,0.7615062761506276,0.2521648770349844,846900.0,18130.503499661325
B_GRU,0.03492664226143065,0.15238497256226255,0.7552301255230126,0.2536002809975412,852840.0,17829.457364341088
B_GRU,0.03505776199188468,0.15264270613107822,0.7552301255230126,0.2539570875835385,852120.0,17799.35275080906
B_GRU,0.03586145289127285,0.15424386040499785,0.7489539748953975,0.255805644873169,857340.0,17468.2020019568
B_GRU,0.03620245282165543,0.15544941380807642,0.7489539748953975,0.2574613448399856,854100.0,17332.731241062695
B_GRU,0.03693588358751992,0.15678524374176547,0.7468619246861925,0.2591651542649728,853800.0,17137.05125310454
B_GRU,0.037622075442076124,0.15862377122430743,0.7426778242677824,0.2614138438880707,855540.0,16843.531271167307
B_GRU,0.037745239668624024,0.15897895208240037,0.7426778242677824,0.26189597934341574,854640.0,16805.900504252277
B_GRU,0.038863494679891045,0.16126084970306076,0.7384937238493724,0.2647169103862017,855480.0,16474.749755400015
B_GRU,0.03920822907126994,0.1625230202578269,0.7384937238493724,0.2664150943396227,852420.0,16346.805147888912
B_GRU,0.0399421303087795,0.1641025641025641,0.7364016736401674,0.2683949675943576,851940.0,16143.599006547754
B_GRU,0.04108013893875923,0.16619183285849953,0.7322175732217573,0.2708978328173375,853680.0,15850.079024610523
B_GRU,0.041194640589126155,0.16658733936220846,0.7322175732217573,0.2714230321830166,852780.0,15812.44825769549
B_GRU,0.042322497942375255,0.16917841516771998,0.7280334728033473,0.27455621301775146,853620.0,15481.29750884323
B_GRU,0.04266223283891867,0.17009803921568628,0.7259414225941423,0.2756155679110405,854940.0,15353.35290133213
B_GRU,0.043297362403315685,0.17138599105812222,0.7217573221757322,0.2769971898835809,858840.0,15150.146759990968
B_GRU,0.044452783076512015,0.17417721518987342,0.7196652719665272,0.2804728903383612,856380.0,14864.152931436742
B_GRU,0.044698457655194875,0.17420010157440324,0.7175732217573222,0.28034327748263177,859680.0,14818.996011138708
B_GRU,0.04563598733844383,0.17766233766233766,0.7154811715481172,0.28464419475655434,856140.0,14487.845262286444
B_GRU,0.046181302412997165,0.17862755369303301,0.7133891213389121,0.2857142857142857,857640.0,14367.42680815835
B_GRU,0.047012401301045524,0.18128654970760233,0.7133891213389121,0.2891055532005087,852600.0,14156.694513434184
B_GRU,0.04846220145430188,0.1850244167118828,0.7133891213389121,0.2938388625592417,845760.0,13870.700684879957
B_GRU,0.04867741986731762,0.18562874251497005,0.7133891213389121,0.2946004319654427,844680.0,13825.543764581922
B_GRU,0.050152682758112924,0.18851087562744004,0.7071129707112971,0.2976662263320123,849900.0,13494.393015729662
B_GRU,0.050879908504910976,0.18908272369161508,0.702928870292887,0.29800443458980047,855780.0,13373.974561601564
B_GRU,0.05196801048986306,0.19210977701543738,0.702928870292887,0.30175123484508304,850740.0,13163.242266877398
B_GRU,0.053481134063505756,0.19567757009345793,0.700836820083682,0.3059360730593607,848460.0,12884.77459170618
B_GRU,0.05367348645971125,0.19648093841642228,0.700836820083682,0.3069170865781035,847200.0,12832.091518025138
B_GRU,0.05495883051896114,0.20048163756773027,0.696652719665272,0.3113604488078541,848040.0,12500.940769172874
B_GRU,0.05567164208406533,0.201093560145808,0.6924686192468619,0.3116760828625235,854100.0,12388.048468427787
B_GRU,0.05676814664211587,0.20346320346320346,0.6882845188284519,0.31408114558472555,857640.0,12169.790020320614
B_GRU,0.05862653798368258,0.20759493670886076,0.6861924686192469,0.31875607385811466,855360.0,11891.322345149394
B_GRU,0.059248609115380574,0.20851875397329941,0.6861924686192469,0.31984397854705016,854100.0,11838.639271468353
B_GRU,0.06145070821635884,0.2132112491824722,0.6820083682008368,0.3248629795714998,854940.0,11507.488522616091
B_GRU,0.06241993476650178,0.21532364597093792,0.6820083682008368,0.3273092369477912,852240.0,11394.596221871003
B_GRU,0.06379101730102152,0.21818181818181817,0.6778242677824268,0.3301069791136016,855780.0,11176.33777376383
B_GRU,0.06611362321176445,0.2222222222222222,0.6736401673640168,0.3341982355993772,858060.0,10905.396251975615
B_GRU,0.06637602376629609,0.2227619708535739,0.6715481171548117,0.334549244398124,861000.0,10845.187024911567
B_GRU,0.06862550673746691,0.22763063707945597,0.6652719665271967,0.3392,866220.0,10514.036276059307
B_GRU,0.06957045910902468,0.2284887924801157,0.6610878661087866,0.3396023643202579,872460.0,10408.670128697222
B_GRU,0.07142768816498944,0.2328159645232816,0.6589958158995816,0.3440742763517204,871440.0,10182.885527207045
B_GRU,0.07320744326565883,0.23917995444191345,0.6589958158995816,0.35097493036211697,864960.0,9911.94400541883
B_GRU,0.07364748426216401,0.239877769289534,0.6569037656903766,0.3514269725797426,867900.0,9851.734778354783
B_GRU,0.07648113752922998,0.24743083003952568,0.6548117154811716,0.3591508892713712,864360.0,9520.584029502521
B_GRU,0.07752620652158283,0.24940047961630696,0.6527196652719666,0.3609022556390978,866220.0,9415.217882140438
B_GRU,0.08028028626948737,0.2538902538902539,0.6485355648535565,0.36492054149499703,869580.0,9189.433280650259
B_GRU,0.08315955257969466,0.2588532883642496,0.6422594142259415,0.36899038461538464,876420.0,8926.017912245052
B_GRU,0.08390687829989932,0.2599830076465591,0.6401673640167364,0.36978851963746223,879180.0,8858.282531797999
B_GRU,0.0894660850076282,0.2621359223300971,0.6213389121338913,0.3687150837988827,910680.0,8527.131782945737
B_GRU,0.09045825425252135,0.2642857142857143,0.6192468619246861,0.37046307884856067,912720.0,8429.291788966659
B_GRU,0.09382410824316431,0.26721763085399447,0.608786610878661,0.37141033822590935,929040.0,8195.981034093475
B_GRU,0.09696485941601946,0.27419354838709675,0.604602510460251,0.37728459530026104,931500.0,7932.565665688267
B_GRU,0.09773835461426024,0.276555023923445,0.604602510460251,0.37951411687458964,929880.0,7864.8302852412135
B_GRU,0.10239162267729021,0.2857142857142857,0.5983263598326359,0.3867478025693035,935100.0,7533.679536388951
B_GRU,0.10505297021547326,0.28846153846153844,0.5962343096234309,0.3888130968622101,937140.0,7435.839542409875
B_GRU,0.10932147995797561,0.2946708463949843,0.5899581589958159,0.3930313588850174,944700.0,7202.528787536689
B_GRU,0.11428110487592744,0.30260303687635576,0.5836820083682008,0.39857142857142863,951540.0,6939.113419131482
B_GRU,0.11548627481197486,0.30558598028477546,0.5836820083682008,0.4011502516175413,949920.0,6871.378038684428
B_GRU,0.12300513538912897,0.31185270425776757,0.5669456066945606,0.40237564959168526,977040.0,6540.227289832166
B_GRU,0.1250740102239062,0.3162193698949825,0.5669456066945606,0.4059925093632959,974880.0,6449.913449236095
B_GRU,0.13019384557173372,0.32606060606060605,0.5627615062761506,0.4128933231005372,977880.0,6209.076540979905
B_GRU,0.1378280144281517,0.33754740834386854,0.5585774058577406,0.4208037825059102,980520.0,5953.187325957703
B_GRU,0.1412492736784011,0.3393085787451985,0.5543933054393305,0.42096902303415407,987480.0,5877.925792127644
B_GRU,0.15099364249691516,0.344640434192673,0.5313807531380753,0.4181069958847736,1027740.0,5546.775043275382
B_GRU,0.15470372849164948,0.3489655172413793,0.5292887029288703,0.4206151288445552,1029960.0,5456.461202679311
B_GRU,0.16363871361569945,0.35353535353535354,0.5125523012552301,0.41844577284372336,1059240.0,5215.624294423121
B_GRU,0.1717683333634206,0.3626707132018209,0.5,0.4204045734388742,1079400.0,4959.735079400918
B_GRU,0.174309360774869,0.3682588597842835,0.5,0.4241348713398403,1077600.0,4884.473545570859
B_GRU,0.18809472826155732,0.39173553719008264,0.49581589958158995,0.43767313019390586,1078440.0,4553.322796718598
B_GRU,0.19641370536119637,0.39730639730639733,0.49372384937238495,0.44029850746268656,1080840.0,4470.535109505531
B_GRU,0.21633798497997056,0.4117647058823529,0.48326359832635984,0.44465832531280075,1096800.0,4222.172047866336
B_GRU,0.23319977744688228,0.4318181818181818,0.4769874476987448,0.4532803180914513,1104000.0,3973.808986227139
B_GRU,0.24073607121162655,0.437137330754352,0.47280334728033474,0.4542713567839196,1110780.0,3891.021299014074
B_GRU,0.2643074072782914,0.46723044397463004,0.46234309623430964,0.4647739221871714,1124760.0,3559.8705501618124
B_GRU,0.2705520006413914,0.4696969696969697,0.45397489539748953,0.46170212765957447,1140300.0,3477.0828629487464
B_GRU,0.2909705720721155,0.48717948717948717,0.4372384937238494,0.4608599779492833,1169400.0,3228.719801309551
B_GRU,0.32150899635145747,0.51010101010101,0.4225941422594142,0.46224256292906174,1194120.0,2980.3567396703543
B_GRU,0.3308347976671986,0.5142857142857142,0.41422594142259417,0.45886442641946695,1209660.0,2897.569052457289
B_GRU,0.37523051883409625,0.5571847507331378,0.39748953974895396,0.46398046398046394,1236780.0,2566.418303605027
B_GRU,0.38404985039298467,0.56797583081571,0.39330543933054396,0.4647713226205192,1243740.0,2491.156769774968
B_GRU,0.4383802808012737,0.5959595959595959,0.3702928870292887,0.4567741935483871,1285800.0,2235.2675547527656
B_GRU,0.5019432521181921,0.630188679245283,0.3493723849372385,0.4495289367429341,1323840.0,1994.4306464965755
B_GRU,0.5564356835132932,0.6442687747035574,0.3410041841004184,0.44596443228454175,1339200.0,1904.116805900504
B_GRU,0.6689698317817554,0.69377990430622,0.303347280334728,0.42212518195050946,1410120.0,1572.9660570482429
B_GRU,0.6910690745502749,0.6984924623115578,0.2907949790794979,0.4106351550960118,1434600.0,1497.7045232181833
B_GRU,0.7309780071929104,0.696969696969697,0.2405857740585774,0.3576982892690513,1533600.0,1241.815308195981
B_GRU,0.7880272593170264,0.7293233082706767,0.20292887029288703,0.31751227495908346,1606680.0,1000.9783999397907
B_GRU,0.8127153686204739,0.7355371900826446,0.18619246861924685,0.29716193656093487,1639560.0,910.6645593437194
B_GRU,0.8650368304167354,0.7792207792207793,0.12552301255230125,0.2162162162162162,1758660.0,579.5138104914578
B_GRU,0.9026467821154099,0.8181818181818182,0.056485355648535567,0.1056751467710372,1895280.0,248.3630616391962
C_fusion,0.0002153859197169332,0.03597501317076842,1.0,0.06945150744642209,2305620.0,100000.0
C_fusion,0.000311205252588354,0.03609454051196859,1.0,0.06967422199548137,2297700.0,99668.84925114774
C_fusion,0.00035138664720262415,0.03621486476248201,1.0,0.06989836952548073,2289780.0,99337.69850229548
C_fusion,0.000381102550930541,0.03633599391866211,1.0,0.07012396391109808,2281860.0,99006.54775344321
C_fusion,0.00038174448954695825,0.03633875627185647,1.0,0.07012910798122066,2281680.0,98999.02160006021
C_fusion,0.00041054511452022567,0.036457936084204105,1.0,0.07035101920671132,2273940.0,98675.39700459095
C_fusion,0.0004205168006382426,0.03652200488997555,1.0,0.0704702933805101,2269800.0,98502.29547678182
C_fusion,0.00043413205741902954,0.03658069947195225,1.0,0.0705795496493171,2266020.0,98344.24625573869
C_fusion,0.0004560703336038967,0.03670429240574368,1.0,0.07080956966150655,2258100.0,98013.09550688643
C_fusion,0.00045608637951317357,0.036707111042850564,1.0,0.07081481481481483,2257920.0,98005.56935350342
C_fusion,0.0004768727391445638,0.036828723322289855,1.0,0.07104109385449951,2250180.0,97681.94475803417
C_fusion,0.0004854448703939346,0.036894103118246376,1.0,0.07116272145302963,2246040.0,97508.84323022503
C_fusion,0.0004970845272544282,0.03695400077309625,1.0,0.07127413703123835,2242260.0,97350.7940091819
C_fusion,0.000516914956672382,0.03708013342642153,1.0,0.07150871418954297,2234340.0,97019.64326032964
C_fusion,0.0005169906713537268,0.03708013342642153,1.0,0.07150871418954297,2234340.0,97019.64326032964
C_fusion,0.0005328070914089557,0.037207130069276874,1.0,0.07174484052532833,2226420.0,96688.49251147738
C_fusion,0.0005425291857531456,0.03727095516569201,1.0,0.07186348943847252,2222460.0,96522.91713705126
C_fusion,0.000553244729496938,0.03733499960946653,1.0,0.07198253143588586,2218500.0,96357.34176262513
C_fusion,0.000572504221140113,0.037463751077670665,1.0,0.07222180252323034,2210580.0,96026.19101377287
C_fusion,0.0005726662349193924,0.037463751077670665,1.0,0.07222180252323034,2210580.0,96026.19101377287
C_fusion,0.0005971960737363388,0.03759339362957137,1.0,0.07246266959751382,2202660.0,95695.0402649206
C_fusion,0.000606389690750844,0.03757976837627038,0.997907949790795,0.07243185786956191,2203080.0,95529.46489049446
C_fusion,0.000617653245541741,0.037645016178675716,0.997907949790795,0.07255304585900069,2199120.0,95363.88951606833
C_fusion,0.000634730064571286,0.03777320240734875,0.997907949790795,0.07279108805127422,2191380.0,95040.26492059909
C_fusion,0.0006347530330589113,0.037776193870277974,0.997907949790795,0.07279664250286148,2191200.0,95032.73876721607
C_fusion,0.000655973133588674,0.037908288961296985,0.997907949790795,0.0730418804073195,2183280.0,94701.58801836381
C_fusion,0.0006623696921064392,0.03797166056360452,0.997907949790795,0.073159509202454,2179500.0,94543.5387973207
C_fusion,0.0006714239812189562,0.038041311109338866,0.997907949790795,0.07328877621571792,2175360.0,94370.43726951156
C_fusion,0.0006865451195729747,0.038172215108834825,0.997907949790795,0.07353167874209958,2167620.0,94046.8126740423
C_fusion,0.0006877383371247438,0.03817527010804322,0.997907949790795,0.07353734679719418,2167440.0,94039.2865206593
C_fusion,0.0007028000622247551,0.03831017588948679,0.997907949790795,0.0737876092505221,2159520.0,93708.13577180704
C_fusion,0.0007107532001799311,0.03837489943684634,0.997907949790795,0.07390765416795786,2155740.0,93550.0865507639
C_fusion,0.0007241445215756411,0.038446038526638186,0.997907949790795,0.0740395809080326,2151600.0,93376.98502295477
C_fusion,0.0007409902984584519,0.03857662757784068,0.997907949790795,0.07428170988086895,2144040.0,93060.88658086852
C_fusion,0.0007443724977749259,0.038582868235865084,0.997907949790795,0.0742932793396153,2143680.0,93045.8342741025
C_fusion,0.0007643331554216713,0.03872067537949509,0.997907949790795,0.07454872235680238,2135760.0,92714.68352525024
C_fusion,0.0007747926974292298,0.03878364094641841,0.997907949790795,0.07466541441652971,2132160.0,92564.16045759013
C_fusion,0.0007855897963167161,0.03885947046843177,0.997907949790795,0.0748059280169372,2127840.0,92383.53277639799
C_fusion,0.0008049390097598435,0.038992888089593725,0.997907949790795,0.07505310361104556,2120280.0,92067.43433431174
C_fusion,0.0008061832631900472,0.03899926416482708,0.997907949790795,0.07506491462742938,2119920.0,92052.38202754573
C_fusion,0.0008263329264520213,0.039058012636415854,0.99581589958159,0.07516778523489932,2116380.0,91721.23127869346
C_fusion,0.0008337947271415997,0.039122215829703294,0.99581589958159,0.0752866745749308,2112780.0,91570.70821103334
C_fusion,0.000844286685736595,0.03919953882895495,0.99581589958159,0.07542983915696062,2108460.0,91390.0805298412
C_fusion,0.0008613363625847014,0.03925295430129741,0.9937238493723849,0.07552269655775498,2105280.0,91073.98208775495
C_fusion,0.0008621447103348255,0.0392594429291677,0.9937238493723849,0.07553470620974796,2104920.0,91058.92978098894
C_fusion,0.0008798284700548104,0.03931978432185815,0.9916317991631799,0.07564030958270167,2101380.0,90727.77903213668
C_fusion,0.0008868703642771308,0.039298770355599866,0.9895397489539749,0.075595333226786,2102340.0,90584.78211785956
C_fusion,0.0008966905971791015,0.03938056781283823,0.9895397489539749,0.07574665705821124,2097840.0,90396.62828328442
C_fusion,0.000912145389054141,0.03951545530492899,0.9895397489539749,0.0759961439588689,2090460.0,90088.05599458117
C_fusion,0.0009130048281492494,0.03952536141054567,0.9895397489539749,0.07601446364001607,2089920.0,90065.47753443215
C_fusion,0.0009313839255445034,0.039671223685314096,0.9895397489539749,0.07628417063140068,2082000.0,89734.32678557989
C_fusion,0.000938082501102645,0.03973454301075269,0.9895397489539749,0.07640122758843483,2078580.0,89591.32987130278
C_fusion,0.0009488603722289528,0.039818166512332685,0.9895397489539749,0.0765557983329287,2074080.0,89403.17603672763
C_fusion,0.0009645520181326356,0.0399560736610914,0.9895397489539749,0.07681065280935369,2066700.0,89094.60374802438
C_fusion,0.0009656175899689437,0.039966201943388256,0.9895397489539749,0.07682936733533663,2066160.0,89072.02528787537
C_fusion,0.000985768115157124,0.04011534221016029,0.9895397489539749,0.07710489852473715,2058240.0,88740.8745390231
C_fusion,0.0009913013770657402,0.040176675443812114,0.9895397489539749,0.07721818627050854,2055000.0,88605.403778129
C_fusion,0.001003012719526127,0.04026559972759002,0.9895397489539749,0.07738241308793457,2050320.0,88409.72379017084
C_fusion,0.0010224446912140718,0.04040317758605962,0.9895397489539749,0.0776364382437423,2043120.0,88108.6776548506
C_fusion,0.0010243152255606373,0.040416987097325476,0.9895397489539749,0.07766193251785568,2042400.0,88078.57304131858
C_fusion,0.0010491955029929747,0.040569517111244534,0.9895397489539749,0.07794347861909863,2034480.0,87747.42229246632
C_fusion,0.0010545311066090946,0.04063224808865218,0.9895397489539749,0.07805924581236076,2031240.0,87611.95153157222
C_fusion,0.0010648587990845268,0.04072320275505811,0.9895397489539749,0.07822707351360292,2026560.0,87416.27154361406
C_fusion,0.0010808278370129604,0.04086393088552916,0.9895397489539749,0.07848668381315856,2019360.0,87115.22540829382
C_fusion,0.0010835682923744175,0.04087805721199551,0.9895397489539749,0.07851273964644369,2018640.0,87085.1207947618
C_fusion,0.001103888034287205,0.04103409386657413,0.9895397489539749,0.07880049979175344,2010720.0,86753.97004590953
C_fusion,0.00111106575056745,0.04109470026064292,0.9895397489539749,0.07891224557891224,2007660.0,86626.02543839843
C_fusion,0.0011219901998870956,0.041191326308455976,0.9895397489539749,0.07909037705877435,2002800.0,86422.81929705727
C_fusion,0.0011376568383260042,0.04133170220202726,0.9895397489539749,0.07934910249958059,1995780.0,86129.29931512005
C_fusion,0.0011397517190813071,0.04134976833639304,0.9895397489539749,0.0793823948980448,1994880.0,86091.66854820501
C_fusion,0.0011572992978492154,0.04150943396226415,0.9895397489539749,0.07967657710772338,1986960.0,85760.51779935275
C_fusion,0.001161860862440757,0.041571453682545265,0.9895397489539749,0.07979082321187585,1983900.0,85632.57319184166
C_fusion,0.0011720343774814673,0.04167033741520571,0.9895397489539749,0.0799729478400541,1979040.0,85429.3670505005
C_fusion,0.0011918318687724084,0.041814002828854314,0.9895397489539749,0.08023748939779474,1972020.0,85135.84706856325
C_fusion,0.0011939059163465421,0.04183249314583886,0.9895397489539749,0.08027153160797625,1971120.0,85098.21630164824
C_fusion,0.0012122252945678054,0.041995915830595754,0.9895397489539749,0.08057235329188314,1963200.0,84767.06555279596
C_fusion,0.001218261121610783,0.042055659286920954,0.9895397489539749,0.08068230277185501,1960320.0,84646.64709866788
C_fusion,0.0012295682714620689,0.04216062037614761,0.9895397489539749,0.0808754381465333,1955280.0,84435.9148039437
C_fusion,0.0012452434485199604,0.04230390841606296,0.9895397489539749,0.08113903422248907,1948440.0,84149.92097538948
C_fusion,0.0012490251243712548,0.04232662192393736,0.9895397489539749,0.08118081180811808,1947360.0,84104.76405509144
C_fusion,0.001273925178618001,0.04249393585481987,0.9895397489539749,0.08148850030149023,1939440.0,83773.61330623917
C_fusion,0.0012795644829512937,0.04255510571300045,0.9895397489539749,0.08160096610023292,1936560.0,83653.19485211109
C_fusion,0.0012906312790010362,0.04266257779381257,0.9895397489539749,0.08179853004755727,1931520.0,83442.46255738693
C_fusion,0.0013112924630834207,0.042809304009412616,0.9895397489539749,0.08206818773314827,1924680.0,83156.46872883268
C_fusion,0.0013132925178170073,0.042832563614959705,0.9895397489539749,0.08211092787084455,1923600.0,83111.31180853467
C_fusion,0.0013340248738148025,0.0430039094463133,0.9895397489539749,0.08242572100723183,1915680.0,82780.1610596824
C_fusion,0.0013392784109310767,0.0430626365622724,0.9895397489539749,0.08253358925143954,1912980.0,82667.26875893731
C_fusion,0.0013520748101816902,0.04317663167503423,0.9895397489539749,0.08274293711186914,1907760.0,82449.01031083014
C_fusion,0.001367764136751838,0.043322952921780546,0.9895397489539749,0.083011583011583,1901100.0,82170.54263565892
C_fusion,0.0013732012515476348,0.04335074695261663,0.9895397489539749,0.08306260426727545,1899840.0,82117.85956197786
C_fusion,0.001398501396661187,0.043526272200239254,0.9895397489539749,0.08338475099162626,1891920.0,81786.7088131256
C_fusion,0.0014081693955336186,0.043586435680058974,0.9895397489539749,0.08349514563106795,1889220.0,81673.81651238052
C_fusion,0.0014171280849656158,0.043703224614247436,0.9895397489539749,0.08370940624723476,1884000.0,81455.55806427335
C_fusion,0.0014354655510298224,0.04385314296310031,0.9895397489539749,0.083984375,1877340.0,81177.09038910213
C_fusion,0.0014376365602763075,0.04388162167176918,0.9895397489539749,0.08403659944923159,1876080.0,81124.4073154211
C_fusion,0.0014626510226248455,0.044061481136469495,0.9895397489539749,0.0843663604744493,1868160.0,80793.25656656883
C_fusion,0.00146984687401983,0.044119018748251096,0.9895397489539749,0.08447182784177158,1865640.0,80687.89041920674
C_fusion,0.0014825528606171898,0.044242821064446734,0.9895397489539749,0.08469871967051662,1860240.0,80462.10581771657
C_fusion,0.0015018598788244318,0.04439230408259033,0.9895397489539749,0.08497260397017874,1853760.0,80191.16429592835
C_fusion,0.001506336245430808,0.04442565981027519,0.9895397489539749,0.08503370786516853,1852320.0,80130.9550688643
C_fusion,0.0015298430658060088,0.044610016033198155,0.9895397489539749,0.08537135637577836,1844400.0,79799.80432001204
C_fusion,0.0015367194156658784,0.04466899612805742,0.9895397489539749,0.0854793530315352,1841880.0,79694.43817264996
C_fusion,0.0015511076120392766,0.044701202765413395,0.9874476987447699,0.08553048835734349,1840860.0,79468.65357115977
C_fusion,0.0015753182035910702,0.044854129050650955,0.9874476987447699,0.08581038087446596,1834380.0,79197.71204937158
C_fusion,0.0015784958789363992,0.044888254873989536,0.9874476987447699,0.08587282816337669,1832940.0,79137.50282230752
C_fusion,0.0016029836053467039,0.045076878999140486,0.9874476987447699,0.08621791944469814,1825020.0,78806.35207345526
C_fusion,0.001610150036591447,0.04513291260279212,0.9874476987447699,0.08632040965618142,1822680.0,78708.51207947618
C_fusion,0.001628373839867229,0.045267095041718615,0.9874476987447699,0.08656579550664834,1817100.0,78475.201324603
C_fusion,0.0016466487526515976,0.04541955350269438,0.9874476987447699,0.08684452621895124,1810800.0,78211.78595619778
C_fusion,0.0016508900290477333,0.045458923239911395,0.9874476987447699,0.0869164901942731,1809180.0,78144.05057575073
C_fusion,0.0016737787114566686,0.04555566302350324,0.9853556485355649,0.08708514375520013,1805640.0,77812.89982689847
C_fusion,0.0016809169128425311,0.045613015688553166,0.9853556485355649,0.08718992965568308,1803300.0,77715.0598329194
C_fusion,0.001699885307852657,0.04575036425449247,0.9853556485355649,0.08744082428292954,1797720.0,77481.74907804621
C_fusion,0.001718228955676679,0.04590643274853801,0.9853556485355649,0.08772583348854536,1791420.0,77218.33370964101
C_fusion,0.0017267671375579708,0.04594673690371671,0.9853556485355649,0.08779942212694566,1789800.0,77150.59832919395
C_fusion,0.0017542602195940282,0.04604683060644656,0.9832635983263598,0.08797379503977538,1786260.0,76819.44758034169
C_fusion,0.0017626952488832511,0.04610555228565823,0.9832635983263598,0.08808095952023988,1783920.0,76721.6075863626
C_fusion,0.001780939993842165,0.04624618714946374,0.9832635983263598,0.08833756225918617,1778340.0,76488.29683148942
C_fusion,0.0017990935366912924,0.04630269523151347,0.9811715481171548,0.08843216743659847,1776600.0,76232.40761646723
C_fusion,0.0018029128066258755,0.04634845340448661,0.9811715481171548,0.08851561762763045,1774800.0,76157.14608263716
C_fusion,0.001827504439553472,0.046550868486352356,0.9811715481171548,0.08888467734293566,1766880.0,75825.9953337849
C_fusion,0.0018374699112210728,0.04660637980721455,0.9811715481171548,0.0889858647187174,1764720.0,75735.68149318884
C_fusion,0.0018581187886271583,0.04675505931612003,0.9811715481171548,0.08925682748120657,1758960.0,75494.84458493264
C_fusion,0.0018799726445093315,0.04691407422226668,0.9811715481171548,0.08954653937947493,1752840.0,75238.95536991044
C_fusion,0.00189163113388808,0.046961049364173425,0.9811715481171548,0.08963210702341136,1751040.0,75163.69383608038
C_fusion,0.0019263067499869786,0.047168862516343155,0.9811715481171548,0.09001055560886671,1743120.0,74832.54308722811
C_fusion,0.0019340756917013667,0.04722585842311953,0.9811715481171548,0.09011432414256894,1740960.0,74742.22924663204
C_fusion,0.0019546284153426066,0.04737852308313971,0.9811715481171548,0.09039221354919534,1735200.0,74501.39233837587
C_fusion,0.001974907681722214,0.04743563754307723,0.9790794979079498,0.09048723897911831,1733640.0,74253.02927673666
C_fusion,0.001981590918613844,0.047488584474885846,0.9790794979079498,0.09058356721184554,1731660.0,74170.2415895236
C_fusion,0.0020087339595630267,0.047701559474059727,0.9790794979079498,0.09097093983866265,1723740.0,73839.09084067133
C_fusion,0.0020165713255788555,0.04775510204081632,0.9790794979079498,0.09106830122591944,1721760.0,73756.30315345827
C_fusion,0.002032859371099803,0.04791645336336644,0.9790794979079498,0.09136163982430454,1715820.0,73507.94009181907
C_fusion,0.0020537422978925556,0.04807889870556811,0.9790794979079498,0.09165687426556993,1709880.0,73259.57703017988
C_fusion,0.0020603388944719636,0.04813329219376736,0.9790794979079498,0.0917557102244878,1707900.0,73176.7893429668
C_fusion,0.0020804267678987535,0.04835210248992664,0.9790794979079498,0.09215319484099635,1699980.0,72845.63859411454
C_fusion,0.0020846466658926374,0.04840711625982623,0.9790794979079498,0.09225310467179183,1698000.0,72762.85090690148
C_fusion,0.0021030410531760997,0.0485729112610275,0.9790794979079498,0.09255413823791159,1692060.0,72514.4878452623
C_fusion,0.0021248690398541588,0.04873477038425492,0.9790794979079498,0.09284793175280232,1686300.0,72273.6509370061
C_fusion,0.002129857058083866,0.048795746011886146,0.9790794979079498,0.09295858575826794,1684140.0,72183.33709641003
C_fusion,0.0021574512752461743,0.0490206347543731,0.9790794979079498,0.09336658354114713,1676220.0,71852.18634755777
C_fusion,0.0021618215768812133,0.049072035231204784,0.9790794979079498,0.09345981028457315,1674420.0,71776.9248137277
C_fusion,0.002181676038510148,0.049247606019151846,0.9790794979079498,0.09377817853922453,1668300.0,71521.03559870551
C_fusion,0.0022069915314642113,0.04941400063351283,0.9790794979079498,0.09407980701578049,1662540.0,71280.19869044931
C_fusion,0.002216995671133753,0.049476688867745006,0.9790794979079498,0.09419341853678175,1660380.0,71189.88484985323
C_fusion,0.0022542856887718798,0.04970791290493893,0.9790794979079498,0.09461235216819974,1652460.0,70858.73410100097
C_fusion,0.0022628341869233375,0.049760765550239235,0.9790794979079498,0.09470808458969948,1650660.0,70783.47256717093
C_fusion,0.0022885890516006454,0.04994130829153772,0.9790794979079498,0.09503502893694792,1644540.0,70527.58335214872
C_fusion,0.002314500158013024,0.050107066381156314,0.9790794979079498,0.09533509879812589,1638960.0,70294.27259727553
C_fusion,0.0023254416178468385,0.05017690575747829,0.9790794979079498,0.09546149923508414,1636620.0,70196.43260329646
C_fusion,0.0023659566067112613,0.050414736615318326,0.9790794979079498,0.09589181436328245,1628700.0,69865.2818544442
C_fusion,0.0023713971219970764,0.050355833513047225,0.9769874476987448,0.09577522559474978,1631460.0,69797.54647399714
C_fusion,0.0023945849592233504,0.05043835912977595,0.9748953974895398,0.09591437686528764,1629540.0,69534.13110559194
C_fusion,0.0024164766949755913,0.05060816681146829,0.9748953974895398,0.09622135040264299,1623960.0,69300.82035071876
C_fusion,0.0024234094186966594,0.050679717237629145,0.9748953974895398,0.09635066680450738,1621620.0,69202.98035673967
C_fusion,0.002460919028748998,0.05081411867555458,0.9728033472803347,0.09658323813480113,1618080.0,68871.82960788741
C_fusion,0.0024712841852657153,0.050864143513454384,0.9728033472803347,0.09667359667359667,1616460.0,68804.09422744036
C_fusion,0.0024999103831536717,0.05105962446469749,0.9728033472803347,0.09702660406885757,1610160.0,68540.67885903514
C_fusion,0.002520209987161338,0.051228379420513386,0.9728033472803347,0.09733124018838304,1604760.0,68314.89425754496
C_fusion,0.0025313196729337276,0.05130751406818934,0.9728033472803347,0.09747405932292214,1602240.0,68209.52811018289
C_fusion,0.0025714621064428585,0.05155782237498614,0.9728033472803347,0.09792566073496894,1594320.0,67878.37736133063
C_fusion,0.002576592091277873,0.051603595605371214,0.9728033472803347,0.09800822004426178,1592880.0,67818.16813426658
C_fusion,0.0026116355310526894,0.05181058495821727,0.9728033472803347,0.09838146620120597,1586400.0,67547.22661247836
C_fusion,0.002623756848442209,0.051872554499720516,0.9707112970711297,0.0984824365913191,1585380.0,67321.44201098819
C_fusion,0.002639493464934537,0.05195386854775501,0.9707112970711297,0.09862897226060154,1582860.0,67216.0758636261
C_fusion,0.0026699599132827155,0.05221109485765725,0.9707112970711297,0.0990923651895355,1574940.0,66884.92511477384
C_fusion,0.002673876509439105,0.05225813717761009,0.9707112970711297,0.09917708667307897,1573500.0,66824.7158877098
C_fusion,0.002709162928673264,0.052470880922763766,0.9707112970711297,0.09956013303293638,1567020.0,66553.77436592158
C_fusion,0.002735085480591905,0.052643521670070345,0.9707112970711297,0.0998708566508825,1561800.0,66335.51591781441
C_fusion,0.0027505410492751257,0.05273326514376634,0.9707112970711297,0.10003233804031476,1559100.0,66222.62361706932
C_fusion,0.0027817544059983114,0.0529982866933181,0.9707112970711297,0.10050904364778511,1551180.0,65891.47286821705
C_fusion,0.0027876336930456953,0.053040695016003656,0.9707112970711297,0.10058530240624322,1549920.0,65838.78979453602
C_fusion,0.00281872383718498,0.05326598553552979,0.9707112970711297,0.10099031450647512,1543260.0,65560.32211936479
C_fusion,0.002847990662007753,0.053443906933886204,0.9707112970711297,0.10131004366812228,1538040.0,65342.06367125762
C_fusion,0.0028581069657367198,0.05353640244605977,0.9707112970711297,0.10147621651175506,1535340.0,65229.17137051253
C_fusion,0.0028955415806592487,0.0538095790328192,0.9707112970711297,0.10196681683331502,1527420.0,64898.02062166027
C_fusion,0.002898304079029404,0.05385329619312906,0.9707112970711297,0.10204530459643721,1526160.0,64845.33754797923
C_fusion,0.0029401569329537544,0.05396899405525119,0.9686192468619247,0.10224136027382134,1523880.0,64566.869872808005
C_fusion,0.002974916418168807,0.05414571395158461,0.9686192468619247,0.10255842285967438,1518840.0,64356.137578083835
C_fusion,0.0029895417452903326,0.05424721734036321,0.9686192468619247,0.10274048596471762,1515960.0,64235.71912395575
C_fusion,0.0030263226046914654,0.05441055234954658,0.9665271966527197,0.10302151856394248,1512420.0,63904.56837510349
C_fusion,0.0030311016476959217,0.054449027695934,0.9665271966527197,0.10309048309717728,1511340.0,63859.41145480545
C_fusion,0.0030684980196652766,0.054693974192020836,0.9665271966527197,0.10352941176470588,1504500.0,63573.41762625123
C_fusion,0.003091770208407999,0.054875875994773726,0.9665271966527197,0.1038552321007081,1499460.0,63362.68533152706
C_fusion,0.0031173365142321886,0.05486135903843865,0.9644351464435147,0.10381713770971737,1500960.0,63242.26687739896
C_fusion,0.0031523654574188453,0.05515013757626511,0.9644351464435147,0.10433405001697409,1493040.0,62911.116128546695
C_fusion,0.003157472918118669,0.05518975218484377,0.9644351464435147,0.10440493715321028,1491960.0,62865.95920824867
C_fusion,0.003196463601359278,0.05544197233914612,0.9644351464435147,0.10485613556237917,1485120.0,62579.96537969443
C_fusion,0.00322601194480772,0.05562929890189453,0.9644351464435147,0.1051911009697661,1480080.0,62369.23308497028
C_fusion,0.0032414099058058515,0.0557369121025269,0.9644351464435147,0.10538347239684535,1477200.0,62248.81463084218
C_fusion,0.0032765714457923156,0.05591345569466391,0.9623430962343096,0.10568638713383113,1473660.0,61917.663881989916
C_fusion,0.0032803597985524274,0.05594745803940647,0.9623430962343096,0.10574712643678161,1472760.0,61880.03311507488
C_fusion,0.0033315128642138745,0.056214102407430036,0.9623430962343096,0.10622329984990185,1465740.0,61586.513133137654
C_fusion,0.003347455484029508,0.05627758705247671,0.9602510460251046,0.1063238359972203,1465260.0,61383.3069917965
C_fusion,0.003368972890116999,0.05639513453741246,0.9602510460251046,0.10653359637925032,1462200.0,61255.36238428539
C_fusion,0.003410571532891201,0.05657813465101915,0.9581589958158996,0.10684707803569345,1458660.0,60924.21163543314
C_fusion,0.0034129815376666888,0.05661310259579728,0.9581589958158996,0.1069094304388422,1457760.0,60886.580868518104
C_fusion,0.003450866158123776,0.056887343187181715,0.9581589958158996,0.10739828819322313,1450740.0,60593.060886580875
C_fusion,0.0034720252319785923,0.05707876370887338,0.9581589958158996,0.10773935544577747,1445880.0,60389.85474523971
C_fusion,0.003496613937242188,0.05719995004371175,0.9581589958158996,0.10795521508544491,1442820.0,60261.910137728606
C_fusion,0.0035356328564467377,0.05739043074218259,0.9560669456066946,0.10828100935908068,1439280.0,59930.759388876344
C_fusion,0.003539596520918829,0.05741927377811283,0.9560669456066946,0.10833234562048123,1438560.0,59900.65477534432
C_fusion,0.0035918355327443706,0.05770930673064781,0.9560669456066946,0.10884839823746577,1431360.0,59599.60864002408
C_fusion,0.0036131394435288578,0.057899404535664514,0.9560669456066946,0.10918647712340224,1426680.0,59403.92865206593
C_fusion,0.003639819970822841,0.05803174603174603,0.9560669456066946,0.1094217646354603,1423440.0,59268.45789117182
C_fusion,0.0036922799688243737,0.058357808708977145,0.9560669456066946,0.11000120351426165,1415520.0,58937.307142319565
C_fusion,0.003697143402761475,0.058387632553979815,0.9560669456066946,0.11005418422636966,1414800.0,58907.20252878754
C_fusion,0.0037493814278732,0.05868755618338256,0.9560669456066946,0.11058681185722927,1407600.0,58606.1563934673
C_fusion,0.0037760132672916367,0.0588841644118026,0.9560669456066946,0.11093579317878384,1402920.0,58410.47640550915
C_fusion,0.0037985338365670133,0.05902105127211675,0.9560669456066946,0.11117868872399951,1399680.0,58275.00564461504
C_fusion,0.003842593883706392,0.059358358228341346,0.9560669456066946,0.1117769353063471,1391760.0,57943.85489576278
C_fusion,0.0038473387539379486,0.05938149688149688,0.9560669456066946,0.11181795938341081,1391220.0,57921.276435613756
C_fusion,0.00390908041128553,0.059699542782495105,0.9560669456066946,0.11238165498586009,1383840.0,57612.70414691051
C_fusion,0.003931414105167046,0.05989515072083879,0.9560669456066946,0.11272816970892946,1379340.0,57424.55031233536
C_fusion,0.0039565122544178094,0.0600446721849954,0.9560669456066946,0.11299295339349734,1375920.0,57281.55339805825
C_fusion,0.004007998880397763,0.06039381525042949,0.9560669456066946,0.11361093847110006,1368000.0,56950.402649205986
C_fusion,0.004009184200449315,0.06041776837652036,0.9560669456066946,0.11365332006963443,1367460.0,56927.82418905698
C_fusion,0.004059554268128625,0.06074704240329656,0.9560669456066946,0.11423572053493314,1360080.0,56619.25190035373
C_fusion,0.004093680169180556,0.060949586556415046,0.9560669456066946,0.1145937813440321,1355580.0,56431.098065778584
C_fusion,0.004126568245637462,0.061104425725364356,0.9560669456066946,0.11486741234133467,1352160.0,56288.10115150147
C_fusion,0.004178711337922382,0.061466039004707464,0.9560669456066946,0.11550612915455578,1344240.0,55956.95040264921
C_fusion,0.004179565957057728,0.061482577694067,0.9560669456066946,0.1155353305523954,1343880.0,55941.89809588319
C_fusion,0.004240534064350586,0.06183195778649709,0.9560669456066946,0.11615198881687634,1336320.0,55625.799653796945
C_fusion,0.0042660288041872435,0.062033392154201165,0.9560669456066946,0.11650732950924156,1332000.0,55445.1719726048
C_fusion,0.0042876464813465754,0.0622022594256159,0.9560669456066946,0.11680511182108626,1328400.0,55294.64890494469
C_fusion,0.004332125886267285,0.06257702314117486,0.9560669456066946,0.11746562138542603,1320480.0,54963.49815609241
C_fusion,0.004332637132071792,0.06259416518285166,0.9560669456066946,0.1174958220851009,1320120.0,54948.44584932641
C_fusion,0.004402152832449489,0.06295633007301281,0.9560669456066946,0.1181336435310844,1312560.0,54632.34740724016
C_fusion,0.0044375052617015515,0.06316516931582584,0.9560669456066946,0.11850123168676259,1308240.0,54451.71972604802
C_fusion,0.0044598484202548845,0.06334026334026334,0.9560669456066946,0.1188093071623554,1304640.0,54301.1966583879
C_fusion,0.004506357489236076,0.06372890810207782,0.9560669456066946,0.11949274414956206,1296720.0,53970.045909535635
C_fusion,0.0045069650611702025,0.06373779637377963,0.9560669456066946,0.11950836820083682,1296540.0,53962.51975615263
C_fusion,0.004563902480960058,0.06412235162059772,0.9560669456066946,0.12018408941485863,1288800.0,53638.89516068337
C_fusion,0.004582461040272281,0.06432995495495496,0.9560669456066946,0.12054866789765233,1284660.0,53465.793632874236
C_fusion,0.004604085277256656,0.06452068332627418,0.9560669456066946,0.12088348102102897,1280880.0,53307.74441183112
C_fusion,0.004665876117735741,0.06492399488563716,0.9560669456066946,0.12159106026340294,1272960.0,52976.593662978856
C_fusion,0.004666995311839808,0.06493321966467747,0.9560669456066946,0.121607237892496,1272780.0,52969.06750959584
C_fusion,0.004709473700301761,0.06518942101501073,0.9539748953974896,0.12203934162986751,1269420.0,52645.442914126594
C_fusion,0.004733273028010076,0.06526104417670683,0.9518828451882845,0.12214765100671142,1269660.0,52472.34138631746
C_fusion,0.004772289767180078,0.06545820745216516,0.9518828451882845,0.12249293310001345,1265880.0,52314.292165274324
C_fusion,0.004854249729949485,0.06573041841609961,0.9497907949790795,0.1229519295870007,1262340.0,51983.14141642206
C_fusion,0.004854250768523547,0.06573041841609961,0.9497907949790795,0.1229519295870007,1262340.0,51983.14141642206
C_fusion,0.004921136247078471,0.06615182864636457,0.9497907949790795,0.12368887072605914,1254420.0,51651.9906675698
C_fusion,0.004954341339359142,0.06636456658383277,0.9497907949790795,0.12406066402514004,1250460.0,51486.41529314367
C_fusion,0.004974832126808898,0.06657867722539962,0.9497907949790795,0.12443469919144852,1246500.0,51320.839918717546
C_fusion,0.005046359196427629,0.06701107011070111,0.9497907949790795,0.12518957672687164,1238580.0,50989.68916986528
C_fusion,0.0050464031512368526,0.06701107011070111,0.9497907949790795,0.12518957672687164,1238580.0,50989.68916986528
C_fusion,0.005127793777412825,0.06744911603030754,0.9497907949790795,0.12595366902483007,1230660.0,50658.53842101302
C_fusion,0.005155130048895587,0.06767029363541512,0.9497907949790795,0.12633922359816335,1226700.0,50492.96304658689
C_fusion,0.00518042852325817,0.06789292657394945,0.9497907949790795,0.12672714584787156,1222740.0,50327.38767216076
C_fusion,0.005239686853091164,0.06818181818181818,0.9476987447698745,0.12721145745577084,1219380.0,50003.763076691495
C_fusion,0.00523975399954851,0.06819208189071203,0.9476987447698745,0.12722932172447687,1219200.0,49996.2369233085
C_fusion,0.005303121222916172,0.06864676466131232,0.9476987447698745,0.12802034760491734,1211280.0,49665.086174456235
C_fusion,0.005335282814130885,0.06886591669200365,0.9476987447698745,0.1284013605442177,1207500.0,49507.03695341311
C_fusion,0.0053721530493980475,0.06910755148741418,0.9476987447698745,0.1288212711502915,1203360.0,49333.93542560397
C_fusion,0.005468587019449949,0.06941031941031942,0.9456066945606695,0.12932761087267527,1200000.0,49010.31083013472
C_fusion,0.00547212956349384,0.06942097988020274,0.9456066945606695,0.12934611532408072,1199820.0,49002.78467675171
C_fusion,0.005559337474083577,0.06989330446884182,0.9456066945606695,0.13016558675305975,1191900.0,48671.63392789945
C_fusion,0.005588476539933405,0.0701210052745889,0.9456066945606695,0.13056036972848065,1188120.0,48513.58470685633
C_fusion,0.00562184017815824,0.07037210026467383,0.9456066945606695,0.13099550789740616,1183980.0,48340.48317904719
C_fusion,0.005728946292464885,0.07084639498432602,0.9456066945606695,0.13181685622630504,1176240.0,48016.85858357793
C_fusion,0.005733782744255678,0.07085750117573288,0.9456066945606695,0.13183607991833163,1176060.0,48009.332430194925
C_fusion,0.005826111005819527,0.07134964483030781,0.9456066945606695,0.1326875091736386,1168140.0,47678.18168134267
C_fusion,0.005857949733659684,0.07157561361836896,0.9456066945606695,0.13307816870307668,1164540.0,47527.65861368254
C_fusion,0.005906493448363539,0.0718486727070418,0.9456066945606695,0.13355000738661543,1160220.0,47347.0309324904
C_fusion,0.0059644124616792206,0.07233157305168827,0.9456066945606695,0.13438382637133936,1152660.0,47030.93249040416
C_fusion,0.005968476579489688,0.07235473027052985,0.9456066945606695,0.13442379182156136,1152300.0,47015.88018363814
C_fusion,0.006040136004172884,0.07270675479606642,0.9435146443514645,0.1350097290824727,1148760.0,46684.729434785884
C_fusion,0.006082648126037594,0.07294193757075854,0.9435146443514645,0.1354151028374118,1145160.0,46534.206367125764
C_fusion,0.0061224741746814075,0.07306380905991232,0.9414225941422594,0.13560343528702726,1145220.0,46353.57868593362
C_fusion,0.00620810406612795,0.07356547327121138,0.9414225941422594,0.13646702047005307,1137660.0,46037.48024384737
C_fusion,0.0062170875761257205,0.07358953393295176,0.9414225941422594,0.13650841801911118,1137300.0,46022.42793708135
C_fusion,0.0062928972685876525,0.07412287926206555,0.9414225941422594,0.13742556115437468,1129380.0,45691.2771882291
C_fusion,0.006328323849660278,0.07435558493060146,0.9414225941422594,0.13782542113323124,1125960.0,45548.28027395198
C_fusion,0.00638142500639646,0.0743321718931475,0.9372384937238494,0.1377401998462721,1130220.0,45360.126439376836
C_fusion,0.00647950347165082,0.07467423989308386,0.9351464435146444,0.13830445544554457,1127220.0,45051.55415067359
C_fusion,0.006482045733453204,0.07471168310212269,0.9351464435146444,0.1383686735799412,1126680.0,45028.975690524574
C_fusion,0.006558620964429683,0.07509681764606836,0.9330543933054394,0.13900576593423716,1123140.0,44697.82494167231
C_fusion,0.006597615205771744,0.07533783783783783,0.9330543933054394,0.13941856830259455,1119720.0,44554.8280273952
C_fusion,0.006646607164535205,0.07565733672603901,0.9330543933054394,0.13996547936607565,1115220.0,44366.67419282005
C_fusion,0.006742047131886987,0.07618722241202597,0.9330543933054394,0.1408717624763108,1107840.0,44058.101904116804
C_fusion,0.006744082074689956,0.07622628610493933,0.9330543933054394,0.14093853689366406,1107300.0,44035.52344396779
C_fusion,0.006844870502917266,0.0768038574134665,0.9330543933054394,0.14192521877486078,1099380.0,43704.372695115526
C_fusion,0.006878310828871875,0.07704266712731042,0.9330543933054394,0.14233285463539178,1096140.0,43568.90193422142
C_fusion,0.0069326053780305276,0.07739024813465209,0.9330543933054394,0.1429258131709662,1091460.0,43373.221946263264
C_fusion,0.007004412778097031,0.07775642145727765,0.9309623430962343,0.14352523786486052,1088640.0,43072.17581094302
C_fusion,0.00701623674597049,0.0778108060849799,0.9309623430962343,0.14361787961917058,1087920.0,43042.071197411
C_fusion,0.007114293714581015,0.07841409691629955,0.9309623430962343,0.1446448886721924,1080000.0,42710.92044855874
C_fusion,0.007150241006443258,0.07866360261622768,0.9309623430962343,0.14506927465362673,1076760.0,42575.44968766464
C_fusion,0.007223379197458984,0.07902681584088084,0.9309623430962343,0.14568669176624652,1072080.0,42379.769699706485
C_fusion,0.007326725958446102,0.07959220175281703,0.9309623430962343,0.14664689405173834,1064880.0,42078.723564386244
C_fusion,0.00733899849588103,0.07964918560945052,0.9309623430962343,0.1467436108821105,1064160.0,42048.618950854216
C_fusion,0.007448248164863806,0.08010102832401227,0.9288702928870293,0.14748380667663177,1060620.0,41717.46820200195
C_fusion,0.007499361483276973,0.08034744842562432,0.9288702928870293,0.14790139906728847,1057560.0,41589.523594490856
C_fusion,0.007588494625459022,0.08074195308237861,0.9288702928870293,0.14856951647983938,1052700.0,41386.3174531497
C_fusion,0.007667805331918441,0.08131868131868132,0.9288702928870293,0.14954530144829908,1045680.0,41092.79747121246
C_fusion,0.00767905879946357,0.08139321723189734,0.9288702928870293,0.14967132984999157,1044780.0,41055.16670429744
C_fusion,0.0077860314010362265,0.08205507299944557,0.9288702928870293,0.15078960774325015,1036860.0,40724.01595544517
C_fusion,0.007836042664776626,0.08231368186874305,0.9288702928870293,0.15122615803814715,1033800.0,40596.07134793407
C_fusion,0.007886099179326735,0.08272778088317496,0.9288702928870293,0.15192472198460225,1028940.0,40392.86520659291
C_fusion,0.008002215127312176,0.08333333333333333,0.9288702928870293,0.15294522907337235,1021920.0,40099.34522465568
C_fusion,0.008014890545103815,0.08341160999436407,0.9288702928870293,0.15307705568005514,1021020.0,40061.71445774065
C_fusion,0.008133449201653802,0.08410683841636674,0.9288702928870293,0.15424700364773322,1013100.0,39730.56370888839
C_fusion,0.008162883380334452,0.08436253087592628,0.9288702928870293,0.15467688556000697,1010220.0,39610.14525476029
C_fusion,0.008224862400574403,0.08481375358166189,0.9288702928870293,0.1554349728688955,1005180.0,39399.41296003613
C_fusion,0.008353954733697608,0.08543390417548585,0.9288702928870293,0.15647577092511014,998340.0,39113.419131481896
C_fusion,0.008383884504619191,0.08553265266807937,0.9288702928870293,0.15664138295995766,997260.0,39068.262211183865
C_fusion,0.008527089540839257,0.08626384301534874,0.9288702928870293,0.15786666666666668,989340.0,38737.1114623316
C_fusion,0.008571413375732199,0.08653283960241669,0.9288702928870293,0.15831699055090034,986460.0,38616.6930082035
C_fusion,0.00865827868069412,0.08700764256319812,0.9288702928870293,0.15911127038165204,981420.0,38405.96071347934
C_fusion,0.008719427099677797,0.0876604146100691,0.9288702928870293,0.16020205664802453,974580.0,38119.96688492512
C_fusion,0.008736967212863541,0.08776438031231469,0.9288702928870293,0.16037565468665346,973500.0,38074.80996462708
C_fusion,0.008907452298055157,0.08853439680957129,0.9288702928870293,0.1616602949208083,965580.0,37743.65921577482
C_fusion,0.008948021574554552,0.0888,0.9288702928870293,0.16210295728368015,962880.0,37630.76691502973
C_fusion,0.00903188691145332,0.08931804465902234,0.9288702928870293,0.16296568177647275,957660.0,37412.508466922554
C_fusion,0.009152011457148149,0.0899878394811512,0.9288702928870293,0.164079822616408,951000.0,37134.04079175134
C_fusion,0.009169462465504393,0.09011568906028009,0.9288702928870293,0.16429232192414434,949740.0,37081.35771807029
C_fusion,0.009285122311861235,0.09092770837599837,0.9288702928870293,0.16564073866815895,941820.0,36750.20696921803
C_fusion,0.009321248183248063,0.09120788824979457,0.9288702928870293,0.16610549943883277,939120.0,36637.31466847294
C_fusion,0.009408006050092793,0.09175449473031617,0.9288702928870293,0.1670114726349445,933900.0,36419.05622036577
C_fusion,0.009534785833197203,0.09246147438567263,0.9288702928870293,0.1681818181818182,927240.0,36140.58854519455
C_fusion,0.009551649480640877,0.09259645464025026,0.9288702928870293,0.16840508249573297,925980.0,36087.905471513506
C_fusion,0.009770348959840032,0.0932435276783835,0.9267782426778243,0.16943966341556704,922440.0,35756.75472266125
C_fusion,0.00982481744999302,0.09353885135135136,0.9267782426778243,0.1699271192942079,919740.0,35643.86242191616
C_fusion,0.009901510856234242,0.09390269810919906,0.9246861924686193,0.1704918032786885,918900.0,35425.60397380899
C_fusion,0.010060759391928466,0.09462641832584029,0.9246861924686193,0.17168382210137886,912420.0,35154.66245202078
C_fusion,0.010092522835100757,0.09478876259918508,0.9246861924686193,0.17195098229916359,910980.0,35094.45322495672
C_fusion,0.010245560657696473,0.09569170816193981,0.9246861924686193,0.17343535412988031,903060.0,34763.302476104465
C_fusion,0.010295811847959142,0.09598262757871878,0.9246861924686193,0.17391304347826084,900540.0,34657.93632874238
C_fusion,0.010395415880920739,0.0966120218579235,0.9246861924686193,0.1749455768850188,895140.0,34432.1517272522
C_fusion,0.010475417583783644,0.09737827715355805,0.9246861924686193,0.1762009168825992,888660.0,34161.21020546399
C_fusion,0.010521107037452163,0.09755020966674023,0.9246861924686193,0.17648233180275502,887220.0,34101.00097839994
C_fusion,0.01067322464299127,0.09850679741475374,0.9246861924686193,0.17804632426988926,879300.0,33769.85022954768
C_fusion,0.010719758865384262,0.09881511289961994,0.9246861924686193,0.178549787921632,876780.0,33664.4840821856
C_fusion,0.010827918400956727,0.09948233175782129,0.9246861924686193,0.1796382849014428,871380.0,33438.69948069542
C_fusion,0.010953486684594678,0.10027223230490018,0.9246861924686193,0.18092509209987717,865080.0,33175.28411229021
C_fusion,0.011000231005202497,0.10047738122300523,0.9246861924686193,0.18125897067869592,863460.0,33107.548731843155
C_fusion,0.01113172275920152,0.10149253731343283,0.9246861924686193,0.1829091661493896,855540.0,32776.39798299089
C_fusion,0.011193580590291324,0.10179640718562874,0.9246861924686193,0.18340248962655603,853200.0,32678.557989011813
C_fusion,0.011294061124122574,0.10252841568081651,0.9246861924686193,0.18458968469409062,847620.0,32445.24723413863
C_fusion,0.011437389837691655,0.10336763330215154,0.9246861924686193,0.18594867480016827,841320.0,32181.831865733424
C_fusion,0.011465952033042326,0.10358565737051793,0.9246861924686193,0.1863013698630137,839700.0,32114.09648528637
C_fusion,0.011629630798247522,0.10466493014444707,0.9246861924686193,0.18804509678791748,831780.0,31782.94573643411
C_fusion,0.011706767206930516,0.10498812351543943,0.9246861924686193,0.1885665529010239,829440.0,31685.105742455034
C_fusion,0.011855596667225077,0.10552763819095477,0.9225941422594143,0.1893923126476272,828240.0,31451.79498758185
C_fusion,0.012017958804930689,0.10615199034981906,0.9205020920502092,0.19035258490157905,826500.0,31195.905772559647
C_fusion,0.012096456859435103,0.10616686819830713,0.9184100418410042,0.19033167136353782,829080.0,31120.644238729583
C_fusion,0.012303691635743094,0.10730872647274504,0.9184100418410042,0.19216458743707593,821160.0,30789.493489877324
C_fusion,0.012342213357528817,0.10762441774944839,0.9184100418410042,0.1926706166337503,819000.0,30699.17964928125
C_fusion,0.012516887864144935,0.10847541388682976,0.9184100418410042,0.19403314917127074,813240.0,30458.342741025062
C_fusion,0.012662404051064525,0.10939446797906803,0.9184100418410042,0.19550211534179474,807120.0,30202.45352600286
C_fusion,0.012693509024534746,0.10966774918810891,0.9184100418410042,0.19593840660566839,805320.0,30127.191992172804
C_fusion,0.012987381494577727,0.11063399848446577,0.9163179916317992,0.19743069641649763,801780.0,29796.04124332054
C_fusion,0.013017405563488247,0.11097035723334178,0.9163179916317992,0.19796610169491524,799620.0,29705.727402724468
C_fusion,0.013187369279108149,0.11187739463601533,0.9163179916317992,0.1994081493284771,793860.0,29464.890494468276
C_fusion,0.01343596324513366,0.11282843894899536,0.9163179916317992,0.20091743119266056,787920.0,29216.52743282908
C_fusion,0.0134814723906484,0.11314905709119091,0.9163179916317992,0.20142561508392737,785940.0,29133.739745616018
C_fusion,0.013770735104989978,0.11444996080480795,0.9163179916317992,0.20348432055749127,778020.0,28802.588996763756
C_fusion,0.013852763680475819,0.11477987421383648,0.9163179916317992,0.2040055891942245,776040.0,28719.80130955069
C_fusion,0.014061131971116343,0.11578112609040445,0.9163179916317992,0.2055855432996949,770100.0,28471.43824791149
C_fusion,0.014265874482315494,0.1168,0.9163179916317992,0.20719016083254493,764160.0,28223.075186272294
C_fusion,0.014328733583222699,0.11714362128911474,0.9163179916317992,0.20773061418069716,762180.0,28140.28749905923
C_fusion,0.01459828187093931,0.11799729364005412,0.9121338912133892,0.20896237718667623,763020.0,27809.13675020697
C_fusion,0.01464512166341849,0.11834961997828447,0.9121338912133892,0.209514656415185,761040.0,27726.349062993904
C_fusion,0.014826968760016731,0.11941933716789921,0.9121338912133892,0.21118914991523374,755100.0,27477.986001354708
C_fusion,0.01502082549600065,0.12047526941143963,0.9121338912133892,0.21283866243592872,749340.0,27237.149093098516
C_fusion,0.015105669098343641,0.12087607429997227,0.9121338912133892,0.21346389228886165,747180.0,27146.835252502442
C_fusion,0.015320362795329693,0.12236879034521471,0.9121338912133892,0.2157881712447414,739260.0,26815.684503650184
C_fusion,0.015434424643757789,0.12271320011258091,0.9121338912133892,0.2163234929297941,737460.0,26740.422969820127
C_fusion,0.015705553622762655,0.12389883489627736,0.9121338912133892,0.21816362271703782,731340.0,26484.53375479792
C_fusion,0.015925988896029895,0.12503584743332377,0.9121338912133892,0.21992433795712485,725580.0,26243.69684654173
C_fusion,0.01609042776871099,0.12546762589928057,0.9121338912133892,0.220591955476853,723420.0,26153.383005945663
C_fusion,0.016387459319813127,0.127076654036724,0.9121338912133892,0.22307495523151702,715500.0,25822.232257093397
C_fusion,0.016488275007099987,0.12744811458637825,0.9121338912133892,0.2236470889971788,713700.0,25746.97072326334
C_fusion,0.01684909907700379,0.12872748745202245,0.9121338912133892,0.22561448900388104,707580.0,25491.081508241135
C_fusion,0.01708648146214544,0.1299165673420739,0.9121338912133892,0.22743870631194577,702000.0,25257.770753367953
C_fusion,0.017233310228996816,0.1304217768471433,0.9121338912133892,0.22821250981418478,699660.0,25159.930759388877
C_fusion,0.017593087212187372,0.13125189451348893,0.9058577405857741,0.229282499338099,704880.0,24828.780010536615
C_fusion,0.017695422089500114,0.1316109422492401,0.9058577405857741,0.22983014861995754,703260.0,24761.044630089564
C_fusion,0.01794617000519988,0.13302611367127495,0.9058577405857741,0.23198499866059466,696960.0,24497.629261684353
C_fusion,0.01821423706235039,0.13430521091811415,0.9058577405857741,0.23392760669908158,691380.0,24264.31850681117
C_fusion,0.018309031259706506,0.1348489567113049,0.9058577405857741,0.23475196530224998,689040.0,24166.47851283209
C_fusion,0.018583039254826843,0.1367224502683928,0.9058577405857741,0.2375857338820302,681120.0,23835.32776397983
C_fusion,0.018702990874364934,0.13711209626345788,0.9058577405857741,0.23817381738173818,679500.0,23767.592383532778
C_fusion,0.018999714356169345,0.13864873519052193,0.9058577405857741,0.24048875312413215,673200.0,23504.177015127567
C_fusion,0.019292342025295665,0.1396702230843841,0.9037656903765691,0.24194903388406608,672180.0,23278.39241363739
C_fusion,0.01943368596311039,0.14030529392659954,0.9037656903765691,0.24290132133820636,669660.0,23173.02626627531
C_fusion,0.019866386024195232,0.1413509060955519,0.897489539748954,0.24423569598633652,674880.0,22841.875517423046
C_fusion,0.019948931483745463,0.14172447968285432,0.897489539748954,0.24479315263908702,673440.0,22781.666290358997
C_fusion,0.02028322383326695,0.14343029087261785,0.897489539748954,0.2473335255116748,666960.0,22510.724768570784
C_fusion,0.02049741194811223,0.14454576156703816,0.895397489539749,0.24890956673451584,665940.0,22284.940167080604
C_fusion,0.020630360210019075,0.14489311163895488,0.893305439330544,0.24934306569343065,667800.0,22179.574019718522
C_fusion,0.021199262471359316,0.14674474681364105,0.891213389121339,0.25199645075421473,664260.0,21848.42327086626
C_fusion,0.021317225926845207,0.14715025906735751,0.891213389121339,0.25259412985472873,662820.0,21788.21404380221
C_fusion,0.02185122636122271,0.14900314795383002,0.891213389121339,0.2553191489361702,656340.0,21517.272522014
C_fusion,0.022147293766129603,0.15058324496288442,0.891213389121339,0.2576353190202601,650940.0,21291.487920523818
C_fusion,0.022414569562002627,0.15097690941385436,0.8891213389121339,0.258123291831157,652800.0,21186.121773161736
C_fusion,0.02300959615085163,0.1526524720317575,0.8849372384937239,0.26038781163434904,653640.0,20854.971024309478
C_fusion,0.02307499085437054,0.15303907380607815,0.8849372384937239,0.2609500308451573,652380.0,20802.287950628433
C_fusion,0.023520467855868917,0.1551155115511551,0.8849372384937239,0.2639625585023401,645720.0,20523.820275457212
C_fusion,0.02387067915292126,0.15678280207561157,0.8849372384937239,0.2663727959697733,640500.0,20305.56182735004
C_fusion,0.024057501251782427,0.15691390234811778,0.8807531380753139,0.2663714014552357,646560.0,20192.669526604954
C_fusion,0.024607555717793602,0.15915119363395225,0.8786610878661087,0.2694898941289702,643020.0,19861.51877775269
C_fusion,0.024675045978168317,0.1595744680851064,0.8786610878661087,0.27009646302250806,641760.0,19808.835704071647
C_fusion,0.025090152556204406,0.16184971098265896,0.8786610878661087,0.2733485193621868,635100.0,19530.36802890043
C_fusion,0.025497012502154703,0.16328916601714732,0.8765690376569037,0.2752956636005256,634260.0,19312.109580793258
C_fusion,0.025740460203882955,0.16424931399451195,0.8765690376569037,0.2766589633542423,631560.0,19199.217280048168
C_fusion,0.026345640195567302,0.16713203031511767,0.8765690376569037,0.28073701842546067,623640.0,18868.066531195906
C_fusion,0.026447118229619315,0.1675329868052779,0.8765690376569037,0.2813024504867405,622560.0,18822.90961089787
C_fusion,0.02715926020954272,0.170117742590337,0.8765690376569037,0.2849370962257735,615720.0,18536.915782343644
C_fusion,0.027717475927006418,0.17207392197125257,0.8765690376569037,0.2876759354617233,610680.0,18326.183487619477
C_fusion,0.02794681750585106,0.17321207110376188,0.8765690376569037,0.289264756644805,607800.0,18205.765033491385
C_fusion,0.028668042148854055,0.17557894736842106,0.8723849372384938,0.2923238696109358,608640.0,17874.61428463912
C_fusion,0.028727718708986986,0.17602363866610385,0.8723849372384938,0.2929399367755532,607560.0,17829.457364341088
C_fusion,0.02938241478677094,0.17846417846417847,0.8702928870292888,0.29619081523673907,605100.0,17543.46353578686
C_fusion,0.029845221024041597,0.17933130699088146,0.8640167364016736,0.29701546206400575,613200.0,17332.731241062695
C_fusion,0.030167293480247645,0.18058592041976387,0.8640167364016736,0.29873417721518986,610320.0,17212.312786934595
C_fusion,0.03117571015865509,0.18323673651359787,0.8598326359832636,0.30209481808158767,611160.0,16881.162038082337
C_fusion,0.03138077634133462,0.1836461126005362,0.8598326359832636,0.30265095729013264,610260.0,16843.531271167307
C_fusion,0.03212588849514917,0.18644838562983174,0.8577405857740585,0.30631303698169593,607620.0,16550.011289230075
C_fusion,0.03256170395405662,0.18738489871086556,0.8514644351464435,0.3071698113207547,615900.0,16346.805147888912
C_fusion,0.03291925185760246,0.1888631090487239,0.8514644351464435,0.30915305734903153,612840.0,16218.860540377813
C_fusion,0.03388166809022932,0.19185220274751302,0.8472803347280334,0.3128621089223638,613680.0,15887.70979152555
C_fusion,0.03398870132711834,0.19230769230769232,0.8472803347280334,0.31346749226006193,612780.0,15850.079024610523
C_fusion,0.03489160382734585,0.19545234639574263,0.8451882845188284,0.31748526522593323,610140.0,15556.55904267329
C_fusion,0.03547545991641213,0.19754901960784313,0.8430962343096234,0.3200953137410643,609660.0,15353.35290133213
C_fusion,0.03590206634882505,0.19871478002965892,0.8410041841004184,0.3214714114354259,610980.0,15225.408293821027
C_fusion,0.03685072289003962,0.20313289540171803,0.8410041841004184,0.3272283272283272,603060.0,14894.257544968767
C_fusion,0.03693684921362423,0.20354430379746835,0.8410041841004184,0.32776192417448025,602340.0,14864.152931436742
C_fusion,0.038062766039655305,0.20723514211886304,0.8389121338912134,0.3323663489432242,599520.0,14563.106796116504
C_fusion,0.039003239880664724,0.21005762179151388,0.8389121338912134,0.3359865940511102,594840.0,14367.42680815835
C_fusion,0.03942145586977372,0.21047065044949761,0.8326359832635983,0.3360067539046011,604740.0,14231.956047264244
C_fusion,0.040544571628560455,0.21386031402273958,0.8263598326359832,0.33978494623655914,609960.0,13900.80529841198
C_fusion,0.04065549578370415,0.21432447097124255,0.8263598326359832,0.3403705299439897,609240.0,13870.700684879957
C_fusion,0.04183810550377421,0.21741541874653356,0.8200836820083682,0.3437088996054362,615180.0,13569.65454955972
C_fusion,0.04261784907024489,0.21947101857062465,0.8158995815899581,0.3458980044345898,619260.0,13373.974561601564
C_fusion,0.04333272937744564,0.22114837976122798,0.8138075313807531,0.3477872150201163,620400.0,13238.503800707458
C_fusion,0.044809126373407594,0.22565597667638485,0.8096234309623431,0.35294117647058826,621240.0,12907.353051855198
C_fusion,0.04493841813215111,0.22605140186915887,0.8096234309623431,0.35342465753424657,620700.0,12884.77459170618
C_fusion,0.046956915425533326,0.23040095751047276,0.805439330543933,0.3583061889250814,622080.0,12576.202303002934
C_fusion,0.0477760681214113,0.23268529769137303,0.801255230125523,0.3606403013182674,626340.0,12388.048468427787
C_fusion,0.04828047743464717,0.2329440688383528,0.7928870292887029,0.36009501187648457,640440.0,12245.051554150674
C_fusion,0.04997912488708237,0.23878711307643716,0.7907949790794979,0.36681222707423583,636900.0,11913.900805298412
C_fusion,0.05004557116095233,0.23924050632911392,0.7907949790794979,0.3673469387755102,636360.0,11891.322345149394
C_fusion,0.05189859037221451,0.24561403508771928,0.7907949790794979,0.37481408031730296,628980.0,11582.75005644615
C_fusion,0.052941463530744456,0.24900924702774108,0.7887029288702929,0.3785140562248996,628860.0,11394.596221871003
C_fusion,0.05370127472540995,0.25150501672240805,0.7866108786610879,0.38114546376077046,629820.0,11251.59930759389
C_fusion,0.05577429296162334,0.2584424534803584,0.7845188284518828,0.3888024883359254,626280.0,10920.448558741627
C_fusion,0.055822240952237596,0.2587991718426501,0.7845188284518828,0.38920601971977165,625920.0,10905.396251975615
C_fusion,0.058241897671818865,0.26652452025586354,0.7845188284518828,0.3978779840848806,618360.0,10589.297809889365
C_fusion,0.05957122097011727,0.27042660882140274,0.7824267782426778,0.40193444384739385,618420.0,10408.670128697222
C_fusion,0.060582526649737956,0.2743947175348496,0.7824267782426778,0.40630092341118956,614820.0,10258.147061037103
C_fusion,0.06346692982778135,0.27975739196360877,0.7719665271966527,0.41068447412353926,628800.0,9926.996312184843
C_fusion,0.06362267921989534,0.28018223234624146,0.7719665271966527,0.411142061281337,628440.0,9911.94400541883
C_fusion,0.06681086557128442,0.28862745098039216,0.7698744769874477,0.4198516828294353,625260.0,9595.845563332581
C_fusion,0.06904154108342946,0.29256594724220625,0.7656903765690377,0.42336610757663395,629700.0,9415.217882140438
C_fusion,0.07073257688767215,0.2965069049553209,0.7635983263598326,0.42715038033937974,630480.0,9264.69481448032
C_fusion,0.07381267114059992,0.3049705139005897,0.7573221757322176,0.4348348348348348,635700.0,8933.544065628057
C_fusion,0.07390105283502886,0.30522765598650925,0.7573221757322176,0.4350961538461538,635520.0,8926.017912245052
C_fusion,0.07806615025572963,0.31408573928258965,0.7510460251046025,0.4429364589759407,640920.0,8602.393316775795
C_fusion,0.08021699690873052,0.31875,0.7468619246861925,0.4468085106382978,645540.0,8429.291788966659
C_fusion,0.08284755532742885,0.32393084622383983,0.7447698744769874,0.4514901712111604,646140.0,8271.242567923535
C_fusion,0.0875706856149863,0.32701421800947866,0.7217573221757322,0.45009784735812125,686400.0,7940.091819071273
C_fusion,0.0875920043319766,0.32637571157495254,0.7196652719665272,0.44908616187989553,690600.0,7932.565665688267
C_fusion,0.0936134772611291,0.33728981206726016,0.7133891213389121,0.45802552048354594,696000.0,7608.941070219011
C_fusion,0.09679691522721154,0.3441295546558704,0.7112970711297071,0.46384720327421547,696240.0,7435.839542409875
C_fusion,0.10089518030661107,0.34953464322647365,0.7071129707112971,0.46782006920415226,701220.0,7277.790321366749
C_fusion,0.10842748589987902,0.3640303358613218,0.702928870292887,0.4796573875802997,702060.0,6946.639572514488
C_fusion,0.10843949785418124,0.3644251626898048,0.702928870292887,0.48,701880.0,6939.113419131482
C_fusion,0.11514957614411796,0.37770193401592717,0.694560669456067,0.48931466470154744,711660.0,6615.4888236622255
C_fusion,0.11829728386531647,0.38273045507584597,0.6861924686192469,0.4913857677902622,725220.0,6449.913449236095
C_fusion,0.12266322784586017,0.38922155688622756,0.6799163179916318,0.4950495049504951,734400.0,6284.338074809964
C_fusion,0.13004535304115541,0.3994943109987358,0.6610878661087866,0.49802994483845553,765900.0,5953.187325957703
C_fusion,0.13052962277062446,0.3994943109987358,0.6610878661087866,0.49802994483845553,765900.0,5953.187325957703
C_fusion,0.14165089272297574,0.41365461847389556,0.6464435146443515,0.5044897959183673,788640.0,5622.036577105441
C_fusion,0.1469352110331184,0.4206896551724138,0.6380753138075314,0.5070656691604323,802200.0,5456.461202679311
C_fusion,0.15040108274051664,0.4295874822190612,0.6317991631799164,0.5114309906858594,811380.0,5290.88582825318
C_fusion,0.16465247475150813,0.44613050075872535,0.6150627615062761,0.5171503957783641,838500.0,4959.735079400918
C_fusion,0.16466961463312213,0.44613050075872535,0.6150627615062761,0.5171503957783641,838500.0,4959.735079400918
C_fusion,0.1802977016134718,0.46504065040650405,0.5983263598326359,0.5233302836230558,865620.0,4628.584330548657
C_fusion,0.1870415892804302,0.4764309764309764,0.5920502092050209,0.5279850746268656,874980.0,4470.535109505531
C_fusion,0.1957492652912386,0.4938704028021016,0.5899581589958159,0.5376549094375596,875220.0,4297.433581696395
C_fusion,0.2148281942994263,0.5170454545454546,0.5711297071129707,0.5427435387673956,906900.0,3973.808986227139
C_fusion,0.2158734577841627,0.5180265654648957,0.5711297071129707,0.5432835820895522,906720.0,3966.2828328441333
C_fusion,0.24942029429074883,0.546583850931677,0.5523012552301255,0.5494276795005203,938220.0,3635.1320839918717
C_fusion,0.26658268651198636,0.5562770562770563,0.5376569037656904,0.5468085106382978,965100.0,3477.0828629487464
C_fusion,0.28561793610690306,0.5671981776765376,0.5209205020920502,0.5430752453653217,996000.0,3303.98133513961
C_fusion,0.32750119923562593,0.6035353535353535,0.5,0.5469107551487414,1032060.0,2980.3567396703543
C_fusion,0.3311882925434332,0.6050632911392405,0.5,0.547537227949599,1031880.0,2972.8305862873485
C_fusion,0.3800905071306405,0.6353276353276354,0.4665271966527197,0.5379975874547648,1094040.0,2641.679837435087
C_fusion,0.4108696395360467,0.6435045317220544,0.4456066945606695,0.5265760197775031,1134240.0,2491.156769774968
C_fusion,0.4663584319953521,0.6677524429967426,0.42887029288702927,0.5222929936305732,1164960.0,2310.5290885828254
C_fusion,0.5495149371911309,0.7018867924528301,0.3891213389121339,0.5006729475100943,1240620.0,1994.4306464965755
C_fusion,0.5558493653909161,0.7072243346007605,0.3891213389121339,0.5020242914979757,1240260.0,1979.3783397305638
C_fusion,0.6778215946024498,0.7579908675799086,0.3472803347280335,0.47632711621233864,1319940.0,1648.2275908783022
C_fusion,0.7373168710440243,0.7638190954773869,0.3179916317991632,0.44903988183161003,1377660.0,1497.7045232181833
C_fusion,0.7989039892696976,0.7828571428571428,0.28661087866108786,0.41960183767228176,1439040.0,1317.0768420260406
C_fusion,0.8792479055541685,0.8270676691729323,0.2301255230125523,0.3600654664484451,1549740.0,1000.9783999397907
C_fusion,0.8867072362812009,0.8244274809160306,0.22594142259414227,0.35467980295566504,1558140.0,985.9260931737789
C_fusion,0.9323191967538564,0.896551724137931,0.16317991631799164,0.2761061946902655,1681620.0,654.7753443215173
C_fusion,0.9720694358771644,0.8837209302325582,0.0794979079497908,0.14587332053742802,1848900.0,323.62459546925567
