auc_pr,roc_auc,brier,threshold,precision,recall,f1,tn,fp,fn,tp,costo_q,alertas_por_100k
0.468351019842707,0.8950017489991838,0.022482799041510182,0.00638912800755375,0.05155221072436501,0.9716312056737588,0.09790959442558514,10606,15123,24,822,2822940.0,60000.0
0.468351019842707,0.8950017489991838,0.022482799041510182,0.006403445308286145,0.051626680065318425,0.9716312056737588,0.09804389312977099,10629,15100,24,822,2818800.0,59913.452492944496
0.468351019842707,0.8950017489991838,0.022482799041510182,0.0064180107173083395,0.051701364865714826,0.9716312056737588,0.09817856076440729,10652,15077,24,822,2814660.0,59826.90498588899
0.468351019842707,0.8950017489991838,0.022482799041510182,0.006436167543741547,0.05177300497575109,0.9716312056737588,0.0983077199067153,10674,15055,24,822,2810700.0,59744.120413922865
0.468351019842707,0.8950017489991838,0.022482799041510182,0.006464933645018293,0.05184811404062066,0.9716312056737588,0.09844311377245508,10697,15032,24,822,2806560.0,59657.57290686735
0.468351019842707,0.8950017489991838,0.022482799041510182,0.0064909945130715956,0.05192344134925147,0.9716312056737588,0.0985788810937219,10720,15009,24,822,2802420.0,59571.02539981185
0.468351019842707,0.8950017489991838,0.022482799041510182,0.00650907371442275,0.051998987854251014,0.9716312056737588,0.09871502341779753,10743,14986,24,822,2798280.0,59484.477892756346
0.468351019842707,0.8950017489991838,0.022482799041510182,0.0065222428746873565,0.0520747545137789,0.9716312056737588,0.09885154230052312,10766,14963,24,822,2794140.0,59397.93038570085
0.468351019842707,0.8950017489991838,0.022482799041510182,0.006539767306523567,0.052147433864112164,0.9716312056737588,0.09898247937865012,10788,14941,24,822,2790180.0,59315.145813734714
0.468351019842707,0.8950017489991838,0.022482799041510182,0.006550086980802069,0.05222363405336722,0.9716312056737588,0.09911973953937055,10811,14918,24,822,2786040.0,59228.59830667922
0.468351019842707,0.8950017489991838,0.022482799041510182,0.006567752712097098,0.052300057262836416,0.9716312056737588,0.09925738090925557,10834,14895,24,822,2781900.0,59142.0507996237
0.468351019842707,0.8950017489991838,0.022482799041510182,0.006581269846900003,0.05237670447304702,0.9716312056737588,0.09939540507859734,10857,14872,24,822,2777760.0,59055.5032925682
0.468351019842707,0.8950017489991838,0.022482799041510182,0.006597271195864871,0.052389764533214214,0.9704491725768322,0.09941272628201248,10879,14850,25,821,2778000.0,58968.9557855127
0.468351019842707,0.8950017489991838,0.022482799041510182,0.006619543466272401,0.0523995143459646,0.9692671394799054,0.09942406789936345,10900,14829,26,820,2778420.0,58886.171213546564
0.468351019842707,0.8950017489991838,0.022482799041510182,0.006645574958797485,0.052476641494944326,0.9692671394799054,0.09956289460903352,10923,14806,26,820,2774280.0,58799.62370649107
0.468351019842707,0.8950017489991838,0.022482799041510182,0.006661268940798217,0.052553996026405175,0.9692671394799054,0.09970210955073257,10946,14783,26,820,2770140.0,58713.076199435556
0.468351019842707,0.8950017489991838,0.022482799041510182,0.006679999648468864,0.05263157894736842,0.9692671394799054,0.09984171435529039,10969,14760,26,820,2766000.0,58626.52869238005
0.468351019842707,0.8950017489991838,0.022482799041510182,0.006696335925389563,0.05270939127081057,0.9692671394799054,0.09998171066268366,10992,14737,26,820,2761860.0,58539.981185324556
0.468351019842707,0.8950017489991838,0.022482799041510182,0.006716646307565375,0.052784036047634375,0.9692671394799054,0.1001159880349185,11014,14715,26,820,2757900.0,58457.19661335842
0.468351019842707,0.8950017489991838,0.022482799041510182,0.006738498789577,0.052862300154718926,0.9692671394799054,0.10025675510453601,11037,14692,26,820,2753760.0,58370.64910630292
0.468351019842707,0.8950017489991838,0.022482799041510182,0.006750027749703782,0.052940796694428305,0.9692671394799054,0.10039791857973676,11060,14669,26,820,2749620.0,58284.10159924742
0.468351019842707,0.8950017489991838,0.022482799041510182,0.006775186190969556,0.05301952670373723,0.9692671394799054,0.10053948013732222,11083,14646,26,820,2745480.0,58197.5540921919
0.468351019842707,0.8950017489991838,0.022482799041510182,0.006798313257606852,0.05309849122579809,0.9692671394799054,0.10068144146356436,11106,14623,26,820,2741340.0,58111.006585136405
0.468351019842707,0.8950017489991838,0.022482799041510182,0.006812130645834736,0.053109396277803,0.9680851063829787,0.10069465789635458,11127,14602,27,819,2741760.0,58028.22201317027
0.468351019842707,0.8950017489991838,0.022482799041510182,0.006832332186713178,0.05318872580854656,0.9680851063829787,0.10083723220881556,11150,14579,27,819,2737620.0,57941.674506114774
0.468351019842707,0.8950017489991838,0.022482799041510182,0.006848307440631647,0.05326829268292683,0.9680851063829787,0.10098021083780284,11173,14556,27,819,2733480.0,57855.12699905927
0.468351019842707,0.8950017489991838,0.022482799041510182,0.006867595891930727,0.05334809796769151,0.9680851063829787,0.10112359550561797,11196,14533,27,819,2729340.0,57768.57949200376
0.468351019842707,0.8950017489991838,0.022482799041510182,0.0068867546385658115,0.05342465753424658,0.9680851063829787,0.10126112759643917,11218,14511,27,819,2725380.0,57685.794920037624
0.468351019842707,0.8950017489991838,0.022482799041510182,0.006903470339230711,0.05350493238387666,0.9680851063829787,0.10140531170680368,11241,14488,27,819,2721240.0,57599.24741298213
0.468351019842707,0.8950017489991838,0.022482799041510182,0.006919264652497211,0.05358544883538341,0.9680851063829787,0.10154990700557967,11264,14465,27,819,2717100.0,57512.69990592662
0.468351019842707,0.8950017489991838,0.022482799041510182,0.006933295970420685,0.05366620798112837,0.9680851063829787,0.1016949152542373,11287,14442,27,819,2712960.0,57426.15239887112
0.468351019842707,0.8950017489991838,0.022482799041510182,0.006957214223504472,0.05374721092006825,0.9680851063829787,0.10184033822432231,11310,14419,27,819,2708820.0,57339.60489181562
0.468351019842707,0.8950017489991838,0.022482799041510182,0.006977512954015047,0.053824921135646686,0.9680851063829787,0.10197982816585731,11332,14397,27,819,2704860.0,57256.820319849474
0.468351019842707,0.8950017489991838,0.022482799041510182,0.0069953119424550295,0.053906404265122096,0.9680851063829787,0.10212606770995698,11355,14374,27,819,2700720.0,57170.27281279398
0.468351019842707,0.8950017489991838,0.022482799041510182,0.007015872672046733,0.05392221489782465,0.966903073286052,0.10214785214785214,11377,14352,28,818,2700960.0,57083.72530573847
0.468351019842707,0.8950017489991838,0.022482799041510182,0.007039960563394087,0.054004093219779496,0.966903073286052,0.10229475395485525,11400,14329,28,818,2696820.0,56997.17779868298
0.468351019842707,0.8950017489991838,0.022482799041510182,0.00706081929248292,0.05408622057656705,0.966903073286052,0.10244207889793362,11423,14306,28,818,2692680.0,56910.63029162747
0.468351019842707,0.8950017489991838,0.022482799041510182,0.007082696459128974,0.05416501125678718,0.966903073286052,0.10258339603712065,11445,14284,28,818,2688720.0,56827.84571966134
0.468351019842707,0.8950017489991838,0.022482799041510182,0.007104406118256018,0.05418131175807414,0.9657210401891253,0.10260596546310832,11467,14262,29,817,2688960.0,56741.29821260583
0.468351019842707,0.8950017489991838,0.022482799041510182,0.007119680909096687,0.05426408076514346,0.9657210401891253,0.10275437051943152,11490,14239,29,817,2684820.0,56654.75070555033
0.468351019842707,0.8950017489991838,0.022482799041510182,0.007141921001642951,0.054347103039978716,0.9657210401891253,0.10290320549152969,11513,14216,29,817,2680680.0,56568.203198494826
0.468351019842707,0.8950017489991838,0.022482799041510182,0.007165537108786735,0.05443037974683544,0.9657210401891253,0.10305247225025227,11536,14193,29,817,2676540.0,56481.65569143932
0.468351019842707,0.8950017489991838,0.022482799041510182,0.007192080172892207,0.05451027488657593,0.9657210401891253,0.10319565491979285,11558,14171,29,817,2672580.0,56398.871119473195
0.468351019842707,0.8950017489991838,0.022482799041510182,0.007218799528989138,0.054594052789842966,0.9657210401891253,0.10334577193093417,11581,14148,29,817,2668440.0,56312.323612417684
0.468351019842707,0.8950017489991838,0.022482799041510182,0.00723745586285196,0.05467808860928925,0.9657210401891253,0.10349632632379022,11604,14125,29,817,2664300.0,56225.77610536218
0.468351019842707,0.8950017489991838,0.022482799041510182,0.007262009534454826,0.05476238353777063,0.9657210401891253,0.10364732001268633,11627,14102,29,817,2660160.0,56139.228598306676
0.468351019842707,0.8950017489991838,0.022482799041510182,0.007280059709154492,0.054843257031617104,0.9657210401891253,0.1037921615956298,11649,14080,29,817,2656200.0,56056.44402634055
0.468351019842707,0.8950017489991838,0.022482799041510182,0.00729683545678936,0.05492806239074896,0.9657210401891253,0.1039440203562341,11672,14057,29,817,2652060.0,55969.896519285045
0.468351019842707,0.8950017489991838,0.022482799041510182,0.007317553319003277,0.055013130428927345,0.9657210401891253,0.10409632413837039,11695,14034,29,817,2647920.0,55883.34901222954
0.468351019842707,0.8950017489991838,0.022482799041510182,0.007334079480923182,0.05509846236849204,0.9657210401891253,0.10424907490111011,11718,14011,29,817,2643780.0,55796.80150517403
0.468351019842707,0.8950017489991838,0.022482799041510182,0.007350440153206546,0.055116514690982776,0.9645390070921985,0.10427448725321066,11740,13989,30,816,2644020.0,55710.25399811853
0.468351019842707,0.8950017489991838,0.022482799041510182,0.007375661055504058,0.05519853886220659,0.9645390070921985,0.10442126815535223,11762,13967,30,816,2640060.0,55627.4694261524
0.468351019842707,0.8950017489991838,0.022482799041510182,0.0073935904445873515,0.055284552845528454,0.9645390070921985,0.10457516339869281,11785,13944,30,816,2635920.0,55540.921919096894
0.468351019842707,0.8950017489991838,0.022482799041510182,0.00740641771080963,0.05537083531247879,0.9645390070921985,0.10472951293075787,11808,13921,30,816,2631780.0,55454.3744120414
0.468351019842707,0.8950017489991838,0.022482799041510182,0.007431688790173245,0.05545738752208781,0.9645390070921985,0.10488431876606684,11831,13898,30,816,2627640.0,55367.826904985886
0.468351019842707,0.8950017489991838,0.022482799041510182,0.007459888984328059,0.05554421074127017,0.9645390070921985,0.10503958293106777,11854,13875,30,816,2623500.0,55281.27939793038
0.468351019842707,0.8950017489991838,0.022482799041510182,0.007482249275002938,0.05562751380462199,0.9645390070921985,0.10518852723171125,11876,13853,30,816,2619540.0,55198.49482596425
0.468351019842707,0.8950017489991838,0.022482799041510182,0.0075043525583440756,0.05571487095452683,0.9645390070921985,0.10534469403563129,11899,13830,30,816,2615400.0,55111.94731890875
0.468351019842707,0.8950017489991838,0.022482799041510182,0.007523774729428291,0.05580250290638036,0.9645390070921985,0.10550132523110738,11922,13807,30,816,2611260.0,55025.39981185325
0.468351019842707,0.8950017489991838,0.022482799041510182,0.007539593354048743,0.05582191780821918,0.9633569739952719,0.10552893953127024,11944,13785,31,815,2611500.0,54938.85230479775
0.468351019842707,0.8950017489991838,0.022482799041510182,0.007560650140517537,0.05590999519791452,0.9633569739952719,0.1056863126499384,11967,13762,31,815,2607360.0,54852.30479774223
0.468351019842707,0.8950017489991838,0.022482799041510182,0.007586717681666642,0.0559945036070079,0.9633569739952719,0.10583728329329264,11989,13740,31,815,2603400.0,54769.520225776105
0.468351019842707,0.8950017489991838,0.022482799041510182,0.007607507223454245,0.05608312689237545,0.9633569739952719,0.10599557809858239,12012,13717,31,815,2599260.0,54682.9727187206
0.468351019842707,0.8950017489991838,0.022482799041510182,0.00762211974257207,0.0561720311530774,0.9633569739952719,0.10615434711820254,12035,13694,31,815,2595120.0,54596.425211665104
0.468351019842707,0.8950017489991838,0.022482799041510182,0.007639360473403939,0.056261217727460996,0.9633569739952719,0.10631359248630316,12058,13671,31,815,2590980.0,54509.8777046096
0.468351019842707,0.8950017489991838,0.022482799041510182,0.007665418134771214,0.05635068796238678,0.9633569739952719,0.10647331634985956,12081,13648,31,815,2586840.0,54423.33019755409
0.468351019842707,0.8950017489991838,0.022482799041510182,0.007688682825439943,0.05636728758396233,0.9621749408983451,0.10649571531366521,12102,13627,32,814,2587260.0,54340.545625587954
0.468351019842707,0.8950017489991838,0.022482799041510182,0.007711699527369117,0.05638784852267998,0.9609929078014184,0.1065251572327044,12124,13605,33,813,2587500.0,54253.99811853245
0.468351019842707,0.8950017489991838,0.022482799041510182,0.007736020825470675,0.05640847516498784,0.9598108747044918,0.1065546880125976,12146,13583,34,812,2587740.0,54167.450611476954
0.468351019842707,0.8950017489991838,0.022482799041510182,0.007752249391378709,0.056498747564709156,0.9598108747044918,0.10671573137074516,12169,13560,34,812,2583600.0,54080.90310442145
0.468351019842707,0.8950017489991838,0.022482799041510182,0.007776363363243045,0.05658536585365854,0.9598108747044918,0.10687022900763359,12191,13538,34,812,2579640.0,53998.11853245532
0.468351019842707,0.8950017489991838,0.022482799041510182,0.007802397656474654,0.056606407482375935,0.958628841607565,0.10690041521123048,12213,13516,35,811,2579880.0,53911.571025399804
0.468351019842707,0.8950017489991838,0.022482799041510182,0.007818131160372433,0.05669742729306488,0.958628841607565,0.10706270627062706,12236,13493,35,811,2575740.0,53825.02351834431
0.468351019842707,0.8950017489991838,0.022482799041510182,0.007838160786393955,0.056788740284293815,0.958628841607565,0.1072254908441859,12259,13470,35,811,2571600.0,53738.4760112888
0.468351019842707,0.8950017489991838,0.022482799041510182,0.00785805063838749,0.05688034787487726,0.958628841607565,0.10738877118644068,12282,13447,35,811,2567460.0,53651.92850423331
0.468351019842707,0.8950017489991838,0.022482799041510182,0.00788366759074395,0.05689800505760045,0.9574468085106383,0.10741280997215223,12303,13426,36,810,2567880.0,53569.14393226717
0.468351019842707,0.8950017489991838,0.022482799041510182,0.007903747998080732,0.05699007950467882,0.9574468085106383,0.1075768643336211,12326,13403,36,810,2563740.0,53482.59642521167
0.468351019842707,0.8950017489991838,0.022482799041510182,0.007920872095729298,0.05708245243128964,0.9574468085106383,0.1077414205905826,12349,13380,36,810,2559600.0,53396.04891815616
0.468351019842707,0.8950017489991838,0.022482799041510182,0.007943203709890986,0.057175125291169616,0.9574468085106383,0.10790648104975688,12372,13357,36,810,2555460.0,53309.50141110066
0.468351019842707,0.8950017489991838,0.022482799041510182,0.007965723502740971,0.05719739819004525,0.9562647754137116,0.10793862575050034,12394,13335,37,809,2555700.0,53222.95390404516
0.468351019842707,0.8950017489991838,0.022482799041510182,0.007985458296217636,0.05728650332814049,0.9562647754137116,0.10809727418492784,12416,13313,37,809,2551740.0,53140.16933207902
0.468351019842707,0.8950017489991838,0.022482799041510182,0.008013505681685728,0.05737995602525002,0.9562647754137116,0.10826363332218134,12439,13290,37,809,2547600.0,53053.621825023525
0.468351019842707,0.8950017489991838,0.022482799041510182,0.008036509141048358,0.057473714123330494,0.9562647754137116,0.10843050529419648,12462,13267,37,809,2543460.0,52967.074317968014
0.468351019842707,0.8950017489991838,0.022482799041510182,0.0080576331970067,0.05756777912189568,0.9562647754137116,0.1085978924760051,12485,13244,37,809,2539320.0,52880.52681091251
0.468351019842707,0.8950017489991838,0.022482799041510182,0.008078052362200485,0.05766215253029223,0.9562647754137116,0.10876579725732724,12508,13221,37,809,2535180.0,52793.979303857006
0.468351019842707,0.8950017489991838,0.022482799041510182,0.008102173470321475,0.05775271273557967,0.9562647754137116,0.10892688838023427,12530,13199,37,809,2531220.0,52711.19473189088
0.468351019842707,0.8950017489991838,0.022482799041510182,0.008122289845645,0.05784769395781194,0.9562647754137116,0.10909581282448924,12553,13176,37,809,2527080.0,52624.647224835375
0.468351019842707,0.8950017489991838,0.022482799041510182,0.008139449092229923,0.05787136513393497,0.9550827423167849,0.1091301998919503,12575,13154,38,808,2527320.0,52538.09971777987
0.468351019842707,0.8950017489991838,0.022482799041510182,0.008154164943659647,0.057966855585049146,0.9550827423167849,0.10929996618194115,12598,13131,38,808,2523180.0,52451.55221072436
0.468351019842707,0.8950017489991838,0.022482799041510182,0.00818326747393662,0.058062661684392065,0.9550827423167849,0.10947026148218399,12621,13108,38,808,2519040.0,52365.00470366886
0.468351019842707,0.8950017489991838,0.022482799041510182,0.008204711219391838,0.05815459910752843,0.9550827423167849,0.10963364993215739,12643,13086,38,808,2515080.0,52282.22013170273
0.468351019842707,0.8950017489991838,0.022482799041510182,0.008226187524616577,0.05810684161199625,0.9527186761229315,0.10953319290616294,12664,13065,40,806,2519700.0,52195.672624647224
0.468351019842707,0.8950017489991838,0.022482799041510182,0.008252340609649175,0.05820335066435586,0.9527186761229315,0.10970464135021098,12687,13042,40,806,2515560.0,52109.12511759173
0.468351019842707,0.8950017489991838,0.022482799041510182,0.00827262809943185,0.05822784810126582,0.9515366430260047,0.10974030400109058,12709,13020,41,805,2515800.0,52022.57761053622
0.468351019842707,0.8950017489991838,0.022482799041510182,0.008297751787139493,0.05832065493008766,0.9515366430260047,0.10990511297699501,12731,12998,41,805,2511840.0,51939.79303857008
0.468351019842707,0.8950017489991838,0.022482799041510182,0.008326459010722943,0.05841799709724238,0.9515366430260047,0.11007794338848625,12754,12975,41,805,2507700.0,51853.24553151458
0.468351019842707,0.8950017489991838,0.022482799041510182,0.008342156094394051,0.058442974485716365,0.950354609929078,0.11011436006300075,12776,12953,42,804,2507940.0,51766.69802445908
0.468351019842707,0.8950017489991838,0.022482799041510182,0.008362088327153435,0.05854084753167322,0.950354609929078,0.1102880658436214,12799,12930,42,804,2503800.0,51680.15051740358
0.468351019842707,0.8950017489991838,0.022482799041510182,0.008387287587715392,0.05863904893880826,0.950354609929078,0.11046232053307688,12822,12907,42,804,2499660.0,51593.60301034807
0.468351019842707,0.8950017489991838,0.022482799041510182,0.008413785057313172,0.05873328950252027,0.950354609929078,0.1106295149638803,12844,12885,42,804,2495700.0,51510.81843838193
0.468351019842707,0.8950017489991838,0.022482799041510182,0.008435736563846385,0.05883213815308064,0.950354609929078,0.11080485115766263,12867,12862,42,804,2491560.0,51424.270931326435
0.468351019842707,0.8950017489991838,0.022482799041510182,0.008455456022278825,0.0589313200908891,0.950354609929078,0.11098074401269929,12890,12839,42,804,2487420.0,51337.72342427093
0.468351019842707,0.8950017489991838,0.022482799041510182,0.008475691618745729,0.059030837004405284,0.950354609929078,0.11115719618415595,12913,12816,42,804,2483280.0,51251.17591721543
0.468351019842707,0.8950017489991838,0.022482799041510182,0.008491671317881389,0.05913069059351327,0.950354609929078,0.11133421034411134,12936,12793,42,804,2479140.0,51164.62841015993
0.468351019842707,0.8950017489991838,0.022482799041510182,0.008510403986787558,0.05922651933701657,0.950354609929078,0.11150405658414812,12958,12771,42,804,2475180.0,51081.843838193796
0.468351019842707,0.8950017489991838,0.022482799041510182,0.008530436582147074,0.05932703659976387,0.950354609929078,0.11168217808028894,12981,12748,42,804,2471040.0,50995.296331138285
0.468351019842707,0.8950017489991838,0.022482799041510182,0.008553201047182876,0.05942789563160618,0.950354609929078,0.11186086956521739,13004,12725,42,804,2466900.0,50908.74882408278
0.468351019842707,0.8950017489991838,0.022482799041510182,0.008577298810785837,0.0594550570116985,0.9491725768321513,0.11190078037904125,13026,12703,43,803,2467140.0,50822.201317027284
0.468351019842707,0.8950017489991838,0.022482799041510182,0.00860407398276042,0.05955647852851739,0.9491725768321513,0.1120803963989113,13049,12680,43,803,2463000.0,50735.65380997178
0.468351019842707,0.8950017489991838,0.022482799041510182,0.008630202161686694,0.05957952603818439,0.9479905437352246,0.11211295170196407,13070,12659,44,802,2463420.0,50652.869238005645
0.468351019842707,0.8950017489991838,0.022482799041510182,0.008647722679863681,0.05968150022324751,0.9479905437352246,0.11229347521702604,13093,12636,44,802,2459280.0,50566.321730950134
0.468351019842707,0.8950017489991838,0.022482799041510182,0.008665855476386555,0.05978382407752516,0.9479905437352246,0.11247458102517355,13116,12613,44,802,2455140.0,50479.77422389464
0.468351019842707,0.8950017489991838,0.022482799041510182,0.008683670723116722,0.05988649940262843,0.9479905437352246,0.11265627194830735,13139,12590,44,802,2451000.0,50393.22671683913
0.468351019842707,0.8950017489991838,0.022482799041510182,0.008717544250615198,0.059989528012566386,0.9479905437352246,0.11283855082659162,13162,12567,44,802,2446860.0,50306.67920978364
0.468351019842707,0.8950017489991838,0.022482799041510182,0.008738763063745604,0.06008840938038511,0.9479905437352246,0.11301345733812443,13184,12545,44,802,2442900.0,50223.8946378175
0.468351019842707,0.8950017489991838,0.022482799041510182,0.008760947919908937,0.0601921344941459,0.9479905437352246,0.113196894848271,13207,12522,44,802,2438760.0,50137.34713076199
0.468351019842707,0.8950017489991838,0.022482799041510182,0.008786515704422597,0.06029621832944891,0.9479905437352246,0.11338092881883084,13230,12499,44,802,2434620.0,50050.79962370649
0.468351019842707,0.8950017489991838,0.022482799041510182,0.008806744270203216,0.06040066275041422,0.9479905437352246,0.113565562163693,13253,12476,44,802,2430480.0,49964.25211665098
0.468351019842707,0.8950017489991838,0.022482799041510182,0.008828608565530395,0.060500905250452625,0.9479905437352246,0.11374273152744292,13275,12454,44,802,2426520.0,49881.467544684856
0.468351019842707,0.8950017489991838,0.022482799041510182,0.008855073594139663,0.06053049195193834,0.9468085106382979,0.11378649051779245,13297,12432,45,801,2426760.0,49794.92003762935
0.468351019842707,0.8950017489991838,0.022482799041510182,0.008874071826001164,0.060635881907645725,0.9468085106382979,0.11397268070574844,13320,12409,45,801,2422620.0,49708.37253057385
0.468351019842707,0.8950017489991838,0.022482799041510182,0.008900210279370985,0.06074163949344051,0.9468085106382979,0.1141594812228319,13343,12386,45,801,2418480.0,49621.825023518344
0.468351019842707,0.8950017489991838,0.022482799041510182,0.008926583365245284,0.06084776663628077,0.9468085106382979,0.11434689507494647,13366,12363,45,801,2414340.0,49535.27751646284
0.468351019842707,0.8950017489991838,0.022482799041510182,0.008950729021150027,0.060949627149596716,0.9468085106382979,0.11452673720331713,13388,12341,45,801,2410380.0,49452.492944496706
0.468351019842707,0.8950017489991838,0.022482799041510182,0.008984633454486815,0.061056482963640524,0.9468085106382979,0.11471535982814178,13411,12318,45,801,2406240.0,49365.94543744121
0.468351019842707,0.8950017489991838,0.022482799041510182,0.009002032010371213,0.061163714111178984,0.9468085106382979,0.11490460479127815,13434,12295,45,801,2402100.0,49279.3979303857
0.468351019842707,0.8950017489991838,0.022482799041510182,0.009021957264185726,0.061194829036946376,0.9456264775413712,0.11495078669444644,13456,12273,46,800,2402340.0,49192.8504233302
0.468351019842707,0.8950017489991838,0.022482799041510182,0.009036918705583045,0.06122605363984674,0.9444444444444444,0.1149971214738054,13478,12251,47,799,2402580.0,49106.3029162747
0.468351019842707,0.8950017489991838,0.022482799041510182,0.009055044453413383,0.06125268652133865,0.9432624113475178,0.11503531786074672,13499,12230,48,798,2403000.0,49023.518344308555
0.468351019842707,0.8950017489991838,0.022482799041510182,0.009071866030261973,0.061361014994232986,0.9432624113475178,0.11522633744855967,13522,12207,48,798,2398860.0,48936.97083725306
0.468351019842707,0.8950017489991838,0.022482799041510182,0.00908929041867126,0.06146972731474349,0.9432624113475178,0.11541799247902806,13545,12184,48,798,2394720.0,48850.423330197555
0.468351019842707,0.8950017489991838,0.022482799041510182,0.009117660529092332,0.06157882552666101,0.9432624113475178,0.11561028612821442,13568,12161,48,798,2390580.0,48763.87582314205
0.468351019842707,0.8950017489991838,0.022482799041510182,0.009134757337703756,0.06168831168831169,0.9432624113475178,0.11580322159338267,13591,12138,48,798,2386440.0,48677.32831608655
0.468351019842707,0.8950017489991838,0.022482799041510182,0.009158291598922091,0.06171596716741521,0.942080378250591,0.11584302325581396,13612,12117,49,797,2386860.0,48594.54374412042
0.468351019842707,0.8950017489991838,0.022482799041510182,0.009189428364092327,0.061826080210999924,0.942080378250591,0.1160369804178496,13635,12094,49,797,2382720.0,48507.99623706491
0.468351019842707,0.8950017489991838,0.022482799041510182,0.009203809029811562,0.06193658688218837,0.942080378250591,0.11623158815808662,13658,12071,49,797,2378580.0,48421.44873000941
0.468351019842707,0.8950017489991838,0.022482799041510182,0.009231426306251444,0.0620474892954457,0.942080378250591,0.11642684975531371,13681,12048,49,797,2374440.0,48334.9012229539
0.468351019842707,0.8950017489991838,0.022482799041510182,0.009246655259713564,0.06215878958040867,0.942080378250591,0.11662276851038923,13704,12025,49,797,2370300.0,48248.3537158984
0.468351019842707,0.8950017489991838,0.022482799041510182,0.009277468828737373,0.062265625,0.942080378250591,0.11681078704382236,13726,12003,49,797,2366340.0,48165.56914393227
0.468351019842707,0.8950017489991838,0.022482799041510182,0.009298860844775936,0.062377709947562025,0.942080378250591,0.11700800117448433,13749,11980,49,797,2362200.0,48079.021636876765
0.468351019842707,0.8950017489991838,0.022482799041510182,0.009316401786848285,0.06249019915320684,0.942080378250591,0.11720588235294117,13772,11957,49,797,2358060.0,47992.47412982126
0.468351019842707,0.8950017489991838,0.022482799041510182,0.009344289375288745,0.062445997957740945,0.9397163120567376,0.11710981807468512,13793,11936,51,795,2362680.0,47905.92662276576
0.468351019842707,0.8950017489991838,0.022482799041510182,0.009375120529745071,0.06255409552285782,0.9397163120567376,0.11729988933972704,13815,11914,51,795,2358720.0,47823.14205079962
0.468351019842707,0.8950017489991838,0.022482799041510182,0.009397315366743623,0.06266750748857007,0.9397163120567376,0.11749926101093704,13838,11891,51,795,2354580.0,47736.59454374412
0.468351019842707,0.8950017489991838,0.022482799041510182,0.009428426893011188,0.06278133143804786,0.9397163120567376,0.1176993115700644,13861,11868,51,795,2350440.0,47650.04703668862
0.468351019842707,0.8950017489991838,0.022482799041510182,0.009455588095211976,0.06289556962025317,0.9397163120567376,0.11790004449058282,13884,11845,51,795,2346300.0,47563.49952963311
0.468351019842707,0.8950017489991838,0.022482799041510182,0.009478216326741661,0.06301022430054688,0.9397163120567376,0.11810146326970215,13907,11822,51,795,2342160.0,47476.952022577614
0.468351019842707,0.8950017489991838,0.022482799041510182,0.009507944563158378,0.0630408892417626,0.9385342789598109,0.11814597128189867,13928,11801,52,794,2342580.0,47394.16745061148
0.468351019842707,0.8950017489991838,0.022482799041510182,0.009536317804643944,0.06307667833280306,0.9373522458628841,0.1181994335966612,13950,11779,53,793,2342820.0,47307.619943555976
0.468351019842707,0.8950017489991838,0.022482799041510182,0.00955920800457988,0.06319228623794725,0.9373522458628841,0.11840238895110115,13973,11756,53,793,2338680.0,47221.07243650047
0.468351019842707,0.8950017489991838,0.022482799041510182,0.009578951638214124,0.06330831869711001,0.9373522458628841,0.11860604247681723,13996,11733,53,793,2334540.0,47134.52492944497
0.468351019842707,0.8950017489991838,0.022482799041510182,0.009604326728172883,0.06342477805326721,0.9373522458628841,0.11881039778260544,14019,11710,53,793,2330400.0,47047.977422389464
0.468351019842707,0.8950017489991838,0.022482799041510182,0.009625189097340817,0.0633763320246775,0.9349881796690307,0.11870638553312823,14039,11690,55,791,2335200.0,46965.19285042333
0.468351019842707,0.8950017489991838,0.022482799041510182,0.009652401532677013,0.06333279820195858,0.9326241134751773,0.11861094407696933,14060,11669,57,789,2339820.0,46878.645343367825
0.468351019842707,0.8950017489991838,0.022482799041510182,0.009681261100629019,0.06344993968636913,0.9326241134751773,0.11881635419019652,14083,11646,57,789,2335680.0,46792.09783631232
0.468351019842707,0.8950017489991838,0.022482799041510182,0.009720011286593479,0.06356751530776668,0.9326241134751773,0.11902247699502187,14106,11623,57,789,2331540.0,46705.550329256825
0.468351019842707,0.8950017489991838,0.022482799041510182,0.009752405227723738,0.06368552748405844,0.9326241134751773,0.11922931620702683,14129,11600,57,789,2327400.0,46619.00282220131
0.468351019842707,0.8950017489991838,0.022482799041510182,0.00978797218995181,0.06379881943882915,0.9326241134751773,0.11942783622190267,14151,11578,57,789,2323440.0,46536.218250235186
0.468351019842707,0.8950017489991838,0.022482799041510182,0.009820440715071292,0.06391769280622164,0.9326241134751773,0.1196360879454132,14174,11555,57,789,2319300.0,46449.67074317968
0.468351019842707,0.8950017489991838,0.022482799041510182,0.0098509138789702,0.06403700998295593,0.9326241134751773,0.11984506721348827,14197,11532,57,789,2315160.0,46363.12323612418
0.468351019842707,0.8950017489991838,0.022482799041510182,0.009875408649227887,0.06415677345909904,0.9326241134751773,0.12005477784540475,14220,11509,57,789,2311020.0,46276.575729068674
0.468351019842707,0.8950017489991838,0.022482799041510182,0.0099029096253348,0.06427174975562072,0.9326241134751773,0.12025605852766347,14242,11487,57,789,2307060.0,46193.79115710254
0.468351019842707,0.8950017489991838,0.022482799041510182,0.009924690518474534,0.06439239369950216,0.9326241134751773,0.12046721123749904,14265,11464,57,789,2302920.0,46107.243650047036
0.468351019842707,0.8950017489991838,0.022482799041510182,0.009939982713132673,0.06451349141455437,0.9326241134751773,0.1206791067604772,14288,11441,57,789,2298780.0,46020.69614299153
0.468351019842707,0.8950017489991838,0.022482799041510182,0.009964420086454219,0.0646350454657164,0.9326241134751773,0.12089174902321305,14311,11418,57,789,2294640.0,45934.14863593603
0.468351019842707,0.8950017489991838,0.022482799041510182,0.009990067364368006,0.06475705843729482,0.9326241134751773,0.12110514198004604,14334,11395,57,789,2290500.0,45847.601128880524
0.468351019842707,0.8950017489991838,0.022482799041510182,0.01002853056009202,0.06487419832264431,0.9326241134751773,0.12130996309963099,14356,11373,57,789,2286540.0,45764.8165569144
0.468351019842707,0.8950017489991838,0.022482799041510182,0.010048571119001056,0.06499711673119697,0.9326241134751773,0.1215248363496342,14379,11350,57,789,2282400.0,45678.269049858885
0.468351019842707,0.8950017489991838,0.022482799041510182,0.010084198633891008,0.06512050181578079,0.9326241134751773,0.12174047214935967,14402,11327,57,789,2278260.0,45591.72154280339
0.468351019842707,0.8950017489991838,0.022482799041510182,0.010112040351478106,0.06524435623914661,0.9326241134751773,0.1219568745652678,14425,11304,57,789,2274120.0,45505.17403574788
0.468351019842707,0.8950017489991838,0.022482799041510182,0.01013732730850778,0.06536868268434134,0.9326241134751773,0.12217404769278414,14448,11281,57,789,2269980.0,45418.62652869238
0.468351019842707,0.8950017489991838,0.022482799041510182,0.010162736701698677,0.06532204515272244,0.9302600472813238,0.1220722816814022,14468,11261,59,787,2274780.0,45335.841956726246
0.468351019842707,0.8950017489991838,0.022482799041510182,0.010193315485404933,0.06544698544698545,0.9302600472813238,0.12229042032476109,14491,11238,59,787,2270640.0,45249.29444967074
0.468351019842707,0.8950017489991838,0.022482799041510182,0.01022504854635343,0.06557240459923346,0.9302600472813238,0.1225093399750934,14514,11215,59,787,2266500.0,45162.74694261524
0.468351019842707,0.8950017489991838,0.022482799041510182,0.010248441802820524,0.06569830536772686,0.9302600472813238,0.122729044834308,14537,11192,59,787,2262360.0,45076.19943555974
0.468351019842707,0.8950017489991838,0.022482799041510182,0.010276272550574683,0.06582469053195049,0.9302600472813238,0.12294953913451023,14560,11169,59,787,2258220.0,44989.65192850423
0.468351019842707,0.8950017489991838,0.022482799041510182,0.010302184199617237,0.06594603653427183,0.9302600472813238,0.12316118935837246,14582,11147,59,787,2254260.0,44906.867356538096
0.468351019842707,0.8950017489991838,0.022482799041510182,0.01032696384457878,0.06607337755016371,0.9302600472813238,0.12338324057380262,14605,11124,59,787,2250120.0,44820.3198494826
0.468351019842707,0.8950017489991838,0.022482799041510182,0.010356969096411987,0.06620121130551818,0.9302600472813238,0.1236060939217842,14628,11101,59,787,2245980.0,44733.772342427095
0.468351019842707,0.8950017489991838,0.022482799041510182,0.010385006452554513,0.06632954066582385,0.9302600472813238,0.12382975375658878,14651,11078,59,787,2241840.0,44647.22483537159
0.468351019842707,0.8950017489991838,0.022482799041510182,0.010425204777865769,0.06645836851883127,0.9302600472813238,0.12405422446406053,14674,11055,59,787,2237700.0,44560.67732831609
0.468351019842707,0.8950017489991838,0.022482799041510182,0.010446950202742729,0.06658206429780034,0.9302600472813238,0.12426969840517922,14696,11033,59,787,2233740.0,44477.89275634995
0.468351019842707,0.8950017489991838,0.022482799041510182,0.010477075830943362,0.06671187590065271,0.9302600472813238,0.12449576840939651,14719,11010,59,787,2229600.0,44391.34524929445
0.468351019842707,0.8950017489991838,0.022482799041510182,0.010508432782965404,0.06675726176320707,0.9290780141843972,0.12456418383518225,14741,10988,60,786,2229840.0,44304.797742238945
0.468351019842707,0.8950017489991838,0.022482799041510182,0.010533086009090137,0.06688792443196323,0.9290780141843972,0.12479161705167897,14764,10965,60,786,2225700.0,44218.25023518344
0.468351019842707,0.8950017489991838,0.022482799041510182,0.01054618464926994,0.06701338562537301,0.9290780141843972,0.12500994035785287,14786,10943,60,786,2221740.0,44135.465663217314
0.468351019842707,0.8950017489991838,0.022482799041510182,0.010565441348354238,0.06714505381855458,0.9290780141843972,0.12523900573613767,14809,10920,60,786,2217600.0,44048.9181561618
0.468351019842707,0.8950017489991838,0.022482799041510182,0.01059373889524732,0.06727724043481982,0.9290780141843972,0.12546891212387262,14832,10897,60,786,2213460.0,43962.370649106306
0.468351019842707,0.8950017489991838,0.022482799041510182,0.010626553041653483,0.06740994854202402,0.9290780141843972,0.12569966416120262,14855,10874,60,786,2209320.0,43875.8231420508
0.468351019842707,0.8950017489991838,0.022482799041510182,0.010663776516744187,0.06754318123227636,0.9290780141843972,0.12593126652247055,14878,10851,60,786,2205180.0,43789.2756349953
0.468351019842707,0.8950017489991838,0.022482799041510182,0.010689633681884442,0.06767111493758071,0.9290780141843972,0.12615359922959635,14900,10829,60,786,2201220.0,43706.49106302916
0.468351019842707,0.8950017489991838,0.022482799041510182,0.010726272311464514,0.06780538302277432,0.9290780141843972,0.12638687891944042,14923,10806,60,786,2197080.0,43619.94355597366
0.468351019842707,0.8950017489991838,0.022482799041510182,0.01075284083051282,0.06794018497709396,0.9290780141843972,0.1266210229561015,14946,10783,60,786,2192940.0,43533.396048918155
0.468351019842707,0.8950017489991838,0.022482799041510182,0.010791621388800379,0.06807552399099255,0.9290780141843972,0.12685603615235636,14969,10760,60,786,2188800.0,43446.84854186265
0.468351019842707,0.8950017489991838,0.022482799041510182,0.010819125193416474,0.06821140328039572,0.9290780141843972,0.12709192335677905,14992,10737,60,786,2184660.0,43360.30103480715
0.468351019842707,0.8950017489991838,0.022482799041510182,0.010844974688291745,0.0683418833144944,0.9290780141843972,0.1273183769336681,15014,10715,60,786,2180700.0,43277.51646284101
0.468351019842707,0.8950017489991838,0.022482799041510182,0.010871754332263213,0.06839170587210315,0.9278959810874704,0.12739370334307043,15036,10693,61,785,2180940.0,43190.968955785516
0.468351019842707,0.8950017489991838,0.022482799041510182,0.010907438837513281,0.06852902662592754,0.9278959810874704,0.12763189984554102,15059,10670,61,785,2176800.0,43104.421448730005
0.468351019842707,0.8950017489991838,0.022482799041510182,0.01093433610864436,0.068666899930021,0.9278959810874704,0.12787098876038444,15082,10647,61,785,2172660.0,43017.87394167451
0.468351019842707,0.8950017489991838,0.022482799041510182,0.010976296436598905,0.0688053291261285,0.9278959810874704,0.1281109751121991,15105,10624,61,785,2168520.0,42931.326434619004
0.468351019842707,0.8950017489991838,0.022482799041510182,0.010992070720579266,0.06893826293141302,0.9278959810874704,0.12834137169950136,15127,10602,61,785,2164560.0,42848.54186265287
0.468351019842707,0.8950017489991838,0.022482799041510182,0.011021768751054097,0.06898979232664555,0.9267139479905437,0.12841932841932843,15149,10580,62,784,2164800.0,42761.994355597366
0.468351019842707,0.8950017489991838,0.022482799041510182,0.011051013697555356,0.0691297063750992,0.9267139479905437,0.128661688684664,15172,10557,62,784,2160660.0,42675.44684854186
0.468351019842707,0.8950017489991838,0.022482799041510182,0.011076434831078154,0.06927018907934264,0.9267139479905437,0.12890496547188424,15195,10534,62,784,2156520.0,42588.89934148636
0.468351019842707,0.8950017489991838,0.022482799041510182,0.011121492828319637,0.06941124391323594,0.9267139479905437,0.12914916398978668,15218,10511,62,784,2152380.0,42502.351834430854
0.468351019842707,0.8950017489991838,0.022482799041510182,0.011159748425853707,0.06945799698394393,0.925531914893617,0.12921858239128642,15239,10490,63,783,2152800.0,42419.56726246473
0.468351019842707,0.8950017489991838,0.022482799041510182,0.011194057114377255,0.0696,0.925531914893617,0.12946428571428573,15262,10467,63,783,2148660.0,42333.019755409216
0.468351019842707,0.8950017489991838,0.022482799041510182,0.011224639979659128,0.06974258484011757,0.925531914893617,0.1297109252050029,15285,10444,63,783,2144520.0,42246.47224835372
0.468351019842707,0.8950017489991838,0.022482799041510182,0.011263065656642694,0.06988575508746876,0.925531914893617,0.12995850622406638,15308,10421,63,783,2140380.0,42159.92474129821
0.468351019842707,0.8950017489991838,0.022482799041510182,0.011293629228905613,0.07002325165444465,0.925531914893617,0.13019620884602595,15330,10399,63,783,2136420.0,42077.14016933208
0.468351019842707,0.8950017489991838,0.022482799041510182,0.011318505423420404,0.07016757773994085,0.925531914893617,0.13044564764681382,15353,10376,63,783,2132280.0,41990.59266227658
0.468351019842707,0.8950017489991838,0.022482799041510182,0.011346558352868278,0.0703125,0.925531914893617,0.13069604406609914,15376,10353,63,783,2128140.0,41904.04515522107
0.468351019842707,0.8950017489991838,0.022482799041510182,0.01138144170663782,0.07045802213623684,0.925531914893617,0.13094740362906598,15399,10330,63,783,2124000.0,41817.49764816557
0.468351019842707,0.8950017489991838,0.022482799041510182,0.011422587011014394,0.07060414788097386,0.925531914893617,0.13119973190348524,15422,10307,63,783,2119860.0,41730.950141110065
0.468351019842707,0.8950017489991838,0.022482799041510182,0.011477507201056858,0.07074448861582942,0.925531914893617,0.1314420010072184,15444,10285,63,783,2115900.0,41648.16556914393
0.468351019842707,0.8950017489991838,0.022482799041510182,0.011520702297834709,0.07089180624717066,0.925531914893617,0.13169624085442772,15467,10262,63,783,2111760.0,41561.618062088426
0.468351019842707,0.8950017489991838,0.022482799041510182,0.011548831977890125,0.07094901106877155,0.9243498817966903,0.13178294573643412,15489,10240,64,782,2112000.0,41475.07055503293
0.468351019842707,0.8950017489991838,0.022482799041510182,0.011570315389694195,0.07109737248840804,0.9243498817966903,0.13203883495145632,15512,10217,64,782,2107860.0,41388.52304797742
0.468351019842707,0.8950017489991838,0.022482799041510182,0.011608138331374895,0.0712463556851312,0.9243498817966903,0.13229571984435798,15535,10194,64,782,2103720.0,41301.97554092192
0.468351019842707,0.8950017489991838,0.022482799041510182,0.011637922026852193,0.0713894467774329,0.9243498817966903,0.13254237288135592,15557,10172,64,782,2099760.0,41219.19096895579
0.468351019842707,0.8950017489991838,0.022482799041510182,0.0116758145953643,0.07153965785381027,0.9243498817966903,0.13280122272225525,15580,10149,64,782,2095620.0,41132.64346190028
0.468351019842707,0.8950017489991838,0.022482799041510182,0.011701585355922547,0.07159882654932159,0.9231678486997635,0.13289093074697975,15602,10127,65,781,2095860.0,41046.09595484478
0.468351019842707,0.8950017489991838,0.022482799041510182,0.01172673464945982,0.07175011483693156,0.9231678486997635,0.13315147898729862,15625,10104,65,781,2091720.0,40959.548447789275
0.468351019842707,0.8950017489991838,0.022482799041510182,0.011763094791283886,0.07190204382250046,0.9231678486997635,0.13341305090536384,15648,10081,65,781,2087580.0,40873.00094073377
0.468351019842707,0.8950017489991838,0.022482799041510182,0.011798158823907504,0.07204797047970479,0.9231678486997635,0.1336642135889098,15670,10059,65,781,2083620.0,40790.21636876764
0.468351019842707,0.8950017489991838,0.022482799041510182,0.011832475463573683,0.07220116483313303,0.9231678486997635,0.13392780588184858,15693,10036,65,781,2079480.0,40703.66886171213
0.468351019842707,0.8950017489991838,0.022482799041510182,0.011861105405498267,0.07226236798221233,0.9219858156028369,0.13402061855670103,15715,10014,66,780,2079720.0,40617.12135465663
0.468351019842707,0.8950017489991838,0.022482799041510182,0.011884350035200317,0.07241667440349085,0.9219858156028369,0.1342859602306964,15738,9991,66,780,2075580.0,40530.57384760113
0.468351019842707,0.8950017489991838,0.022482799041510182,0.011912376228044428,0.07257164123557872,0.9219858156028369,0.13455235466620666,15761,9968,66,780,2071440.0,40444.02634054563
0.468351019842707,0.8950017489991838,0.022482799041510182,0.011947436759756432,0.07272049226179378,0.9219858156028369,0.13480815762184584,15783,9946,66,780,2067480.0,40361.24176857949
0.468351019842707,0.8950017489991838,0.022482799041510182,0.01198009181219426,0.07287676352424553,0.9219858156028369,0.1350766300112564,15806,9923,66,780,2063340.0,40274.69426152399
0.468351019842707,0.8950017489991838,0.022482799041510182,0.01201054504108383,0.07303370786516854,0.9219858156028369,0.1353461738677772,15829,9900,66,780,2059200.0,40188.146754468486
0.468351019842707,0.8950017489991838,0.022482799041510182,0.012036704312104475,0.07309749460448531,0.9208037825059102,0.13544292793184387,15851,9878,67,779,2059440.0,40101.59924741298
0.468351019842707,0.8950017489991838,0.022482799041510182,0.012081336018021511,0.07324870709920075,0.9208037825059102,0.13570246494207822,15873,9856,67,779,2055480.0,40018.814675446854
0.468351019842707,0.8950017489991838,0.022482799041510182,0.01211227339496425,0.0734074632491519,0.9208037825059102,0.13597486472333742,15896,9833,67,779,2051340.0,39932.26716839134
0.468351019842707,0.8950017489991838,0.022482799041510182,0.012148853725240607,0.07356690905656814,0.9208037825059102,0.13624836029733275,15919,9810,67,779,2047200.0,39845.71966133585
0.468351019842707,0.8950017489991838,0.022482799041510182,0.012181427200535212,0.07372704902517509,0.9208037825059102,0.1365229582895198,15942,9787,67,779,2043060.0,39759.172154280335
0.468351019842707,0.8950017489991838,0.022482799041510182,0.012226420220394035,0.07388788769799867,0.9208037825059102,0.13679866537887436,15965,9764,67,779,2038920.0,39672.62464722484
0.468351019842707,0.8950017489991838,0.022482799041510182,0.012264627473334191,0.07404239140766086,0.9208037825059102,0.1370634292249494,15987,9742,67,779,2034960.0,39589.840075258704
0.468351019842707,0.8950017489991838,0.022482799041510182,0.012304700994308497,0.07410935416269766,0.9196217494089834,0.13716502115655854,16009,9720,68,778,2035200.0,39503.2925682032
0.468351019842707,0.8950017489991838,0.022482799041510182,0.012335748346948668,0.07427207637231503,0.9196217494089834,0.13744368872007773,16032,9697,68,778,2031060.0,39416.745061147696
0.468351019842707,0.8950017489991838,0.022482799041510182,0.012360782628641973,0.0744355147340222,0.9196217494089834,0.13772349088334218,16055,9674,68,778,2026920.0,39330.19755409219
0.468351019842707,0.8950017489991838,0.022482799041510182,0.012409165303877246,0.07459967398600058,0.9196217494089834,0.13800443458980044,16078,9651,68,778,2022780.0,39243.65004703669
0.468351019842707,0.8950017489991838,0.022482799041510182,0.012435547353130055,0.0747573748438551,0.9196217494089834,0.13827423798098284,16100,9629,68,778,2018820.0,39160.865475070554
0.468351019842707,0.8950017489991838,0.022482799041510182,0.01247227408210179,0.074826656394453,0.9184397163120568,0.1383793410507569,16122,9607,69,777,2019060.0,39074.31796801506
0.468351019842707,0.8950017489991838,0.022482799041510182,0.01251310278867793,0.07499276131647524,0.9184397163120568,0.1386633354153654,16145,9584,69,777,2014920.0,38987.770460959546
0.468351019842707,0.8950017489991838,0.022482799041510182,0.012551048150771994,0.0750628748307216,0.91725768321513,0.13876967095851217,16167,9562,70,776,2015160.0,38901.22295390405
0.468351019842707,0.8950017489991838,0.022482799041510182,0.012603836279307744,0.07523024721279689,0.91725768321513,0.1390556401756115,16190,9539,70,776,2011020.0,38814.67544684854
0.468351019842707,0.8950017489991838,0.022482799041510182,0.012641374441855377,0.07529388905081123,0.9160756501182034,0.13915073166352454,16211,9518,71,775,2011440.0,38731.89087488241
0.468351019842707,0.8950017489991838,0.022482799041510182,0.012677923022046848,0.07546251217137293,0.9160756501182034,0.13943864699532205,16234,9495,71,775,2007300.0,38645.34336782691
0.468351019842707,0.8950017489991838,0.022482799041510182,0.012725411596083504,0.07563189226114961,0.9160756501182034,0.13972775624267555,16257,9472,71,775,2003160.0,38558.7958607714
0.468351019842707,0.8950017489991838,0.022482799041510182,0.01277125461346389,0.07580203442879499,0.9160756501182034,0.14001806684733514,16280,9449,71,775,1999020.0,38472.2483537159
0.468351019842707,0.8950017489991838,0.022482799041510182,0.012803615255691552,0.07597294382903637,0.9160756501182034,0.14030958631302617,16303,9426,71,775,1994880.0,38385.700846660395
0.468351019842707,0.8950017489991838,0.022482799041510182,0.012851787216325815,0.07603890362511052,0.9148936170212766,0.1404081632653061,16324,9405,72,774,1995300.0,38302.91627469426
0.468351019842707,0.8950017489991838,0.022482799041510182,0.012901838327207732,0.07621110673493502,0.9148936170212766,0.14070169060170878,16347,9382,72,774,1991160.0,38216.368767638756
0.468351019842707,0.8950017489991838,0.022482799041510182,0.01293981367879778,0.07638409158195994,0.9148936170212766,0.14099644776391293,16370,9359,72,774,1987020.0,38129.82126058326
0.468351019842707,0.8950017489991838,0.022482799041510182,0.012969053300425592,0.07655786350148368,0.9148936170212766,0.14129244249726178,16393,9336,72,774,1982880.0,38043.27375352775
0.468351019842707,0.8950017489991838,0.022482799041510182,0.01300079706220258,0.07652656621728787,0.9125295508274232,0.14121090177428205,16413,9316,74,772,1987680.0,37960.48918156162
0.468351019842707,0.8950017489991838,0.022482799041510182,0.013028651874664683,0.07670144063586687,0.9125295508274232,0.14150856933369993,16436,9293,74,772,1983540.0,37873.94167450612
0.468351019842707,0.8950017489991838,0.022482799041510182,0.013053328139942135,0.07687711611232823,0.9125295508274232,0.14180749448934607,16459,9270,74,772,1979400.0,37787.39416745061
0.468351019842707,0.8950017489991838,0.022482799041510182,0.013095484587154451,0.07705359816348938,0.9125295508274232,0.14210768522779568,16482,9247,74,772,1975260.0,37700.84666039511
0.468351019842707,0.8950017489991838,0.022482799041510182,0.013140034786076673,0.07723089235694278,0.9125295508274232,0.1424091496033942,16505,9224,74,772,1971120.0,37614.299153339605
0.468351019842707,0.8950017489991838,0.022482799041510182,0.013166926718868734,0.07740124323240426,0.9125295508274232,0.14269870609981516,16527,9202,74,772,1967160.0,37531.51458137347
0.468351019842707,0.8950017489991838,0.022482799041510182,0.013203814419833594,0.07747965028640337,0.9113475177304965,0.14281744929146986,16549,9180,75,771,1967400.0,37444.96707431797
0.468351019842707,0.8950017489991838,0.022482799041510182,0.013230952973123676,0.07765914585012088,0.9113475177304965,0.14312233153888992,16572,9157,75,771,1963260.0,37358.41956726246
0.468351019842707,0.8950017489991838,0.022482799041510182,0.01326317215979952,0.07773851590106007,0.9101654846335697,0.1432424890707841,16594,9135,76,770,1963500.0,37271.87206020696
0.468351019842707,0.8950017489991838,0.022482799041510182,0.013297080234187793,0.07781825541388383,0.9089834515366431,0.14336316181953765,16616,9113,77,769,1963740.0,37185.32455315146
0.468351019842707,0.8950017489991838,0.022482799041510182,0.013344500568371082,0.07799188640973631,0.9089834515366431,0.14365776200261535,16638,9091,77,769,1959780.0,37102.53998118532
0.468351019842707,0.8950017489991838,0.022482799041510182,0.013386739658833129,0.07807258310460506,0.9078014184397163,0.14377983712440326,16660,9069,78,768,1960020.0,37015.992474129824
0.468351019842707,0.8950017489991838,0.022482799041510182,0.013414666650089883,0.07825555329121663,0.9078014184397163,0.14409005628517824,16683,9046,78,768,1955880.0,36929.44496707431
0.468351019842707,0.8950017489991838,0.022482799041510182,0.013454330590267247,0.07843938310693493,0.9078014184397163,0.14440161699727366,16706,9023,78,768,1951740.0,36842.897460018816
0.468351019842707,0.8950017489991838,0.022482799041510182,0.013500610743768984,0.07862407862407862,0.9078014184397163,0.14471452798191067,16729,9000,78,768,1947600.0,36756.34995296331
0.468351019842707,0.8950017489991838,0.022482799041510182,0.013536838900088164,0.07869895341678637,0.9066193853427896,0.14482628398791542,16750,8979,79,767,1948020.0,36673.56538099718
0.468351019842707,0.8950017489991838,0.022482799041510182,0.013562407846657918,0.07888511776200761,0.9066193853427896,0.14514145141451415,16773,8956,79,767,1943880.0,36587.01787394167
0.468351019842707,0.8950017489991838,0.022482799041510182,0.013600740681797419,0.07907216494845361,0.9066193853427896,0.14545799355205766,16796,8933,79,767,1939740.0,36500.47036688617
0.468351019842707,0.8950017489991838,0.022482799041510182,0.013634182665839387,0.07926010127105508,0.9066193853427896,0.1457759194146156,16819,8910,79,767,1935600.0,36413.922859830665
0.468351019842707,0.8950017489991838,0.022482799041510182,0.013679544126165278,0.07944070429829105,0.9066193853427896,0.14608132558803924,16841,8888,79,767,1931640.0,36331.13828786453
0.468351019842707,0.8950017489991838,0.022482799041510182,0.013715314136681622,0.07963039867109635,0.9066193853427896,0.14640198511166252,16864,8865,79,767,1927500.0,36244.590780809034
0.468351019842707,0.8950017489991838,0.022482799041510182,0.01375794927991514,0.07971693204287647,0.9054373522458629,0.14653275944524152,16886,8843,80,766,1927740.0,36158.04327375352
0.468351019842707,0.8950017489991838,0.022482799041510182,0.013811770301935223,0.0798038806592948,0.9042553191489362,0.14666411042944785,16908,8821,81,765,1927980.0,36071.495766698026
0.468351019842707,0.8950017489991838,0.022482799041510182,0.013859169075932775,0.07999581721217192,0.9042553191489362,0.14698818330291094,16931,8798,81,765,1923840.0,35984.948259642515
0.468351019842707,0.8950017489991838,0.022482799041510182,0.01389461994020189,0.08007546378786291,0.9030732860520094,0.14710696062385675,16952,8777,82,764,1924260.0,35902.16368767639
0.468351019842707,0.8950017489991838,0.022482799041510182,0.013935404967154891,0.08026896406808152,0.9030732860520094,0.14743342338865303,16975,8754,82,764,1920120.0,35815.616180620884
0.468351019842707,0.8950017489991838,0.022482799041510182,0.01397755654300643,0.08046340179041601,0.9030732860520094,0.14776133836186056,16998,8731,82,764,1915980.0,35729.06867356538
0.468351019842707,0.8950017489991838,0.022482799041510182,0.014018004029718426,0.08065878378378379,0.9030732860520094,0.14809071525489437,17021,8708,82,764,1911840.0,35642.521166509876
0.468351019842707,0.8950017489991838,0.022482799041510182,0.014068541032020014,0.08085511694359192,0.9030732860520094,0.14842156386595434,17044,8685,82,764,1907700.0,35555.97365945438
0.468351019842707,0.8950017489991838,0.022482799041510182,0.014114038381128263,0.08104381033202504,0.9030732860520094,0.14873941399785848,17066,8663,82,764,1903740.0,35473.18908748824
0.468351019842707,0.8950017489991838,0.022482799041510182,0.014172556050333742,0.08124202467035305,0.9030732860520094,0.1490731707317073,17089,8640,82,764,1899600.0,35386.64158043274
0.468351019842707,0.8950017489991838,0.022482799041510182,0.014206216727838243,0.08144121095832,0.9030732860520094,0.14940842866920895,17112,8617,82,764,1895460.0,35300.09407337724
0.468351019842707,0.8950017489991838,0.022482799041510182,0.014259056300661726,0.08164137636247061,0.9030732860520094,0.1497451979615837,17135,8594,82,764,1891320.0,35213.54656632173
0.468351019842707,0.8950017489991838,0.022482799041510182,0.014302625306846454,0.08184252811997858,0.9030732860520094,0.15008348885178274,17158,8571,82,764,1887180.0,35126.99905926623
0.468351019842707,0.8950017489991838,0.022482799041510182,0.01435195850021862,0.08203586384623644,0.9030732860520094,0.15040850477409193,17180,8549,82,764,1883220.0,35044.214487300094
0.468351019842707,0.8950017489991838,0.022482799041510182,0.014407687657674162,0.0822389666307858,0.9030732860520094,0.15074980268350435,17203,8526,82,764,1879080.0,34957.66698024459
0.468351019842707,0.8950017489991838,0.022482799041510182,0.014439552744098255,0.08244307758713715,0.9030732860520094,0.15109265302086422,17226,8503,82,764,1874940.0,34871.11947318909
0.468351019842707,0.8950017489991838,0.022482799041510182,0.014496531867038991,0.0826482042405885,0.9030732860520094,0.15143706640237858,17249,8480,82,764,1870800.0,34784.57196613358
0.468351019842707,0.8950017489991838,0.022482799041510182,0.014541718992485207,0.08285435419151936,0.9030732860520094,0.15178305354127347,17272,8457,82,764,1866660.0,34698.02445907808
0.468351019842707,0.8950017489991838,0.022482799041510182,0.014598624972221239,0.08305250570714208,0.9030732860520094,0.15211548033847686,17294,8435,82,764,1862700.0,34615.23988711195
0.468351019842707,0.8950017489991838,0.022482799041510182,0.014646400414427014,0.08326068003487358,0.9030732860520094,0.15246457792855717,17317,8412,82,764,1858560.0,34528.69238005644
0.468351019842707,0.8950017489991838,0.022482799041510182,0.014685327151193821,0.08336064678247569,0.9018912529550828,0.15261526152615262,17339,8390,83,763,1858800.0,34442.14487300094
0.468351019842707,0.8950017489991838,0.022482799041510182,0.01474153279385273,0.08357064622124863,0.9018912529550828,0.15296712109061747,17362,8367,83,763,1854660.0,34355.59736594544
0.468351019842707,0.8950017489991838,0.022482799041510182,0.014777083661146908,0.08377250768555117,0.9018912529550828,0.15330520393811534,17384,8345,83,763,1850700.0,34272.812793979305
0.468351019842707,0.8950017489991838,0.022482799041510182,0.014820140325088932,0.08398458998348927,0.9018912529550828,0.15366025576477696,17407,8322,83,763,1846560.0,34186.2652869238
0.468351019842707,0.8950017489991838,0.022482799041510182,0.014873835774682685,0.08419774884131538,0.9018912529550828,0.15401695599515544,17430,8299,83,763,1842420.0,34099.7177798683
0.468351019842707,0.8950017489991838,0.022482799041510182,0.014928655300795141,0.08430136076999668,0.900709219858156,0.1541729893778452,17452,8277,84,762,1842660.0,34013.17027281279
0.468351019842707,0.8950017489991838,0.022482799041510182,0.014978817146817919,0.08451641526175688,0.900709219858156,0.15453254917866557,17475,8254,84,762,1838520.0,33926.62276575729
0.468351019842707,0.8950017489991838,0.022482799041510182,0.0150195893198541,0.08461196353124305,0.8995271867612293,0.15467479674796747,17496,8233,85,761,1838940.0,33843.83819379116
0.468351019842707,0.8950017489991838,0.022482799041510182,0.015072478114139186,0.08482889309998885,0.8995271867612293,0.1550371804013446,17519,8210,85,761,1834800.0,33757.29068673565
0.468351019842707,0.8950017489991838,0.022482799041510182,0.015111355781264737,0.08504693786320966,0.8995271867612293,0.15540126608127425,17542,8187,85,761,1830660.0,33670.743179680154
0.468351019842707,0.8950017489991838,0.022482799041510182,0.015161690632040275,0.08515406162464986,0.8983451536643026,0.15556237846689183,17564,8165,86,760,1830900.0,33584.19567262464
0.468351019842707,0.8950017489991838,0.022482799041510182,0.015235935614581282,0.0853740732419681,0.8983451536643026,0.15592942141977842,17587,8142,86,760,1826760.0,33497.648165569146
0.468351019842707,0.8950017489991838,0.022482799041510182,0.015287460015691643,0.08558558558558559,0.8983451536643026,0.15628213037219824,17609,8120,86,760,1822800.0,33414.86359360301
0.468351019842707,0.8950017489991838,0.022482799041510182,0.01534264191056481,0.08580783561025178,0.8983451536643026,0.15665258167577037,17632,8097,86,760,1818660.0,33328.31608654751
0.468351019842707,0.8950017489991838,0.022482799041510182,0.015393563008914635,0.08603124292506226,0.8983451536643026,0.15702479338842976,17655,8074,86,760,1814520.0,33241.768579492
0.468351019842707,0.8950017489991838,0.022482799041510182,0.015451256565728676,0.08625581659289525,0.8983451536643026,0.15739877808843325,17678,8051,86,760,1810380.0,33155.2210724365
0.468351019842707,0.8950017489991838,0.022482799041510182,0.015486209985719444,0.0864815657715066,0.8983451536643026,0.15777454847415404,17701,8028,86,760,1806240.0,33068.673565380996
0.468351019842707,0.8950017489991838,0.022482799041510182,0.015518623836922235,0.08669860825918321,0.8983451536643026,0.15813566375364127,17723,8006,86,760,1802280.0,32985.88899341486
0.468351019842707,0.8950017489991838,0.022482799041510182,0.015561000859663814,0.08692668420450646,0.8983451536643026,0.15851496506413598,17746,7983,86,760,1798140.0,32899.341486359364
0.468351019842707,0.8950017489991838,0.022482799041510182,0.015612097120586005,0.0871559633027523,0.8983451536643026,0.15889609031988292,17769,7960,86,760,1794000.0,32812.79397930385
0.468351019842707,0.8950017489991838,0.022482799041510182,0.01566309980271993,0.08738645509945958,0.8983451536643026,0.15927905270879178,17792,7937,86,760,1789860.0,32726.246472248356
0.468351019842707,0.8950017489991838,0.022482799041510182,0.015731497779953824,0.08761816924141111,0.8983451536643026,0.15966386554621848,17815,7914,86,760,1785720.0,32639.69896519285
0.468351019842707,0.8950017489991838,0.022482799041510182,0.0157848568060865,0.08784096162736939,0.8983451536643026,0.1600336913034323,17837,7892,86,760,1781760.0,32556.914393226714
0.468351019842707,0.8950017489991838,0.022482799041510182,0.015832877719879613,0.08807509560783405,0.8983451536643026,0.1604221635883905,17860,7869,86,760,1777620.0,32470.366886171214
0.468351019842707,0.8950017489991838,0.022482799041510182,0.015883301851190804,0.08831048105972578,0.8983451536643026,0.1608125264494287,17883,7846,86,760,1773480.0,32383.819379115706
0.468351019842707,0.8950017489991838,0.022482799041510182,0.015950055589809272,0.08854712804380753,0.8983451536643026,0.1612047937214975,17906,7823,86,760,1769340.0,32297.271872060206
0.468351019842707,0.8950017489991838,0.022482799041510182,0.016006976547743853,0.08877467585562435,0.8983451536643026,0.16158180078664824,17928,7801,86,760,1765380.0,32214.487300094075
0.468351019842707,0.8950017489991838,0.022482799041510182,0.016047124793403002,0.08889669711876318,0.8971631205673759,0.16176470588235295,17950,7779,87,759,1765620.0,32127.939793038568
0.468351019842707,0.8950017489991838,0.022482799041510182,0.016104898034978082,0.08913681738109219,0.8971631205673759,0.16216216216216217,17973,7756,87,759,1761480.0,32041.392285983067
0.468351019842707,0.8950017489991838,0.022482799041510182,0.016167609379716626,0.08914272256241168,0.8947990543735225,0.16213321910473336,17994,7735,89,757,1766100.0,31954.844778927567
0.468351019842707,0.8950017489991838,0.022482799041510182,0.016221641946901542,0.08938481520840713,0.8947990543735225,0.16253354804079442,18017,7712,89,757,1761960.0,31868.29727187206
0.468351019842707,0.8950017489991838,0.022482799041510182,0.016292542712866863,0.0894992304960341,0.8936170212765957,0.1627031098676423,18038,7691,90,756,1762380.0,31785.51269990593
0.468351019842707,0.8950017489991838,0.022482799041510182,0.016338221117854698,0.08974358974358974,0.8936170212765957,0.16310679611650486,18061,7668,90,756,1758240.0,31698.965192850425
0.468351019842707,0.8950017489991838,0.022482799041510182,0.016428011835435335,0.08998928698964409,0.8936170212765957,0.1635124905374716,18084,7645,90,756,1754100.0,31612.41768579492
0.468351019842707,0.8950017489991838,0.022482799041510182,0.016473028707983027,0.09023633325375985,0.8936170212765957,0.16392020815264527,18107,7622,90,756,1749960.0,31525.870178739417
0.468351019842707,0.8950017489991838,0.022482799041510182,0.016539752182968895,0.09048473967684022,0.8936170212765957,0.16432996413433323,18130,7599,90,756,1745820.0,31439.322671683913
0.468351019842707,0.8950017489991838,0.022482799041510182,0.016596941951764196,0.0907236289451578,0.8936170212765957,0.1647238261248502,18152,7577,90,756,1741860.0,31356.538099717778
0.468351019842707,0.8950017489991838,0.022482799041510182,0.016643147803027943,0.09097472924187726,0.8936170212765957,0.1651376146788991,18175,7554,90,756,1737720.0,31269.990592662278
0.468351019842707,0.8950017489991838,0.022482799041510182,0.01669975274725883,0.09122722336189212,0.8936170212765957,0.16555348735355305,18198,7531,90,756,1733580.0,31183.44308560677
0.468351019842707,0.8950017489991838,0.022482799041510182,0.016779313684174516,0.0914811229428848,0.8936170212765957,0.1659714599341383,18221,7508,90,756,1729440.0,31096.89557855127
0.468351019842707,0.8950017489991838,0.022482799041510182,0.016851531657462032,0.09173643975245722,0.8936170212765957,0.16639154836579728,18244,7485,90,756,1725300.0,31010.34807149577
0.468351019842707,0.8950017489991838,0.022482799041510182,0.016904383253301982,0.09161698503467575,0.8900709219858156,0.1661334804191947,18263,7466,93,753,1734480.0,30927.56349952963
0.468351019842707,0.8950017489991838,0.022482799041510182,0.016961102379583873,0.09187408491947291,0.8900709219858156,0.16655607166556072,18286,7443,93,753,1730340.0,30841.01599247413
0.468351019842707,0.8950017489991838,0.022482799041510182,0.017012140094407487,0.09213263183653493,0.8900709219858156,0.16698081827253575,18309,7420,93,753,1726200.0,30754.46848541863
0.468351019842707,0.8950017489991838,0.022482799041510182,0.01706373571520176,0.09226993865030675,0.8888888888888888,0.16718541574032902,18331,7398,94,752,1726440.0,30667.920978363123
0.468351019842707,0.8950017489991838,0.022482799041510182,0.017121080831146013,0.09240802264058078,0.8877068557919622,0.16739106207511423,18353,7376,95,751,1726680.0,30581.373471307623
0.468351019842707,0.8950017489991838,0.022482799041510182,0.01718593071653486,0.09265885256014805,0.8877068557919622,0.16780248016981342,18375,7354,95,751,1722720.0,30498.58889934149
0.468351019842707,0.8950017489991838,0.022482799041510182,0.017227274342949492,0.09292254392477109,0.8877068557919622,0.1682347670250896,18398,7331,95,751,1718580.0,30412.04139228598
0.468351019842707,0.8950017489991838,0.022482799041510182,0.017275473386174297,0.09318774041444348,0.8877068557919622,0.1686692869174621,18421,7308,95,751,1714440.0,30325.49388523048
0.468351019842707,0.8950017489991838,0.022482799041510182,0.017332723096965885,0.09345445495271279,0.8877068557919622,0.16910605719432562,18444,7285,95,751,1710300.0,30238.946378174973
0.468351019842707,0.8950017489991838,0.022482799041510182,0.017385921714189474,0.09358622410781132,0.8865248226950354,0.16930022573363432,18465,7264,96,750,1710720.0,30156.161806208842
0.468351019842707,0.8950017489991838,0.022482799041510182,0.017449677146600118,0.09373044675259667,0.8853427895981087,0.16951454113386896,18487,7242,97,749,1710960.0,30069.61429915334
0.468351019842707,0.8950017489991838,0.022482799041510182,0.017512738784359636,0.09400100401606426,0.8853427895981087,0.16995688677104606,18510,7219,97,749,1706820.0,29983.066792097834
0.468351019842707,0.8950017489991838,0.022482799041510182,0.017570661117279174,0.09427312775330396,0.8853427895981087,0.17040154703674212,18533,7196,97,749,1702680.0,29896.519285042334
0.468351019842707,0.8950017489991838,0.022482799041510182,0.017633705969418368,0.09454683160817975,0.8853427895981087,0.1708485401459854,18556,7173,97,749,1698540.0,29809.971777986833
0.468351019842707,0.8950017489991838,0.022482799041510182,0.01769488470494751,0.09468354430379747,0.8841607565011821,0.17104962268465584,18577,7152,98,748,1698960.0,29727.187206020695
0.468351019842707,0.8950017489991838,0.022482799041510182,0.01777057260722922,0.09483305827091533,0.8829787234042553,0.17127135159922044,18599,7130,99,747,1699200.0,29640.639698965195
0.468351019842707,0.8950017489991838,0.022482799041510182,0.017840149501777675,0.09498344792462439,0.8817966903073287,0.1714942528735632,18621,7108,100,746,1699440.0,29554.09219190969
0.468351019842707,0.8950017489991838,0.022482799041510182,0.01789310379378403,0.09526241859277232,0.8817966903073287,0.17194883024086666,18644,7085,100,746,1695300.0,29467.544684854187
0.468351019842707,0.8950017489991838,0.022482799041510182,0.01795313599318194,0.09554303278688525,0.8817966903073287,0.17240582389646406,18667,7062,100,746,1691160.0,29380.997177798683
0.468351019842707,0.8950017489991838,0.022482799041510182,0.018050291655403495,0.09568456203442076,0.8806146572104019,0.17261353104726598,18688,7041,101,745,1691580.0,29298.212605832552
0.468351019842707,0.8950017489991838,0.022482799041510182,0.018133433930307467,0.09596805358753059,0.8806146572104019,0.17307468927866188,18711,7018,101,745,1687440.0,29211.665098777044
0.468351019842707,0.8950017489991838,0.022482799041510182,0.01821553465852502,0.09612403100775194,0.8794326241134752,0.17330538085255065,18733,6996,102,744,1687680.0,29125.117591721544
0.468351019842707,0.8950017489991838,0.022482799041510182,0.018279321943355124,0.09641052222366205,0.8794326241134752,0.17377087469344857,18756,6973,102,744,1683540.0,29038.570084666037
0.468351019842707,0.8950017489991838,0.022482799041510182,0.0183457475021783,0.09669872628021835,0.8794326241134752,0.17423887587822015,18779,6950,102,744,1679400.0,28952.022577610536
0.468351019842707,0.8950017489991838,0.022482799041510182,0.018412602990395176,0.09697601668404589,0.8794326241134752,0.1746888941065978,18801,6928,102,744,1675440.0,28869.238005644405
0.468351019842707,0.8950017489991838,0.022482799041510182,0.01846158828512558,0.09700614459406458,0.8770685579196218,0.17469099470276633,18822,6907,104,742,1680060.0,28782.690498588898
0.468351019842707,0.8950017489991838,0.022482799041510182,0.01853833435504272,0.0971675845790716,0.875886524822695,0.17492917847025496,18844,6885,105,741,1680300.0,28696.142991533397
0.468351019842707,0.8950017489991838,0.022482799041510182,0.01859499806937009,0.0974615283440747,0.875886524822695,0.17540537341697243,18867,6862,105,741,1676160.0,28609.595484477897
0.468351019842707,0.8950017489991838,0.022482799041510182,0.018676477533028913,0.0974934036939314,0.8735224586288416,0.17540944694991692,18888,6841,107,739,1680780.0,28523.04797742239
0.468351019842707,0.8950017489991838,0.022482799041510182,0.018757877690273296,0.09777718973273353,0.8735224586288416,0.17586863398381722,18910,6819,107,739,1676820.0,28440.263405456255
0.468351019842707,0.8950017489991838,0.022482799041510182,0.018833135812782946,0.09807564698075646,0.8735224586288416,0.1763512707314163,18933,6796,107,739,1672680.0,28353.715898400755
0.468351019842707,0.8950017489991838,0.022482799041510182,0.018887981761920806,0.09824281150159744,0.8723404255319149,0.176597272074659,18955,6774,108,738,1672920.0,28267.168391345247
0.468351019842707,0.8950017489991838,0.022482799041510182,0.018951908355438793,0.09854453198023769,0.8723404255319149,0.17708458308338332,18978,6751,108,738,1668780.0,28180.620884289747
0.468351019842707,0.8950017489991838,0.022482799041510182,0.019006536191498957,0.09883487344314985,0.8723404255319149,0.1775532298809094,19000,6729,108,738,1664820.0,28097.83631232361
0.468351019842707,0.8950017489991838,0.022482799041510182,0.019098166441122232,0.09914024717893606,0.8723404255319149,0.17804583835946924,19023,6706,108,738,1660680.0,28011.28880526811
0.468351019842707,0.8950017489991838,0.022482799041510182,0.019164167179962353,0.09944751381215469,0.8723404255319149,0.1785411878553284,19046,6683,108,738,1656540.0,27924.741298212608
0.468351019842707,0.8950017489991838,0.022482799041510182,0.019230889600156495,0.09975669099756691,0.8723404255319149,0.17903930131004367,19069,6660,108,738,1652400.0,27838.1937911571
0.468351019842707,0.8950017489991838,0.022482799041510182,0.019331833289046748,0.09993220338983051,0.8711583924349882,0.17929692251550905,19091,6638,109,737,1652640.0,27751.6462841016
0.468351019842707,0.8950017489991838,0.022482799041510182,0.019406740453241613,0.1000951992384061,0.8699763593380615,0.17953408952311256,19112,6617,110,736,1653060.0,27668.86171213547
0.468351019842707,0.8950017489991838,0.022482799041510182,0.01948114160149552,0.10027285129604366,0.8687943262411347,0.1797945205479452,19134,6595,111,735,1653300.0,27582.31420507996
0.468351019842707,0.8950017489991838,0.022482799041510182,0.019579448182601208,0.10058847680306555,0.8687943262411347,0.18030172942475162,19157,6572,111,735,1649160.0,27495.76669802446
0.468351019842707,0.8950017489991838,0.022482799041510182,0.019632448111476283,0.10076880834706205,0.8676122931442081,0.18056580565805658,19179,6550,112,734,1649400.0,27409.219190968954
0.468351019842707,0.8950017489991838,0.022482799041510182,0.0197087304876348,0.10095028233025755,0.8664302600472813,0.18083138028863946,19201,6528,113,733,1649640.0,27322.671683913453
0.468351019842707,0.8950017489991838,0.022482799041510182,0.019776224622524093,0.10125707970714187,0.8664302600472813,0.18132343846629562,19223,6506,113,733,1645680.0,27239.88711194732
0.468351019842707,0.8950017489991838,0.022482799041510182,0.019866606527157552,0.10157982261640798,0.8664302600472813,0.18184073430910444,19246,6483,113,733,1641540.0,27153.33960489181
0.468351019842707,0.8950017489991838,0.022482799041510182,0.019927404487395543,0.10176560544974281,0.8652482269503546,0.18211220301032466,19268,6461,114,732,1641780.0,27066.79209783631
0.468351019842707,0.8950017489991838,0.022482799041510182,0.02002212868125937,0.10209205020920502,0.8652482269503546,0.18263473053892215,19291,6438,114,732,1637640.0,26980.24459078081
0.468351019842707,0.8950017489991838,0.022482799041510182,0.02013013505821901,0.1024205960542885,0.8652482269503546,0.18316026523207807,19314,6415,114,732,1633500.0,26893.697083725303
0.468351019842707,0.8950017489991838,0.022482799041510182,0.020235970159239593,0.10273684210526315,0.8652482269503546,0.1836657884832518,19336,6393,114,732,1629540.0,26810.912511759172
0.468351019842707,0.8950017489991838,0.022482799041510182,0.02030456796207297,0.10292875246409462,0.8640661938534279,0.18394564670357322,19358,6371,115,731,1629780.0,26724.36500470367
0.468351019842707,0.8950017489991838,0.022482799041510182,0.02038006834159596,0.10312190987427602,0.8628841607565012,0.18422712933753943,19380,6349,116,730,1630020.0,26637.817497648164
0.468351019842707,0.8950017489991838,0.022482799041510182,0.020456315666188135,0.10345804988662131,0.8628841607565012,0.184763351050367,19403,6326,116,730,1625880.0,26551.269990592664
0.468351019842707,0.8950017489991838,0.022482799041510182,0.020536843728674148,0.10363946545351152,0.8617021276595744,0.1850253807106599,19424,6305,117,729,1626300.0,26468.48541862653
0.468351019842707,0.8950017489991838,0.022482799041510182,0.020646895210470636,0.10383682784196263,0.8605200945626478,0.18531246022654957,19446,6283,118,728,1626540.0,26381.937911571025
0.468351019842707,0.8950017489991838,0.022482799041510182,0.02072069610512218,0.10417859187178019,0.8605200945626478,0.18585652284911922,19469,6260,118,728,1622400.0,26295.39040451552
0.468351019842707,0.8950017489991838,0.022482799041510182,0.02080732559503926,0.10452261306532663,0.8605200945626478,0.1864037895275893,19492,6237,118,728,1618260.0,26208.842897460017
0.468351019842707,0.8950017489991838,0.022482799041510182,0.02092228515970701,0.10486891385767791,0.8605200945626478,0.1869542886492039,19515,6214,118,728,1614120.0,26122.295390404513
0.468351019842707,0.8950017489991838,0.022482799041510182,0.021052935251182733,0.10520231213872833,0.8605200945626478,0.1874839041977852,19537,6192,118,728,1610160.0,26039.510818438383
0.468351019842707,0.8950017489991838,0.022482799041510182,0.02115562390019468,0.10526315789473684,0.8581560283687943,0.1875242154203797,19558,6171,120,726,1614780.0,25952.963311382875
0.468351019842707,0.8950017489991838,0.022482799041510182,0.021204999629849678,0.10561536223450683,0.8581560283687943,0.18808290155440416,19581,6148,120,726,1610640.0,25866.415804327375
0.468351019842707,0.8950017489991838,0.022482799041510182,0.02126826781101069,0.10567800321121004,0.8557919621749409,0.18812524360140315,19602,6127,122,724,1615260.0,25779.868297271874
0.468351019842707,0.8950017489991838,0.022482799041510182,0.021350491605036603,0.1060339777387229,0.8557919621749409,0.1886890800104248,19625,6104,122,724,1611120.0,25693.320790216367
0.468351019842707,0.8950017489991838,0.022482799041510182,0.02143129056639581,0.1063767264178666,0.8557919621749409,0.18923157344485103,19647,6082,122,724,1607160.0,25610.536218250236
0.468351019842707,0.8950017489991838,0.022482799041510182,0.021516889588813905,0.1067374318148312,0.8557919621749409,0.18980207104469787,19670,6059,122,724,1603020.0,25523.988711194736
0.468351019842707,0.8950017489991838,0.022482799041510182,0.021592640220246543,0.10710059171597633,0.8557919621749409,0.19037601893242176,19693,6036,122,724,1598880.0,25437.441204139228
0.468351019842707,0.8950017489991838,0.022482799041510182,0.02166372633411331,0.10731779723912721,0.8546099290780141,0.19068970064618224,19715,6014,123,723,1599120.0,25350.893697083728
0.468351019842707,0.8950017489991838,0.022482799041510182,0.021737754096017997,0.10768543342269883,0.8546099290780141,0.19126984126984126,19738,5991,123,723,1594980.0,25264.34619002822
0.468351019842707,0.8950017489991838,0.022482799041510182,0.02185199672818764,0.10803945008965929,0.8546099290780141,0.19182807110639427,19760,5969,123,723,1591020.0,25181.561618062085
0.468351019842707,0.8950017489991838,0.022482799041510182,0.02193585693989385,0.10841205578047683,0.8546099290780141,0.19241516966067865,19783,5946,123,723,1586880.0,25095.014111006585
0.468351019842707,0.8950017489991838,0.022482799041510182,0.022023819090101582,0.10878724044538068,0.8546099290780141,0.19300587293112653,19806,5923,123,723,1582740.0,25008.46660395108
0.468351019842707,0.8950017489991838,0.022482799041510182,0.022138835690428238,0.10901404197493583,0.8534278959810875,0.19333244075512115,19828,5901,124,722,1582980.0,24921.919096895577
0.468351019842707,0.8950017489991838,0.022482799041510182,0.02220265030847683,0.10909090909090909,0.851063829787234,0.19339242546333602,19849,5880,126,720,1587600.0,24835.371589840073
0.468351019842707,0.8950017489991838,0.022482799041510182,0.022292768488093567,0.10945576162967467,0.851063829787234,0.1939655172413793,19871,5858,126,720,1583640.0,24752.587017873942
0.468351019842707,0.8950017489991838,0.022482799041510182,0.02238324271613507,0.10983981693363844,0.851063829787234,0.19456830158086744,19894,5835,126,720,1579500.0,24666.03951081844
0.468351019842707,0.8950017489991838,0.022482799041510182,0.02248904090506523,0.11007348438456828,0.8498817966903073,0.1949037679587964,19916,5813,127,719,1579740.0,24579.492003762934
0.468351019842707,0.8950017489991838,0.022482799041510182,0.022558254711280566,0.11046243662620986,0.8498817966903073,0.1955132562882393,19939,5790,127,719,1575600.0,24492.94449670743
0.468351019842707,0.8950017489991838,0.022482799041510182,0.022635123055190328,0.11068290427007862,0.8486997635933806,0.19582708304922952,19960,5769,128,718,1576020.0,24410.1599247413
0.468351019842707,0.8950017489991838,0.022482799041510182,0.02274042326644612,0.11107673267326733,0.8486997635933806,0.19644322845417236,19983,5746,128,718,1571880.0,24323.612417685796
0.468351019842707,0.8950017489991838,0.022482799041510182,0.022842509480278755,0.11147337369973606,0.8486997635933806,0.1970632633456841,20006,5723,128,718,1567740.0,24237.06491063029
0.468351019842707,0.8950017489991838,0.022482799041510182,0.02295028048144708,0.11187285758803366,0.8486997635933806,0.19768722466960353,20029,5700,128,718,1563600.0,24150.517403574788
0.468351019842707,0.8950017489991838,0.022482799041510182,0.023026041328604707,0.11227521501172791,0.8486997635933806,0.19831514984118215,20052,5677,128,718,1559460.0,24063.969896519284
0.468351019842707,0.8950017489991838,0.022482799041510182,0.023085456056134598,0.11266279617134788,0.8486997635933806,0.1989195179387727,20074,5655,128,718,1555500.0,23981.18532455315
0.468351019842707,0.8950017489991838,0.022482799041510182,0.023161966423799713,0.11291338582677166,0.8475177304964538,0.1992773763201779,20096,5633,129,717,1555740.0,23894.63781749765
0.468351019842707,0.8950017489991838,0.022482799041510182,0.023237484095045807,0.11332385016595543,0.8475177304964538,0.1999163529903806,20119,5610,129,717,1551600.0,23808.090310442145
0.468351019842707,0.8950017489991838,0.022482799041510182,0.023354826706806896,0.11373730964467005,0.8475177304964538,0.20055944055944055,20142,5587,129,717,1547460.0,23721.54280338664
0.468351019842707,0.8950017489991838,0.022482799041510182,0.023479366367860677,0.11415379716605636,0.8475177304964538,0.20120667882699594,20165,5564,129,717,1543320.0,23634.995296331137
0.468351019842707,0.8950017489991838,0.022482799041510182,0.02356492318022513,0.11455504074133248,0.8475177304964538,0.20182969739619985,20187,5542,129,717,1539360.0,23552.210724365006
0.468351019842707,0.8950017489991838,0.022482799041510182,0.02365961756254572,0.11481719050673508,0.8463356973995272,0.20220276757977973,20209,5520,130,716,1539600.0,23465.663217309502
0.468351019842707,0.8950017489991838,0.022482799041510182,0.02377568841478305,0.1150812811846129,0.8451536643026005,0.20257826887661143,20231,5498,131,715,1539840.0,23379.115710254
0.468351019842707,0.8950017489991838,0.022482799041510182,0.023920780156799864,0.11518578352180937,0.8427895981087471,0.20267197271176804,20252,5477,133,713,1544460.0,23292.568203198494
0.468351019842707,0.8950017489991838,0.022482799041510182,0.02402782268803415,0.11561537214204638,0.8427895981087471,0.20333666048766577,20275,5454,133,713,1540320.0,23206.020696142994
0.468351019842707,0.8950017489991838,0.022482799041510182,0.0241522784968371,0.11586655817737998,0.8416075650118203,0.20369045916177944,20296,5433,134,712,1540740.0,23123.236124176856
0.468351019842707,0.8950017489991838,0.022482799041510182,0.02422707862904888,0.11613851682456713,0.8404255319148937,0.20407577497129736,20318,5411,135,711,1540980.0,23036.688617121352
0.468351019842707,0.8950017489991838,0.022482799041510182,0.024333491148886423,0.11657648794884408,0.8404255319148937,0.20475161987041038,20341,5388,135,711,1536840.0,22950.14111006585
0.468351019842707,0.8950017489991838,0.022482799041510182,0.024435160940445236,0.11701777485187624,0.8404255319148937,0.20543195608205722,20364,5365,135,711,1532700.0,22863.593603010348
0.468351019842707,0.8950017489991838,0.022482799041510182,0.024523916612264503,0.1174624153312407,0.8404255319148937,0.20611682852587332,20387,5342,135,711,1528560.0,22777.046095954844
0.468351019842707,0.8950017489991838,0.022482799041510182,0.024688381225401585,0.11755927706847952,0.8380614657210402,0.2061945615820852,20407,5322,137,709,1533360.0,22694.261523988713
0.468351019842707,0.8950017489991838,0.022482799041510182,0.024816940932914044,0.11784287616511319,0.8368794326241135,0.20659468923256494,20429,5300,138,708,1533600.0,22607.71401693321
0.468351019842707,0.8950017489991838,0.022482799041510182,0.02497755492766359,0.11829573934837093,0.8368794326241135,0.207290294246816,20452,5277,138,708,1529460.0,22521.166509877705
0.468351019842707,0.8950017489991838,0.022482799041510182,0.02511787875552663,0.11858436766185844,0.8356973995271868,0.20769682726204466,20474,5255,139,707,1529700.0,22434.6190028222
0.468351019842707,0.8950017489991838,0.022482799041510182,0.025253831212694977,0.11902356902356902,0.8356973995271868,0.20837017388741527,20496,5233,139,707,1525740.0,22351.83443085607
0.468351019842707,0.8950017489991838,0.022482799041510182,0.025325653278634893,0.11931722156498226,0.83451536643026,0.2087830844299867,20518,5211,140,706,1525980.0,22265.286923800566
0.468351019842707,0.8950017489991838,0.022482799041510182,0.02543294118259913,0.11978282999660672,0.83451536643026,0.20949554896142433,20541,5188,140,706,1521840.0,22178.739416745062
0.468351019842707,0.8950017489991838,0.022482799041510182,0.02557046344087111,0.1202520865269971,0.83451536643026,0.21021289266041387,20564,5165,140,706,1517700.0,22092.191909689558
0.468351019842707,0.8950017489991838,0.022482799041510182,0.025670917371095333,0.1207250341997264,0.83451536643026,0.21093516582013744,20587,5142,140,706,1513560.0,22005.644402634054
0.468351019842707,0.8950017489991838,0.022482799041510182,0.02575133605383419,0.12083762444215586,0.8321513002364066,0.21103117505995203,20607,5122,142,704,1518360.0,21922.85983066792
0.468351019842707,0.8950017489991838,0.022482799041510182,0.02586002894802164,0.12131656039979322,0.8321513002364066,0.2117611670927959,20630,5099,142,704,1514220.0,21836.312323612416
0.468351019842707,0.8950017489991838,0.022482799041510182,0.02596983551761703,0.12179930795847752,0.8321513002364066,0.2124962269846061,20653,5076,142,704,1510080.0,21749.764816556915
0.468351019842707,0.8950017489991838,0.022482799041510182,0.02605560260451355,0.12228591280180649,0.8321513002364066,0.21323640769347266,20676,5053,142,704,1505940.0,21663.21730950141
0.468351019842707,0.8950017489991838,0.022482799041510182,0.026184236015392243,0.122602023020579,0.8309692671394799,0.21367781155015197,20698,5031,143,703,1506180.0,21576.669802445907
0.468351019842707,0.8950017489991838,0.022482799041510182,0.02629996845862462,0.12289915966386554,0.8297872340425532,0.2140896614821592,20719,5010,144,702,1506600.0,21493.885230479773
0.468351019842707,0.8950017489991838,0.022482799041510182,0.026398308472239444,0.12339602742133943,0.8297872340425532,0.21484315225707729,20742,4987,144,702,1502460.0,21407.337723424273
0.468351019842707,0.8950017489991838,0.022482799041510182,0.026537895987161504,0.12354394634662902,0.8274231678486997,0.214987714987715,20763,4966,146,700,1507080.0,21320.79021636877
0.468351019842707,0.8950017489991838,0.022482799041510182,0.02670348889241508,0.1238702817650186,0.8262411347517731,0.2154415164123902,20785,4944,147,699,1507320.0,21234.242709313265
0.468351019842707,0.8950017489991838,0.022482799041510182,0.026847500262040636,0.12419928825622775,0.8250591016548463,0.2158985462418806,20807,4922,148,698,1507560.0,21147.69520225776
0.468351019842707,0.8950017489991838,0.022482799041510182,0.027029337814453026,0.12433011789924973,0.8226950354609929,0.21601489757914338,20827,4902,150,696,1512360.0,21064.910630291626
0.468351019842707,0.8950017489991838,0.022482799041510182,0.027145014802914015,0.12448430493273542,0.8203309692671394,0.21616570627628096,20848,4881,152,694,1516980.0,20978.363123236122
0.468351019842707,0.8950017489991838,0.022482799041510182,0.02729263583655643,0.12463976945244956,0.817966903073286,0.21631759924976554,20869,4860,154,692,1521600.0,20891.815616180622
0.468351019842707,0.8950017489991838,0.022482799041510182,0.027460480701420292,0.12497739193344186,0.8167848699763594,0.2167843137254902,20891,4838,155,691,1521840.0,20805.268109125118
0.468351019842707,0.8950017489991838,0.022482799041510182,0.02755752350429413,0.1251362150381402,0.8144208037825059,0.2169395465994962,20912,4817,157,689,1526460.0,20718.720602069614
0.468351019842707,0.8950017489991838,0.022482799041510182,0.027673433807735025,0.12563822027716995,0.8144208037825059,0.21769352290679306,20934,4795,157,689,1522500.0,20635.93603010348
0.468351019842707,0.8950017489991838,0.022482799041510182,0.027818899607707788,0.12598425196850394,0.8132387706855791,0.21817028698271762,20956,4773,158,688,1522740.0,20549.388523047975
0.468351019842707,0.8950017489991838,0.022482799041510182,0.027946969404184663,0.1265171018756896,0.8132387706855791,0.218968809675366,20979,4750,158,688,1518600.0,20462.841015992475
0.468351019842707,0.8950017489991838,0.022482799041510182,0.028105870592141383,0.1270544783010157,0.8132387706855791,0.21977319916946175,21002,4727,158,688,1514460.0,20376.29350893697
0.468351019842707,0.8950017489991838,0.022482799041510182,0.028201964875758913,0.1275727795290191,0.8132387706855791,0.2205481647699952,21024,4705,158,688,1510500.0,20293.508936970837
0.468351019842707,0.8950017489991838,0.022482799041510182,0.028317519353285497,0.12737430167597766,0.8085106382978723,0.22007722007722008,21043,4686,162,684,1523880.0,20206.961429915336
0.468351019842707,0.8950017489991838,0.022482799041510182,0.028435601490019693,0.12773517860482514,0.8073286052009456,0.22057161311157758,21065,4664,163,683,1524120.0,20120.413922859832
0.468351019842707,0.8950017489991838,0.022482799041510182,0.02858327363549552,0.1282870022539444,0.8073286052009456,0.22139384116693678,21088,4641,163,683,1519980.0,20033.86641580433
0.468351019842707,0.8950017489991838,0.022482799041510182,0.028760047023012898,0.12884361441237502,0.8073286052009456,0.2222222222222222,21111,4618,163,683,1515840.0,19947.318908748824
0.468351019842707,0.8950017489991838,0.022482799041510182,0.028938879528538058,0.12938056450085245,0.8073286052009456,0.2230204081632653,21133,4596,163,683,1511880.0,19864.53433678269
0.468351019842707,0.8950017489991838,0.022482799041510182,0.029078630833794267,0.1297564687975647,0.806146572104019,0.2235332677810554,21155,4574,164,682,1512120.0,19777.986829727186
0.468351019842707,0.8950017489991838,0.022482799041510182,0.029241190002383892,0.13013567743168356,0.8049645390070922,0.224050008225037,21177,4552,165,681,1512360.0,19691.439322671682
0.468351019842707,0.8950017489991838,0.022482799041510182,0.029400632046303183,0.1307101727447217,0.8049645390070922,0.22490092470277412,21200,4529,165,681,1508220.0,19604.891815616178
0.468351019842707,0.8950017489991838,0.022482799041510182,0.02956497498361804,0.13109697320223637,0.8037825059101655,0.22542681916127963,21222,4507,166,680,1508460.0,19518.344308560678
0.468351019842707,0.8950017489991838,0.022482799041510182,0.029740406911127122,0.13165537270087124,0.8037825059101655,0.22625187156879056,21244,4485,166,680,1504500.0,19435.559736594543
0.468351019842707,0.8950017489991838,0.022482799041510182,0.029910196934258504,0.13224426293271102,0.8037825059101655,0.22712090848363392,21267,4462,166,680,1500360.0,19349.01222953904
0.468351019842707,0.8950017489991838,0.022482799041510182,0.03004456852479514,0.13264309435436608,0.8026004728132388,0.22766135792120704,21289,4440,167,679,1500600.0,19262.46472248354
0.468351019842707,0.8950017489991838,0.022482799041510182,0.03020387715459797,0.13304552590266877,0.8014184397163121,0.2282059912487378,21311,4418,168,678,1500840.0,19175.917215428035
0.468351019842707,0.8950017489991838,0.022482799041510182,0.030393200164759233,0.1336487285629805,0.8014184397163121,0.2290927521540801,21334,4395,168,678,1496700.0,19089.36970837253
0.468351019842707,0.8950017489991838,0.022482799041510182,0.03059486980407186,0.13423084537715305,0.8014184397163121,0.22994743089706632,21356,4373,168,678,1492740.0,19006.585136406396
0.468351019842707,0.8950017489991838,0.022482799041510182,0.030768776015474526,0.13484486873508353,0.8014184397163121,0.23084780388151174,21379,4350,168,678,1488600.0,18920.037629350893
0.468351019842707,0.8950017489991838,0.022482799041510182,0.031024678400826025,0.13526473526473526,0.8002364066193853,0.23141343360109384,21401,4328,169,677,1488840.0,18833.490122295392
0.468351019842707,0.8950017489991838,0.022482799041510182,0.031180247455576057,0.13588920112404657,0.8002364066193853,0.23232669869595057,21424,4305,169,677,1484700.0,18746.94261523989
0.468351019842707,0.8950017489991838,0.022482799041510182,0.03130913482209398,0.13631780600927607,0.7990543735224587,0.23290267011197244,21446,4283,170,676,1484940.0,18660.395108184384
0.468351019842707,0.8950017489991838,0.022482799041510182,0.0314945001685455,0.13672270609681994,0.7978723404255319,0.23344284973197302,21467,4262,171,675,1485360.0,18577.61053621825
0.468351019842707,0.8950017489991838,0.022482799041510182,0.0316449709154245,0.13736263736263737,0.7978723404255319,0.234375,21490,4239,171,675,1481220.0,18491.063029162746
0.468351019842707,0.8950017489991838,0.022482799041510182,0.031775186311005434,0.13739521570231036,0.7943262411347518,0.23426878159316716,21510,4219,174,672,1490220.0,18404.515522107242
0.468351019842707,0.8950017489991838,0.022482799041510182,0.03197349814980659,0.13763352506162696,0.7919621749408984,0.2345117255862793,21531,4198,176,670,1494840.0,18317.96801505174
0.468351019842707,0.8950017489991838,0.022482799041510182,0.03215845073001056,0.13805200165084605,0.7907801418439716,0.23506676036542515,21552,4177,177,669,1495260.0,18235.183443085607
0.468351019842707,0.8950017489991838,0.022482799041510182,0.032374745435120526,0.13850300642753474,0.789598108747045,0.23566766625507143,21574,4155,178,668,1495500.0,18148.635936030103
0.468351019842707,0.8950017489991838,0.022482799041510182,0.032588882421831965,0.13895833333333332,0.7884160756501182,0.23627346794190576,21596,4133,179,667,1495740.0,18062.088428974603
0.468351019842707,0.8950017489991838,0.022482799041510182,0.03282217415709836,0.13941804479799036,0.7872340425531915,0.23688422550240085,21618,4111,180,666,1495980.0,17975.5409219191
0.468351019842707,0.8950017489991838,0.022482799041510182,0.03303083809370248,0.13967185527976442,0.7848699763593381,0.23714285714285716,21639,4090,182,664,1500600.0,17888.993414863595
0.468351019842707,0.8950017489991838,0.022482799041510182,0.03321542411389573,0.1401098901098901,0.7836879432624113,0.2377196127644317,21660,4069,183,663,1501020.0,17806.20884289746
0.468351019842707,0.8950017489991838,0.022482799041510182,0.033420497330727675,0.14058186451475896,0.7825059101654847,0.23834383438343834,21682,4047,184,662,1501260.0,17719.661335841956
0.468351019842707,0.8950017489991838,0.022482799041510182,0.03361882900918457,0.14127187366623986,0.7825059101654847,0.2393347794649313,21705,4024,184,662,1497120.0,17633.113828786452
0.468351019842707,0.8950017489991838,0.022482799041510182,0.03392695374980668,0.141754235470727,0.7813238770685579,0.23997095661644582,21727,4002,185,661,1497360.0,17546.56632173095
0.468351019842707,0.8950017489991838,0.022482799041510182,0.03415140307971558,0.14202586206896553,0.7789598108747045,0.24024790375501276,21748,3981,187,659,1501980.0,17460.018814675444
0.468351019842707,0.8950017489991838,0.022482799041510182,0.03437892107040728,0.14270246860112604,0.7789598108747045,0.24121522693997072,21770,3959,187,659,1498020.0,17377.234242709314
0.468351019842707,0.8950017489991838,0.022482799041510182,0.03461627046310954,0.14341675734494017,0.7789598108747045,0.24223488329351223,21793,3936,187,659,1493880.0,17290.68673565381
0.468351019842707,0.8950017489991838,0.022482799041510182,0.03476916618846423,0.1437007874015748,0.776595744680851,0.2425249169435216,21814,3915,189,657,1498500.0,17204.139228598306
0.468351019842707,0.8950017489991838,0.022482799041510182,0.034987189998178236,0.14398768960211036,0.7742316784869976,0.2428174235403151,21835,3894,191,655,1503120.0,17117.591721542805
0.468351019842707,0.8950017489991838,0.022482799041510182,0.035206164834368225,0.1444984533804684,0.7730496453900709,0.24348473566641846,21857,3872,192,654,1503360.0,17031.0442144873
0.468351019842707,0.8950017489991838,0.022482799041510182,0.03541960848281473,0.14520426287744229,0.7730496453900709,0.2444859813084112,21879,3850,192,654,1499400.0,16948.259642521167
0.468351019842707,0.8950017489991838,0.022482799041510182,0.0356811610082363,0.14572640035706316,0.7718676122931442,0.24516613478505725,21901,3828,193,653,1499640.0,16861.712135465663
0.468351019842707,0.8950017489991838,0.022482799041510182,0.03591632352319818,0.14625392552714223,0.7706855791962175,0.2458521870286576,21923,3806,194,652,1499880.0,16775.164628410163
0.468351019842707,0.8950017489991838,0.022482799041510182,0.03620880711749733,0.14656144306651633,0.7683215130023641,0.24616549895853057,21944,3785,196,650,1504500.0,16688.61712135466
0.468351019842707,0.8950017489991838,0.022482799041510182,0.03644385191795174,0.14729209154769998,0.7683215130023641,0.2471952842745769,21966,3763,196,650,1500540.0,16605.83254938852
0.468351019842707,0.8950017489991838,0.022482799041510182,0.03665473083940468,0.14738041002277905,0.764775413711584,0.247135217723453,21986,3743,199,647,1509540.0,16519.28504233302
0.468351019842707,0.8950017489991838,0.022482799041510182,0.03695083437119662,0.1476986489580948,0.7624113475177305,0.2474582773834644,22007,3722,201,645,1514160.0,16432.737535277516
0.468351019842707,0.8950017489991838,0.022482799041510182,0.03722012230540456,0.1484806629834254,0.7624113475177305,0.24855491329479767,22030,3699,201,645,1510020.0,16346.190028222012
0.468351019842707,0.8950017489991838,0.022482799041510182,0.03750721577060437,0.14927100208285118,0.7624113475177305,0.24966131217340817,22053,3676,201,645,1505880.0,16259.642521166508
0.468351019842707,0.8950017489991838,0.022482799041510182,0.03769747099272869,0.15003489183531055,0.7624113475177305,0.25072886297376096,22075,3654,201,645,1501920.0,16176.857949200377
0.468351019842707,0.8950017489991838,0.022482799041510182,0.03798169356614473,0.1508419083255379,0.7624113475177305,0.25185474424053106,22098,3631,201,645,1497780.0,16090.310442144873
0.468351019842707,0.8950017489991838,0.022482799041510182,0.0381353672730218,0.15142252527627556,0.7612293144208038,0.2525985487350461,22120,3609,202,644,1498020.0,16003.76293508937
0.468351019842707,0.8950017489991838,0.022482799041510182,0.03837567738534676,0.15177304964539007,0.7588652482269503,0.25295508274231676,22141,3588,204,642,1502640.0,15917.215428033865
0.468351019842707,0.8950017489991838,0.022482799041510182,0.03863822112922081,0.15236510577608747,0.7576832151300237,0.2537106669305363,22163,3566,205,641,1502880.0,15830.667920978363
0.468351019842707,0.8950017489991838,0.022482799041510182,0.038911384880004604,0.15292712066905614,0.7565011820330969,0.25442258000397533,22184,3545,206,640,1503300.0,15747.883349012229
0.468351019842707,0.8950017489991838,0.022482799041510182,0.03916066200301212,0.15353195579048534,0.7553191489361702,0.2551916932907348,22206,3523,207,639,1503540.0,15661.335841956725
0.468351019842707,0.8950017489991838,0.022482799041510182,0.03938198338031922,0.15390190867359266,0.7529550827423168,0.2555667001003009,22227,3502,209,637,1508160.0,15574.788334901225
0.468351019842707,0.8950017489991838,0.022482799041510182,0.03966245177451651,0.15403304178814384,0.7494089834515366,0.2555421201128577,22247,3482,212,634,1517160.0,15488.24082784572
0.468351019842707,0.8950017489991838,0.022482799041510182,0.039962363893149055,0.15465428780845344,0.74822695035461,0.2563271917392185,22269,3460,213,633,1517400.0,15401.693320790217
0.468351019842707,0.8950017489991838,0.022482799041510182,0.04020675111728105,0.15524441169245887,0.7470449172576832,0.25706731747000205,22290,3439,214,632,1517820.0,15318.908748824084
0.468351019842707,0.8950017489991838,0.022482799041510182,0.040390429017949266,0.15612648221343872,0.7470449172576832,0.25827543931344504,22313,3416,214,632,1513680.0,15232.36124176858
0.468351019842707,0.8950017489991838,0.022482799041510182,0.040658033623572135,0.15677018633540374,0.7458628841607565,0.25908437692465613,22335,3394,215,631,1513920.0,15145.813734713076
0.468351019842707,0.8950017489991838,0.022482799041510182,0.04085661060885647,0.15742128935532235,0.7446808510638298,0.2599009900990099,22357,3372,216,630,1514160.0,15059.266227657572
0.468351019842707,0.8950017489991838,0.022482799041510182,0.041091360997530815,0.15833123900477508,0.7446808510638298,0.261139896373057,22380,3349,216,630,1510020.0,14972.718720602068
0.468351019842707,0.8950017489991838,0.022482799041510182,0.041303198586760306,0.15921152388172857,0.7446808510638298,0.2623360399750156,22402,3327,216,630,1506060.0,14889.934148635935
0.468351019842707,0.8950017489991838,0.022482799041510182,0.04164011440995402,0.1601423487544484,0.7446808510638298,0.26359832635983266,22425,3304,216,630,1501920.0,14803.386641580431
0.468351019842707,0.8950017489991838,0.022482799041510182,0.04204764742457913,0.16082843262592686,0.7434988179669031,0.2644523859575363,22447,3282,217,629,1502160.0,14716.839134524927
0.468351019842707,0.8950017489991838,0.022482799041510182,0.042297951160208506,0.16152263374485595,0.7423167848699763,0.2653147444021969,22469,3260,218,628,1502400.0,14630.291627469427
0.468351019842707,0.8950017489991838,0.022482799041510182,0.04266776428541913,0.1619244697361614,0.7399527186761229,0.26570458404074704,22489,3240,220,626,1507200.0,14547.507055503293
0.468351019842707,0.8950017489991838,0.022482799041510182,0.042953644929942005,0.16263335935467083,0.7387706855791962,0.26658136063126464,22511,3218,221,625,1507440.0,14460.959548447789
0.468351019842707,0.8950017489991838,0.022482799041510182,0.043360704991408545,0.16361256544502617,0.7387706855791962,0.26789541363051866,22534,3195,221,625,1503300.0,14374.412041392286
0.468351019842707,0.8950017489991838,0.022482799041510182,0.043814485490895956,0.1646036344482486,0.7387706855791962,0.2692224854619858,22557,3172,221,625,1499160.0,14287.864534336783
0.468351019842707,0.8950017489991838,0.022482799041510182,0.04420409464443989,0.16534181240063592,0.7375886524822695,0.2701298701298701,22579,3150,222,624,1499400.0,14201.317027281279
0.468351019842707,0.8950017489991838,0.022482799041510182,0.04454214157166782,0.16631130063965885,0.7375886524822695,0.2714223575467595,22601,3128,222,624,1495440.0,14118.532455315148
0.468351019842707,0.8950017489991838,0.022482799041510182,0.044982367610049444,0.16680075087154733,0.735224586288416,0.2719125683060109,22622,3107,224,622,1500060.0,14031.984948259644
0.468351019842707,0.8950017489991838,0.022482799041510182,0.045269722188898395,0.1675661090124123,0.7340425531914894,0.2728471001757469,22644,3085,225,621,1500300.0,13945.43744120414
0.468351019842707,0.8950017489991838,0.022482799041510182,0.04566940229089878,0.16752647298398046,0.7293144208037825,0.27246632810775007,22663,3066,229,617,1513680.0,13858.889934148636
0.468351019842707,0.8950017489991838,0.022482799041510182,0.04597481963418016,0.16830601092896175,0.7281323877068558,0.2734132268086995,22685,3044,230,616,1513920.0,13772.342427093132
0.468351019842707,0.8950017489991838,0.022482799041510182,0.04635212925119932,0.16904892798240792,0.7269503546099291,0.27430865298840323,22706,3023,231,615,1514340.0,13689.557855127
0.468351019842707,0.8950017489991838,0.022482799041510182,0.04688675195011405,0.1698478561549101,0.7257683215130024,0.2752746021071509,22728,3001,232,614,1514580.0,13603.010348071495
0.468351019842707,0.8950017489991838,0.022482799041510182,0.04709770090325537,0.17010022271714922,0.7222222222222222,0.27534925642181163,22748,2981,235,611,1523580.0,13516.462841015991
0.468351019842707,0.8950017489991838,0.022482799041510182,0.047376692629280695,0.17119641356122164,0.7222222222222222,0.2767836919592299,22771,2958,235,611,1519440.0,13429.91533396049
0.468351019842707,0.8950017489991838,0.022482799041510182,0.047708690851839326,0.17230682459108856,0.7222222222222222,0.27823315118397085,22794,2935,235,611,1515300.0,13343.367826904987
0.468351019842707,0.8950017489991838,0.022482799041510182,0.0480619907683758,0.17309875141884223,0.7210401891252955,0.2791762013729977,22815,2914,236,610,1515720.0,13260.58325493885
0.468351019842707,0.8950017489991838,0.022482799041510182,0.04841265956474752,0.17395029991431019,0.7198581560283688,0.28019323671497587,22837,2892,237,609,1515960.0,13174.03574788335
0.468351019842707,0.8950017489991838,0.022482799041510182,0.04880041564004516,0.17452558941920643,0.7174940898345153,0.2807585568917669,22858,2871,239,607,1520580.0,13087.488240827846
0.468351019842707,0.8950017489991838,0.022482799041510182,0.04916620156813379,0.17481910274963822,0.7139479905437353,0.28086491513601486,22878,2851,242,604,1529580.0,13000.940733772342
0.468351019842707,0.8950017489991838,0.022482799041510182,0.04953619208940746,0.1754079254079254,0.7115839243498818,0.281439925198691,22899,2830,244,602,1534200.0,12914.393226716838
0.468351019842707,0.8950017489991838,0.022482799041510182,0.049917206791187184,0.17595307917888564,0.7092198581560284,0.2819548872180451,22919,2810,246,600,1539000.0,12831.608654750706
0.468351019842707,0.8950017489991838,0.022482799041510182,0.05042881426526952,0.1771479185119575,0.7092198581560284,0.28348688873139616,22942,2787,246,600,1534860.0,12745.061147695202
0.468351019842707,0.8950017489991838,0.022482799041510182,0.050944173988949515,0.17806183115338883,0.7080378250591016,0.2845605700712589,22964,2765,247,599,1535100.0,12658.513640639698
0.468351019842707,0.8950017489991838,0.022482799041510182,0.051421804186232344,0.1792876384316073,0.7080378250591016,0.2861237162646286,22987,2742,247,599,1530960.0,12571.966133584196
0.468351019842707,0.8950017489991838,0.022482799041510182,0.051808113317380916,0.17927086471828865,0.7033096926713948,0.2857142857142857,23005,2724,251,595,1544520.0,12489.181561618063
0.468351019842707,0.8950017489991838,0.022482799041510182,0.05220150134247757,0.18021844660194175,0.7021276595744681,0.28681796233703527,23027,2702,252,594,1544760.0,12402.634054562559
0.468351019842707,0.8950017489991838,0.022482799041510182,0.05257204296485379,0.18056828597616864,0.6985815602836879,0.2869628550619082,23047,2682,255,591,1553760.0,12316.086547507057
0.468351019842707,0.8950017489991838,0.022482799041510182,0.05294564899581793,0.18184615384615385,0.6985815602836879,0.28857421875,23070,2659,255,591,1549620.0,12229.539040451553
0.468351019842707,0.8950017489991838,0.022482799041510182,0.05341398057342564,0.1831422373721723,0.6985815602836879,0.29020378099680827,23093,2636,255,591,1545480.0,12142.991533396049
0.468351019842707,0.8950017489991838,0.022482799041510182,0.05385938751447528,0.18377535101404055,0.6962174940898345,0.2907923969390274,23113,2616,257,589,1550280.0,12060.206961429916
0.468351019842707,0.8950017489991838,0.022482799041510182,0.0544073921560634,0.18384663733500942,0.6914893617021277,0.29046673286991065,23132,2597,261,585,1563660.0,11973.659454374412
0.468351019842707,0.8950017489991838,0.022482799041510182,0.05499842172460514,0.18486862931307377,0.6903073286052009,0.2916354556803995,23154,2575,262,584,1563900.0,11887.111947318908
0.468351019842707,0.8950017489991838,0.022482799041510182,0.05535895760241278,0.18622448979591838,0.6903073286052009,0.2933199397287795,23177,2552,262,584,1559760.0,11800.564440263406
0.468351019842707,0.8950017489991838,0.022482799041510182,0.05583384418578411,0.18695791840668166,0.6879432624113475,0.29401363980803236,23198,2531,264,582,1564380.0,11714.016933207902
0.468351019842707,0.8950017489991838,0.022482799041510182,0.05629678816731326,0.18796505985118084,0.6867612293144209,0.2951485902971806,23219,2510,265,581,1564800.0,11631.232361241768
0.468351019842707,0.8950017489991838,0.022482799041510182,0.056836767869532595,0.18839634941329855,0.6832151300236406,0.29535002554931017,23239,2490,268,578,1573800.0,11544.684854186266
0.468351019842707,0.8950017489991838,0.022482799041510182,0.057432593011488474,0.1891625615763547,0.6808510638297872,0.29606784888203547,23260,2469,270,576,1578420.0,11458.137347130762
0.468351019842707,0.8950017489991838,0.022482799041510182,0.058066597218466555,0.1899404367968233,0.6784869976359338,0.296794208893485,23281,2448,272,574,1583040.0,11371.58984007526
0.468351019842707,0.8950017489991838,0.022482799041510182,0.058550351235414584,0.19006335445148384,0.6737588652482269,0.2964889466840052,23300,2429,276,570,1596420.0,11285.042333019755
0.468351019842707,0.8950017489991838,0.022482799041510182,0.05899484737964639,0.19146792072556265,0.6737588652482269,0.29819513471096,23322,2407,276,570,1592460.0,11202.257761053621
0.468351019842707,0.8950017489991838,0.022482799041510182,0.05941586848814859,0.1929587000677048,0.6737588652482269,0.3,23345,2384,276,570,1588320.0,11115.710253998117
0.468351019842707,0.8950017489991838,0.022482799041510182,0.059836623039296016,0.19379051518253157,0.6713947990543735,0.3007678051363516,23366,2363,278,568,1592940.0,11029.162746942615
0.468351019842707,0.8950017489991838,0.022482799041510182,0.0603410369226137,0.1953232462173315,0.6713947990543735,0.30261054874800214,23389,2340,278,568,1588800.0,10942.61523988711
0.468351019842707,0.8950017489991838,0.022482799041510182,0.06093693401286972,0.19688041594454073,0.6713947990543735,0.304476011793085,23412,2317,278,568,1584660.0,10856.067732831609
0.468351019842707,0.8950017489991838,0.022482799041510182,0.061425112456164936,0.1980440097799511,0.6702127659574468,0.3057427878134268,23433,2296,279,567,1585080.0,10773.283160865476
0.468351019842707,0.8950017489991838,0.022482799041510182,0.0618447057142546,0.198943661971831,0.6678486997635934,0.30656538252848614,23454,2275,281,565,1589700.0,10686.735653809972
0.468351019842707,0.8950017489991838,0.022482799041510182,0.06240170857032687,0.20021299254526093,0.6666666666666666,0.30794430794430794,23476,2253,282,564,1589940.0,10600.188146754468
0.468351019842707,0.8950017489991838,0.022482799041510182,0.06287209685491127,0.20114531138153185,0.6643026004728132,0.3087912087912088,23497,2232,284,562,1594560.0,10513.640639698966
0.468351019842707,0.8950017489991838,0.022482799041510182,0.06343260819555642,0.20238095238095238,0.6631205673758865,0.3101160862354892,23518,2211,285,561,1594980.0,10430.856067732831
0.468351019842707,0.8950017489991838,0.022482799041510182,0.06416933416643483,0.20407420880320115,0.6631205673758865,0.3121001390820584,23541,2188,285,561,1590840.0,10344.30856067733
0.468351019842707,0.8950017489991838,0.022482799041510182,0.06460266012547912,0.2057960381511372,0.6631205673758865,0.3141097424412094,23564,2165,285,561,1586700.0,10257.761053621825
0.468351019842707,0.8950017489991838,0.022482799041510182,0.06517549056091967,0.20643729189789123,0.6595744680851063,0.3144547759932375,23584,2145,288,558,1595700.0,10171.213546566321
0.468351019842707,0.8950017489991838,0.022482799041510182,0.06583650950103029,0.20783582089552238,0.6583924349881797,0.3159387407827567,23606,2123,289,557,1595940.0,10084.66603951082
0.468351019842707,0.8950017489991838,0.022482799041510182,0.06659016755289357,0.208803611738149,0.6560283687943262,0.3167808219178082,23626,2103,291,555,1600740.0,10001.881467544685
0.468351019842707,0.8950017489991838,0.022482799041510182,0.06724444680500385,0.20986717267552182,0.6536643026004728,0.31772479172651535,23647,2082,293,553,1605360.0,9915.33396048918
0.468351019842707,0.8950017489991838,0.022482799041510182,0.06793281782741989,0.2113323124042879,0.6524822695035462,0.3192596876807403,23669,2060,294,552,1605600.0,9828.786453433679
0.468351019842707,0.8950017489991838,0.022482799041510182,0.0688854772757834,0.21205098493626884,0.648936170212766,0.31965065502183404,23689,2040,297,549,1614600.0,9742.238946378175
0.468351019842707,0.8950017489991838,0.022482799041510182,0.06949583559585683,0.21239282930631334,0.6442080378250591,0.3194607268464244,23708,2021,301,545,1627980.0,9655.691439322673
0.468351019842707,0.8950017489991838,0.022482799041510182,0.07050029393780861,0.2134433962264151,0.6418439716312057,0.32035398230088497,23728,2001,303,543,1632780.0,9572.906867356538
0.468351019842707,0.8950017489991838,0.022482799041510182,0.07141566113249549,0.21459738199127332,0.6394799054373522,0.32135432135432135,23749,1980,305,541,1637400.0,9486.359360301034
0.468351019842707,0.8950017489991838,0.022482799041510182,0.07231960560152262,0.2153722978382706,0.6359338061465721,0.32177033492822965,23769,1960,308,538,1646400.0,9399.811853245532
0.468351019842707,0.8950017489991838,0.022482799041510182,0.072878602962976,0.21737373737373739,0.6359338061465721,0.32399879554351096,23792,1937,308,538,1642260.0,9313.264346190028
0.468351019842707,0.8950017489991838,0.022482799041510182,0.07342001810451611,0.21859706362153344,0.6335697399527187,0.32504548211036993,23813,1916,310,536,1646880.0,9226.716839134524
0.468351019842707,0.8950017489991838,0.022482799041510182,0.07412909324450728,0.21975308641975308,0.6312056737588653,0.326007326007326,23833,1896,312,534,1651680.0,9143.932267168391
0.468351019842707,0.8950017489991838,0.022482799041510182,0.07480573989408298,0.2214374740340673,0.6300236406619385,0.32769750999077774,23855,1874,313,533,1651920.0,9057.384760112887
0.468351019842707,0.8950017489991838,0.022482799041510182,0.07595152000107432,0.22273489932885907,0.6276595744680851,0.3287925696594427,23876,1853,315,531,1656540.0,8970.837253057385
0.468351019842707,0.8950017489991838,0.022482799041510182,0.07659107654648083,0.22448115205421432,0.6264775413711584,0.33052697224820704,23898,1831,316,530,1656780.0,8884.289746001881
0.468351019842707,0.8950017489991838,0.022482799041510182,0.07726377299538878,0.2262617621899059,0.6252955082742316,0.332286432160804,23920,1809,317,529,1657020.0,8797.742238946377
0.468351019842707,0.8950017489991838,0.022482799041510182,0.07812040589541411,0.22797927461139897,0.624113475177305,0.33396584440227706,23941,1788,318,528,1657440.0,8714.957666980245
0.468351019842707,0.8950017489991838,0.022482799041510182,0.07925234707883745,0.23026602703881377,0.624113475177305,0.3364128703408729,23964,1765,318,528,1653300.0,8628.410159924742
0.468351019842707,0.8950017489991838,0.022482799041510182,0.08008912836386076,0.23215859030837005,0.6229314420803782,0.33825417201540436,23986,1743,319,527,1653540.0,8541.862652869238
0.468351019842707,0.8950017489991838,0.022482799041510182,0.08068410087551452,0.2340898976412995,0.6217494089834515,0.34012285806660203,24008,1721,320,526,1653780.0,8455.315145813734
0.468351019842707,0.8950017489991838,0.022482799041510182,0.08189721196445929,0.2350561797752809,0.6182033096926713,0.34060566590687075,24027,1702,323,523,1662960.0,8372.530573847602
0.468351019842707,0.8950017489991838,0.022482799041510182,0.08289928957264929,0.23751135331516804,0.6182033096926713,0.3431758530183727,24050,1679,323,523,1658820.0,8285.983066792098
0.468351019842707,0.8950017489991838,0.022482799041510182,0.08362007606114757,0.23955943093162002,0.6170212765957447,0.34512396694214875,24072,1657,324,522,1659060.0,8199.435559736594
0.468351019842707,0.8950017489991838,0.022482799041510182,0.08441658094818118,0.24118738404452691,0.6146572104018913,0.346435709526982,24093,1636,326,520,1663680.0,8112.888052681092
0.468351019842707,0.8950017489991838,0.022482799041510182,0.0854381077088836,0.24331926863572434,0.6134751773049646,0.34843907351460224,24115,1614,327,519,1663920.0,8026.340545625588
0.468351019842707,0.8950017489991838,0.022482799041510182,0.08649693837944133,0.2444339175746092,0.6099290780141844,0.34900236726411904,24134,1595,330,516,1673100.0,7943.555973659454
0.468351019842707,0.8950017489991838,0.022482799041510182,0.08721926399456975,0.24664750957854406,0.6087470449172577,0.3510565780504431,24156,1573,331,515,1673340.0,7857.008466603951
0.468351019842707,0.8950017489991838,0.022482799041510182,0.08839688476028972,0.24842615012106536,0.6063829787234043,0.3524562006183442,24177,1552,333,513,1677960.0,7770.460959548447
0.468351019842707,0.8950017489991838,0.022482799041510182,0.08980110221505135,0.2507345739471107,0.6052009456264775,0.3545706371191136,24199,1530,334,512,1678200.0,7683.913452492945
0.468351019842707,0.8950017489991838,0.022482799041510182,0.0911999298387841,0.2530955918771669,0.6040189125295509,0.3567190226876091,24221,1508,335,511,1678440.0,7597.365945437441
0.468351019842707,0.8950017489991838,0.022482799041510182,0.09270885288787396,0.2548823234852278,0.6016548463356974,0.3580724586704186,24241,1488,337,509,1683240.0,7514.581373471307
0.468351019842707,0.8950017489991838,0.022482799041510182,0.0935304225182981,0.2563323201621074,0.5981087470449172,0.3588652482269504,24261,1468,340,506,1692240.0,7428.033866415805
0.468351019842707,0.8950017489991838,0.022482799041510182,0.094648123202618,0.2593541773449513,0.5981087470449172,0.36181623167679655,24284,1445,340,506,1688100.0,7341.486359360301
0.468351019842707,0.8950017489991838,0.022482799041510182,0.09576819219065914,0.2619294605809129,0.5969267139479906,0.36409516943042536,24306,1423,341,505,1688340.0,7254.938852304797
0.468351019842707,0.8950017489991838,0.022482799041510182,0.09658516195172699,0.26456692913385826,0.5957446808510638,0.366412213740458,24328,1401,342,504,1688580.0,7168.391345249295
0.468351019842707,0.8950017489991838,0.022482799041510182,0.09790599140559422,0.2665958576739246,0.5933806146572104,0.3679003297911323,24348,1381,344,502,1693380.0,7085.606773283161
0.468351019842707,0.8950017489991838,0.022482799041510182,0.09936912702761935,0.2698924731182796,0.5933806146572104,0.37102734663710274,24371,1358,344,502,1689240.0,6999.059266227657
0.468351019842707,0.8950017489991838,0.022482799041510182,0.10036669242597329,0.2721829069134458,0.5910165484633569,0.37271710771524413,24392,1337,346,500,1693860.0,6912.511759172155
0.468351019842707,0.8950017489991838,0.022482799041510182,0.10165039912603346,0.27398015435501655,0.5874704491725768,0.3736842105263158,24412,1317,349,497,1702860.0,6825.964252116651
0.468351019842707,0.8950017489991838,0.022482799041510182,0.10293335038564418,0.2767857142857143,0.5862884160756501,0.37604245640636846,24433,1296,350,496,1703280.0,6743.179680150517
0.468351019842707,0.8950017489991838,0.022482799041510182,0.10445125876639186,0.2792538157150933,0.5839243498817966,0.37782026768642446,24454,1275,352,494,1707900.0,6656.632173095015
0.468351019842707,0.8950017489991838,0.022482799041510182,0.10626631018799725,0.2806414662084765,0.5791962174940898,0.37808641975308643,24473,1256,356,490,1721280.0,6570.084666039511
0.468351019842707,0.8950017489991838,0.022482799041510182,0.10749690602506465,0.2843876958792803,0.5791962174940898,0.3814713896457766,24496,1233,356,490,1717140.0,6483.537158984007
0.468351019842707,0.8950017489991838,0.022482799041510182,0.10873223029561757,0.28823529411764703,0.5791962174940898,0.384917517674784,24519,1210,356,490,1713000.0,6396.989651928505
0.468351019842707,0.8950017489991838,0.022482799041510182,0.11089488819302114,0.2908224076281287,0.5768321513002365,0.3866877971473851,24539,1190,358,488,1717800.0,6314.20507996237
0.468351019842707,0.8950017489991838,0.022482799041510182,0.11254005829841775,0.29425981873111784,0.5756501182033097,0.38944422231107556,24561,1168,359,487,1718040.0,6227.657572906867
0.468351019842707,0.8950017489991838,0.022482799041510182,0.11445899672436993,0.2971813725490196,0.5732860520094563,0.39144471347861176,24582,1147,361,485,1722660.0,6141.110065851364
0.468351019842707,0.8950017489991838,0.022482799041510182,0.1154388291784337,0.29894344313238036,0.5685579196217494,0.3918533604887984,24601,1128,365,481,1736040.0,6054.562558795861
0.468351019842707,0.8950017489991838,0.022482799041510182,0.11712022580065302,0.30138713745271123,0.5650118203309693,0.3930921052631579,24621,1108,368,478,1745040.0,5968.015051740357
0.468351019842707,0.8950017489991838,0.022482799041510182,0.11919846116589038,0.30434782608695654,0.5626477541371159,0.3950207468879668,24641,1088,370,476,1749840.0,5885.2304797742245
0.468351019842707,0.8950017489991838,0.022482799041510182,0.1210679147058377,0.3082414016872161,0.5614657210401891,0.397989107666527,24663,1066,371,475,1750080.0,5798.6829727187205
0.468351019842707,0.8950017489991838,0.022482799041510182,0.12311912849217485,0.3129117259552042,0.5614657210401891,0.40186125211505924,24686,1043,371,475,1745940.0,5712.1354656632175
0.468351019842707,0.8950017489991838,0.022482799041510182,0.12502413793540498,0.3157190635451505,0.557919621749409,0.40324647586501494,24706,1023,374,472,1754940.0,5625.587958607714
0.468351019842707,0.8950017489991838,0.022482799041510182,0.12810834215513864,0.3186141304347826,0.5543735224586288,0.40465918895599656,24726,1003,377,469,1763940.0,5539.0404515522105
0.468351019842707,0.8950017489991838,0.022482799041510182,0.1302097174421676,0.3220689655172414,0.5520094562647754,0.406794425087108,24746,983,379,467,1768740.0,5456.255879586077
0.468351019842707,0.8950017489991838,0.022482799041510182,0.13235975591792873,0.32445690259285215,0.5472813238770685,0.40739111306643205,24765,964,383,463,1782120.0,5369.708372530574
0.468351019842707,0.8950017489991838,0.022482799041510182,0.13452314982726765,0.32905982905982906,0.5460992907801419,0.4106666666666667,24787,942,384,462,1782360.0,5283.160865475071
0.468351019842707,0.8950017489991838,0.022482799041510182,0.13734646946518603,0.33019551049963797,0.5390070921985816,0.4095195330040413,24804,925,390,456,1804500.0,5196.613358419568
0.468351019842707,0.8950017489991838,0.022482799041510182,0.1397238038288545,0.3321060382916053,0.533096926713948,0.4092558983666062,24822,907,395,451,1822260.0,5110.065851364064
0.468351019842707,0.8950017489991838,0.022482799041510182,0.1428029395436841,0.33607784431137727,0.5307328605200946,0.41154903758020167,24842,887,397,449,1827060.0,5027.281279397931
0.468351019842707,0.8950017489991838,0.022482799041510182,0.14567046502549572,0.33815689261233817,0.524822695035461,0.4113015284854099,24860,869,402,444,1844820.0,4940.733772342427
0.468351019842707,0.8950017489991838,0.022482799041510182,0.14854243317618215,0.34108527131782945,0.5200945626477541,0.41198501872659177,24879,850,406,440,1858200.0,4854.186265286924
0.468351019842707,0.8950017489991838,0.022482799041510182,0.15289853032807807,0.34490923441199683,0.516548463356974,0.41362991008045435,24899,830,409,437,1867200.0,4767.63875823142
0.468351019842707,0.8950017489991838,0.022482799041510182,0.15649172273709883,0.3493975903614458,0.5141843971631206,0.41606886657101866,24919,810,411,435,1872000.0,4684.854186265286
0.468351019842707,0.8950017489991838,0.022482799041510182,0.16119426388934396,0.35515548281505727,0.5130023640661938,0.4197292069632495,24941,788,412,434,1872240.0,4598.306679209783
0.468351019842707,0.8950017489991838,0.022482799041510182,0.16459367154565185,0.3577981651376147,0.5070921985815603,0.419559902200489,24959,770,417,429,1890000.0,4511.75917215428
0.468351019842707,0.8950017489991838,0.022482799041510182,0.16803471471372028,0.3622448979591837,0.5035460992907801,0.42136498516320475,24979,750,420,426,1899000.0,4425.211665098777
0.468351019842707,0.8950017489991838,0.022482799041510182,0.17119386966965483,0.36513443191673894,0.49763593380614657,0.4212106053026513,24997,732,425,421,1916760.0,4338.664158043274
0.468351019842707,0.8950017489991838,0.022482799041510182,0.17445186671362384,0.3687002652519894,0.4929078014184397,0.4218512898330804,25015,714,429,417,1930320.0,4255.879586077141
0.468351019842707,0.8950017489991838,0.022482799041510182,0.1777157119966914,0.37454873646209386,0.4905437352245863,0.4247697031729785,25036,693,431,415,1934940.0,4169.332079021637
0.468351019842707,0.8950017489991838,0.022482799041510182,0.18179746937497557,0.3797235023041475,0.48699763593380613,0.4267219057483169,25056,673,434,412,1943940.0,4082.784571966134
0.468351019842707,0.8950017489991838,0.022482799041510182,0.18431649899572605,0.3860640301318267,0.4846335697399527,0.429769392033543,25077,652,436,410,1948560.0,3996.23706491063
0.468351019842707,0.8950017489991838,0.022482799041510182,0.18938201075959543,0.39268527430221367,0.48226950354609927,0.43289124668435014,25098,631,438,408,1953180.0,3909.689557855127
0.468351019842707,0.8950017489991838,0.022482799041510182,0.19266780551827264,0.3992133726647001,0.4799054373522459,0.43585614600107353,25118,611,440,406,1957980.0,3826.904985888993
0.468351019842707,0.8950017489991838,0.022482799041510182,0.19744449452228643,0.40543259557344064,0.47635933806146574,0.4380434782608696,25138,591,443,403,1966980.0,3740.35747883349
0.468351019842707,0.8950017489991838,0.022482799041510182,0.2047708716476516,0.411946446961895,0.4728132387706856,0.4402861860209136,25158,571,446,400,1975980.0,3653.809971777987
0.468351019842707,0.8950017489991838,0.022482799041510182,0.2093407089895753,0.41561181434599154,0.4657210401891253,0.43924191750278707,25175,554,452,394,1998120.0,3567.2624647224834
0.468351019842707,0.8950017489991838,0.022482799041510182,0.21561103878180504,0.42162162162162165,0.46099290780141844,0.44042913608131,25194,535,456,390,2011500.0,3480.7149576669804
0.468351019842707,0.8950017489991838,0.022482799041510182,0.22146174036180116,0.4274640088593577,0.4562647754137116,0.44139508290451684,25212,517,460,386,2025060.0,3397.9303857008467
0.468351019842707,0.8950017489991838,0.022482799041510182,0.22882540632688925,0.4375,0.45508274231678486,0.4461181923522596,25234,495,461,385,2025300.0,3311.3828786453437
0.468351019842707,0.8950017489991838,0.022482799041510182,0.23711558110176606,0.4469078179696616,0.45271867612293143,0.44979448032883146,25255,474,463,383,2029920.0,3224.83537158984
0.468351019842707,0.8950017489991838,0.022482799041510182,0.2464766928349328,0.4556354916067146,0.4491725768321513,0.4523809523809524,25275,454,466,380,2038920.0,3138.2878645343367
0.468351019842707,0.8950017489991838,0.022482799041510182,0.2552650542845956,0.4648581997533909,0.44562647754137114,0.4550392275196138,25295,434,469,377,2047920.0,3051.740357478833
0.468351019842707,0.8950017489991838,0.022482799041510182,0.26554976174118555,0.47275031685678076,0.44089834515366433,0.4562691131498471,25313,416,473,373,2061480.0,2968.9557855127
0.468351019842707,0.8950017489991838,0.022482799041510182,0.27325244126893106,0.4830287206266319,0.4373522458628842,0.45905707196029777,25333,396,476,370,2070480.0,2882.4082784571965
0.468351019842707,0.8950017489991838,0.022482799041510182,0.28398601142219027,0.49125168236877526,0.4314420803782506,0.4594084329767149,25351,378,481,365,2088240.0,2795.8607714016935
0.468351019842707,0.8950017489991838,0.022482799041510182,0.2929921710044339,0.5027777777777778,0.42789598108747046,0.4623243933588761,25371,358,484,362,2097240.0,2709.31326434619
0.468351019842707,0.8950017489991838,0.022482799041510182,0.3000320262959525,0.5171919770773639,0.42671394799054374,0.4676165803108808,25392,337,485,361,2097660.0,2626.528692380057
0.468351019842707,0.8950017489991838,0.022482799041510182,0.3129355062971804,0.5303703703703704,0.4231678486997636,0.4707429322813938,25412,317,488,358,2106660.0,2539.9811853245533
0.468351019842707,0.8950017489991838,0.022482799041510182,0.32379967414540806,0.5444785276073619,0.41962174940898345,0.4739652870493992,25432,297,491,355,2115660.0,2453.43367826905
0.468351019842707,0.8950017489991838,0.022482799041510182,0.33608657333611647,0.5548489666136724,0.41252955082742315,0.4732203389830508,25449,280,497,349,2137800.0,2366.8861712135463
0.468351019842707,0.8950017489991838,0.022482799041510182,0.3460289952168357,0.5627062706270627,0.4030732860520095,0.4696969696969697,25464,265,505,341,2168700.0,2280.3386641580432
0.468351019842707,0.8950017489991838,0.022482799041510182,0.35556136823292805,0.571917808219178,0.3947990543735225,0.4671328671328671,25479,250,512,334,2195400.0,2197.55409219191
0.468351019842707,0.8950017489991838,0.022482799041510182,0.37434053853794075,0.5918003565062389,0.39243498817966904,0.47192608386638235,25500,229,514,332,2200020.0,2111.0065851364066
0.468351019842707,0.8950017489991838,0.022482799041510182,0.3919886520621038,0.6022304832713755,0.3829787234042553,0.4682080924855491,25515,214,522,324,2230920.0,2024.4590780809033
0.468351019842707,0.8950017489991838,0.022482799041510182,0.411207137319285,0.6155339805825243,0.3747044917257683,0.46583394562821456,25531,198,529,317,2257440.0,1937.9115710253998
0.468351019842707,0.8950017489991838,0.022482799041510182,0.43273760891578567,0.6280487804878049,0.36524822695035464,0.4618834080717489,25546,183,537,309,2288340.0,1851.3640639698965
0.468351019842707,0.8950017489991838,0.022482799041510182,0.4539709076016837,0.6404255319148936,0.3557919621749409,0.4574468085106383,25560,169,545,301,2319420.0,1768.579492003763
0.468351019842707,0.8950017489991838,0.022482799041510182,0.47434941933941444,0.6532438478747203,0.34515366430260047,0.45166279969064194,25574,155,554,292,2354700.0,1682.0319849482596
0.468351019842707,0.8950017489991838,0.022482799041510182,0.5076539740014451,0.6721698113207547,0.33687943262411346,0.44881889763779526,25590,139,561,285,2381220.0,1595.4844778927563
0.468351019842707,0.8950017489991838,0.022482799041510182,0.5344852291955869,0.6907730673316709,0.32742316784869974,0.4442662389735365,25605,124,569,277,2412120.0,1508.936970837253
0.468351019842707,0.8950017489991838,0.022482799041510182,0.5537718830840479,0.708994708994709,0.31678486997635935,0.43790849673202614,25619,110,578,268,2447400.0,1422.3894637817498
0.468351019842707,0.8950017489991838,0.022482799041510182,0.5823602145982313,0.7191011235955056,0.30260047281323876,0.4259567387687188,25629,100,590,256,2496000.0,1339.6048918156162
0.468351019842707,0.8950017489991838,0.022482799041510182,0.6147408699235599,0.7477477477477478,0.29432624113475175,0.4223918575063613,25645,84,597,249,2522520.0,1253.0573847601129
0.468351019842707,0.8950017489991838,0.022482799041510182,0.644983842236369,0.7677419354838709,0.28132387706855794,0.4117647058823529,25657,72,608,238,2566560.0,1166.5098777046096
0.468351019842707,0.8950017489991838,0.022482799041510182,0.6738975929635979,0.7909407665505227,0.26832151300236406,0.4007060900264784,25669,60,619,227,2610600.0,1079.9623706491063
0.468351019842707,0.8950017489991838,0.022482799041510182,0.7158444949978031,0.821969696969697,0.2565011820330969,0.390990990990991,25682,47,629,217,2650260.0,993.414863593603
0.468351019842707,0.8950017489991838,0.022482799041510182,0.7537135174070088,0.8471074380165289,0.24231678486997635,0.37683823529411764,25692,37,641,205,2698860.0,910.6302916274693
0.468351019842707,0.8950017489991838,0.022482799041510182,0.807582050973397,0.8721461187214612,0.22576832151300236,0.3586854460093897,25701,28,655,191,2756040.0,824.0827845719662
0.468351019842707,0.8950017489991838,0.022482799041510182,0.8631850748167014,0.8928571428571429,0.20685579196217493,0.33589251439539347,25708,21,671,175,2821980.0,737.5352775164629
0.468351019842707,0.8950017489991838,0.022482799041510182,0.9005184447837775,0.9248554913294798,0.18912529550827423,0.3140333660451423,25716,13,686,160,2883540.0,650.9877704609595
0.468351019842707,0.8950017489991838,0.022482799041510182,0.9326366295943508,0.9403973509933775,0.16784869976359337,0.2848545636910732,25720,9,704,142,2958420.0,568.203198494826
0.468351019842707,0.8950017489991838,0.022482799041510182,0.9565869898376805,0.953125,0.14420803782505912,0.25051334702258726,25723,6,724,122,3041880.0,481.65569143932265
0.468351019842707,0.8950017489991838,0.022482799041510182,0.9735988105338723,0.9523809523809523,0.1182033096926714,0.2103049421661409,25724,5,746,100,3134100.0,395.10818438381943
0.468351019842707,0.8950017489991838,0.022482799041510182,0.9857023259978644,0.9512195121951219,0.09219858156028368,0.16810344827586207,25725,4,768,78,3226320.0,308.5606773283161
0.468351019842707,0.8950017489991838,0.022482799041510182,0.9920348136749532,0.9491525423728814,0.06619385342789598,0.12375690607734807,25726,3,790,56,3318540.0,222.0131702728128
0.468351019842707,0.8950017489991838,0.022482799041510182,0.9962148661922237,0.918918918918919,0.04018912529550828,0.07701019252548132,25726,3,812,34,3410940.0,139.2285983066792
0.468351019842707,0.8950017489991838,0.022482799041510182,0.9980869992784563,0.9285714285714286,0.015366430260047281,0.030232558139534883,25728,1,833,13,3498780.0,52.681091251175914
