modelo,threshold,precision,recall,f1,cost_q,alertas_por_100k
A,0.00038601095999283436,0.034093474825016935,1.0,0.06593886462882095,1540080.0,100000.0
A,0.0005219527620944983,0.03418996943280878,1.0,0.06611932129173509,1535580.0,99717.76924813728
A,0.0005787728535554643,0.034267559287416316,1.0,0.06626439934174438,1531980.0,99491.9846466471
A,0.0005986322408331508,0.034287011807447774,1.0,0.06630076838638858,1531080.0,99435.53849627456
A,0.0006541035406368932,0.034384606626437435,1.0,0.06648321408915794,1526580.0,99153.30774441184
A,0.0006634599723480075,0.03440419229892914,1.0,0.06651982378854625,1525680.0,99096.86159403929
A,0.0007067268820884892,0.034482758620689655,1.0,0.06666666666666667,1522080.0,98871.07699254912
A,0.0007283004088683244,0.034541919249685464,1.0,0.06677722498618022,1519380.0,98701.73854143148
A,0.0007412917350710734,0.03458147257528913,1.0,0.06685113447703375,1517580.0,98588.84624068638
A,0.000779965005632797,0.034680753330271014,1.0,0.06703662597114317,1513080.0,98306.61548882366
A,0.0007802253801737531,0.034680753330271014,1.0,0.06703662597114317,1513080.0,98306.61548882366
A,0.0008177083615744771,0.034780605781411955,1.0,0.06722314969393434,1508580.0,98024.38473696093
A,0.0008288557886546375,0.03482472324723247,1.0,0.06730554936483174,1506600.0,97900.20320614135
A,0.0008463975173202015,0.03488103488103488,1.0,0.06741071428571428,1504080.0,97742.15398509821
A,0.0008691848362104812,0.034965844621975224,1.0,0.06756907931535967,1500300.0,97505.08015353353
A,0.0008726415071964415,0.03498204563882775,1.0,0.06759932848349189,1499580.0,97459.92323323549
A,0.000903663402430805,0.03508364312267658,1.0,0.06778900112233445,1495080.0,97177.69248137277
A,0.0009099438562907956,0.03510811439200186,1.0,0.06783468104222821,1494000.0,97109.95710092572
A,0.0009301005014361386,0.03506932308050798,0.9966887417218543,0.06775464265616207,1494960.0,96895.46172951005
A,0.0009461239836714245,0.03513481965682269,0.9966887417218543,0.06787687450670876,1492080.0,96714.8340483179
A,0.0009500909549749885,0.035171769104931055,0.9966887417218543,0.06794582392776523,1490460.0,96613.23097764733
A,0.0009754376956002297,0.03527481542247744,0.9966887417218543,0.06813808715336729,1485960.0,96331.0002257846
A,0.0009754973276195228,0.035283085218614466,0.9966887417218543,0.0681535152269897,1485600.0,96308.42176563559
A,0.0010018994262265767,0.03537846732487071,0.9966887417218543,0.06833144154370036,1481460.0,96048.76947392189
A,0.001012348752333261,0.03542843691148776,0.9966887417218543,0.06842464196408275,1479300.0,95913.29871302778
A,0.001025705660924943,0.03548273016621478,0.9966887417218543,0.06852589641434263,1476960.0,95766.53872205915
A,0.0010469987096302777,0.03557499113579955,0.9966887417218543,0.06869793449731827,1473000.0,95518.17566041996
A,0.0010474904040212339,0.03558760936391582,0.9966887417218543,0.06872146118721462,1472460.0,95484.30797019643
A,0.001074838668697281,0.03569311039962054,0.9966887417218543,0.06891814539210074,1467960.0,95202.07721833371
A,0.0010786542516665765,0.03572276287680987,0.9966887417218543,0.06897341888175985,1466700.0,95123.05260781215
A,0.0011106710450777693,0.03579923882017127,0.9966887417218543,0.06911595866819749,1463460.0,94919.84646647099
A,0.0011264101699113471,0.03587176736980098,0.9966887417218543,0.0692511215920856,1460400.0,94727.92955520433
A,0.0011315975894069493,0.035906000238578074,0.9966887417218543,0.06931491076568796,1458960.0,94637.61571460826
A,0.001150544840534265,0.036013400335008376,0.9966887417218543,0.0695150115473441,1454460.0,94355.38496274553
A,0.0011515917237482686,0.036026331538001194,0.9966887417218543,0.06953910130530205,1453920.0,94321.51727252202
A,0.001177927084620178,0.03612144485779431,0.9966887417218543,0.06971627099015633,1449960.0,94073.15421088281
A,0.0011846718866779053,0.03617788461538462,0.9966887417218543,0.06982138714915334,1447620.0,93926.3942199142
A,0.001192115218222705,0.036230139624458355,0.9966887417218543,0.06991869918699188,1445460.0,93790.9234590201
A,0.0012161469462381863,0.036330718165359085,0.9966887417218543,0.07010597414696636,1441320.0,93531.27116730639
A,0.0012180921417528077,0.03633949052275746,0.9966887417218543,0.0701223063482819,1440960.0,93508.69270715737
A,0.0012403543015750867,0.03644950351174619,0.9966887417218543,0.07032710280373833,1436460.0,93226.46195529465
A,0.0012466892140831592,0.03648484848484849,0.9966887417218543,0.07039289055191769,1435020.0,93136.14811469858
A,0.0012789877775570677,0.036560184622859225,0.9966887417218543,0.07053309900410076,1431960.0,92944.23120343193
A,0.0012937466560070192,0.03664029214850883,0.9966887417218543,0.07068216508160151,1428720.0,92741.02506209076
A,0.0013021698359631869,0.03667153996101365,0.9966887417218543,0.07074030552291422,1427460.0,92662.0004515692
A,0.001324124718504277,0.036783575705731396,0.9966887417218543,0.07094873305833824,1422960.0,92379.76969970648
A,0.0013284258444330294,0.036801564983494316,0.9966887417218543,0.07098219549581417,1422240.0,92334.61277940845
A,0.0013475546385164786,0.03689629811228242,0.9966887417218543,0.07115839243498819,1418460.0,92097.53894784376
A,0.00136528972144931,0.036959724950884086,0.9966887417218543,0.07127634383139948,1415940.0,91939.48972680063
A,0.001374790030650009,0.03700971351284889,0.9966887417218543,0.07136929460580912,1413960.0,91815.30819598104
A,0.0013947787736338095,0.03711925021580959,0.9966887417218543,0.07157294019736059,1409640.0,91544.36667419282
A,0.0013961035100229706,0.037123828317710904,0.9966887417218543,0.07158145065398336,1409460.0,91533.07744411832
A,0.0014143291697454542,0.03723864901645429,0.9966887417218543,0.07179487179487179,1404960.0,91250.84669225558
A,0.001421601108962489,0.03728015853356453,0.9966887417218543,0.07187201528175739,1403340.0,91149.243621585
A,0.0014294172031653638,0.03735418217920079,0.9966887417218543,0.07200956937799043,1400460.0,90968.61594039286
A,0.0014487210418458528,0.03744712615078378,0.9966887417218543,0.07218225419664269,1396860.0,90742.83133890269
A,0.0014569085118959903,0.03747043445786132,0.9966887417218543,0.0722255548890222,1395960.0,90686.38518853014
A,0.0014890109684966765,0.037587412587412584,0.9966887417218543,0.0724428399518652,1391460.0,90404.15443666742
A,0.0014931497786721218,0.03761089591403224,0.9966887417218543,0.07248645394340758,1390560.0,90347.70828629487
A,0.001517146302274918,0.037705123387197795,0.9966887417218543,0.07266143633071817,1386960.0,90121.9236848047
A,0.0015326992653169526,0.03777610441767068,0.9966887417218543,0.07279322853688028,1384260.0,89952.58523368706
A,0.0015379601133485644,0.03782357376225182,0.9966887417218543,0.07288135593220339,1382460.0,89839.69293294197
A,0.001564516566662205,0.037942770704651456,0.9966887417218543,0.07310261080752885,1377960.0,89557.46218107925
A,0.0015656769306688783,0.037942770704651456,0.9966887417218543,0.07310261080752885,1377960.0,89557.46218107925
A,0.0015876684446480536,0.03806272129489125,0.9966887417218543,0.0733252131546894,1373460.0,89275.23142921652
A,0.0015981614968882652,0.0381109141554824,0.9966887417218543,0.07341463414634146,1371660.0,89162.33912847143
A,0.001612761704928211,0.03818343270328555,0.9966887417218543,0.07354917532070862,1368960.0,88993.0006773538
A,0.0016284884776395687,0.03828542355634699,0.9966887417218543,0.07373836354728075,1365180.0,88755.92684578912
A,0.0016381899258842445,0.038304912191397304,0.9966887417218543,0.07377450980392157,1364460.0,88710.76992549108
A,0.0016584391954544235,0.03842716711349419,0.9966887417218543,0.07400122925629994,1359960.0,88428.53917362836
A,0.0016618190120486146,0.03845662450491887,0.9966887417218543,0.07405584942797393,1358880.0,88360.8037931813
A,0.0016811889506482603,0.038550204918032786,0.9966887417218543,0.07422934648581998,1355460.0,88146.30842176564
A,0.0016935910252007403,0.03862936344969199,0.9966887417218543,0.07437608104768964,1352580.0,87965.68074057349
A,0.0016996495388772758,0.03867403314917127,0.9966887417218543,0.07445887445887446,1350960.0,87864.07766990292
A,0.0017264855789344076,0.03879865944831142,0.9966887417218543,0.07468982630272952,1346460.0,87581.84691804019
A,0.0017266855730336636,0.03880366120923037,0.9966887417218543,0.07469909418041941,1346280.0,87570.55768796567
A,0.0017483931163689809,0.038924091555670504,0.9966887417218543,0.07492221530802738,1341960.0,87299.61616617747
A,0.001755916821684612,0.03897953897953898,0.9966887417218543,0.07502492522432702,1339980.0,87175.43463535787
A,0.0017695753509081654,0.03905033731188376,0.9966887417218543,0.07515605493133584,1337460.0,87017.38541431475
A,0.0017871798566482008,0.039162112932604735,0.9966887417218543,0.07536304456685028,1333500.0,86769.02235267556
A,0.001794043175789205,0.03917740465963816,0.9966887417218543,0.07539135879774578,1332960.0,86735.15466245201
A,0.0018232886949545238,0.03930530164533821,0.9966887417218543,0.07562814070351759,1328460.0,86452.92391058929
A,0.001826949418481731,0.039341262580054895,0.9966887417218543,0.07569470640010059,1327200.0,86373.89930006773
A,0.0018518569081734922,0.039434036420804404,0.9966887417218543,0.07586641461877756,1323960.0,86170.69315872657
A,0.0018741395618634578,0.03952205882352941,0.9966887417218543,0.07602930032836576,1320900.0,85978.77624745991
A,0.001878371664438513,0.039563617245005255,0.9966887417218543,0.07610619469026549,1319460.0,85888.46240686385
A,0.0018985248910434757,0.039694052485823555,0.9966887417218543,0.07634749524413445,1314960.0,85606.23165500113
A,0.0019013221052629286,0.03970452446906741,0.9966887417218543,0.07636686540657112,1314600.0,85583.65319485212
A,0.0019294374308654826,0.03982535062185764,0.9966887417218543,0.07659033078880408,1310460.0,85324.00090313841
A,0.0019449681052280856,0.039893969516235916,0.9966887417218543,0.07671721677074039,1308120.0,85177.2409121698
A,0.0019542945581591596,0.039957520244258596,0.9966887417218543,0.07683471601786854,1305960.0,85041.77015127569
A,0.0019795378960397545,0.040079893475366175,0.9966887417218543,0.07706093189964157,1301820.0,84782.11785956197
A,0.0019810484995287318,0.040090570058604155,0.9966887417218543,0.07708066581306017,1301460.0,84759.53939941297
A,0.0019997873610096382,0.040224508886810104,0.9966887417218543,0.07732819524727039,1296960.0,84477.30864755024
A,0.0020109184001731043,0.040267558528428095,0.9966887417218543,0.07740774077407742,1295520.0,84386.99480695416
A,0.0020256520319061576,0.040359345669080185,0.9966887417218543,0.07757731958762887,1292460.0,84195.07789568751
A,0.002043668396237686,0.04045698924731183,0.9966887417218543,0.07775768535262206,1289220.0,83991.87175434636
A,0.0020499400099180305,0.040495089465895334,0.9966887417218543,0.07782805429864252,1287960.0,83912.84714382478
A,0.0020773890792136467,0.0406317494600432,0.9966887417218543,0.0780804150453956,1283460.0,83630.61639196206
A,0.0020838479961680697,0.04064821066846725,0.9966887417218543,0.07811080835603997,1282920.0,83596.74870173854
A,0.002101270206112467,0.04076933495868888,0.9966887417218543,0.07833441769681196,1278960.0,83348.38564009934
A,0.0021195249798945017,0.04084679060930927,0.9966887417218543,0.07847738234910703,1276440.0,83190.33641905623
A,0.0021336645801222826,0.040907855395487906,0.9966887417218543,0.07859007832898172,1274460.0,83066.15488823662
A,0.0021515517239299965,0.04104172347968366,0.9966887417218543,0.0788370874803562,1270140.0,82795.2133664484
A,0.002152992156281785,0.041047320332742394,0.9966887417218543,0.07884741322855271,1269960.0,82783.9241363739
A,0.0021885109239504507,0.04118773946360153,0.9966887417218543,0.07910643889618924,1265460.0,82501.69338451118
A,0.0021976930543666775,0.04123852582545554,0.9966887417218543,0.07920010524930929,1263840.0,82400.0903138406
A,0.002219297998156437,0.04132912261430729,0.9966887417218543,0.07936717205009888,1260960.0,82219.46263264846
A,0.0022413617111487465,0.04143722466960353,0.9966887417218543,0.07956648162833732,1257540.0,82004.96726123278
A,0.002247791816820024,0.041471479746486635,0.9966887417218543,0.07962962962962963,1256460.0,81937.23188078574
A,0.0022739360258558967,0.04161482095949122,0.9966887417218543,0.07989382879893829,1251960.0,81655.00112892302
A,0.0022781209728615155,0.04163784755844515,0.9966887417218543,0.07993626344442968,1251240.0,81609.84420862497
A,0.002300398678055343,0.0417591564927858,0.9966887417218543,0.08015978695073236,1247460.0,81372.77037706028
A,0.0023151148437602132,0.0418462393994161,0.9966887417218543,0.08032021347565044,1244760.0,81203.43192594266
A,0.002327357842697529,0.04190449672838647,0.9966887417218543,0.08042752171008684,1242960.0,81090.53962519756
A,0.0023458884234014658,0.0420508521933501,0.9966887417218543,0.0806970509383378,1238460.0,80808.30887333483
A,0.002346746444307083,0.0420508521933501,0.9966887417218543,0.0806970509383378,1238460.0,80808.30887333483
A,0.0023737279035441934,0.042198233562315994,0.9966887417218543,0.08096839273705446,1233960.0,80526.0781214721
A,0.0023891438306481772,0.04225747578267584,0.9966887417218543,0.08107744107744108,1232160.0,80413.18582072703
A,0.002408808553098885,0.04234665166010129,0.9966887417218543,0.08124156545209177,1229460.0,80243.84736960939
A,0.0024230290206403585,0.04246613995485327,0.9966887417218543,0.08146143437077132,1225860.0,80018.06276811921
A,0.0024281531953768377,0.042496117464351266,0.9966887417218543,0.08151658767772511,1224960.0,79961.61661774667
A,0.002454839182118143,0.04264664210824596,0.9966887417218543,0.08179347826086955,1220460.0,79679.38586588395
A,0.0024608951067168748,0.042682926829268296,0.9966887417218543,0.08186021212945338,1219380.0,79611.6504854369
A,0.002475133812446087,0.04279823688326461,0.9966887417218543,0.08207225630538514,1215960.0,79397.15511402123
A,0.002490987584327683,0.042895824426393045,0.9966887417218543,0.08225167372591884,1213080.0,79216.52743282907
A,0.002502274137718247,0.042950913242009135,0.9966887417218543,0.0823529411764706,1211460.0,79114.9243621585
A,0.0025342145673358514,0.04310468280108836,0.9966887417218543,0.08263555250514758,1206960.0,78832.69361029578
A,0.002535122376700794,0.04311085648811229,0.9966887417218543,0.08264689730917078,1206780.0,78821.40438022127
A,0.002566721312118427,0.043259557344064385,0.9966887417218543,0.08292011019283746,1202460.0,78550.46285843305
A,0.0025735824105976926,0.043328055275658556,0.9966887417218543,0.08304593737067181,1200480.0,78426.28132761345
A,0.0025930067853201953,0.04341554882446271,0.9966887417218543,0.08320663441603317,1197960.0,78268.23210657033
A,0.0026043860618763176,0.043547453703703706,0.9966887417218543,0.08344884945938454,1194180.0,78031.15827500564
A,0.002612483355345994,0.04357266936884771,0.9966887417218543,0.08349514563106795,1193460.0,77986.00135470761
A,0.002634898034194032,0.04373093127996513,0.9966887417218543,0.083785664578984,1188960.0,77703.77060284489
A,0.0026512008311753267,0.04377545084351367,0.9966887417218543,0.08386737252716633,1187700.0,77624.74599232333
A,0.0026741272817030377,0.04389034703995334,0.9966887417218543,0.0840782122905028,1184460.0,77421.53985098217
A,0.0026996548194794874,0.043999415290162255,0.9966887417218543,0.08427831443371131,1181400.0,77229.62293971551
A,0.0027118450936931505,0.04405092931362505,0.9966887417218543,0.08437281009110022,1179960.0,77139.30909911943
A,0.002736368504029774,0.044212690951821385,0.9966887417218543,0.08466947960618847,1175460.0,76857.07834725671
A,0.0027386485897922873,0.04422568322068763,0.9966887417218543,0.08469330332020258,1175100.0,76834.4998871077
A,0.0027678793282786824,0.04437564499484004,0.9966887417218543,0.0849682427664079,1170960.0,76574.84759539399
A,0.0027876215590576414,0.0444542903559297,0.9966887417218543,0.08511239926480985,1168800.0,76439.37683449988
A,0.0028076698143328243,0.044539804675939626,0.9966887417218543,0.08526912181303116,1166460.0,76292.61684353127
A,0.0028374300664067704,0.044685273159144896,0.9966887417218543,0.08553566354077864,1162500.0,76044.25378189208
A,0.002847684650396437,0.044705183424922024,0.9966887417218543,0.08557213930348258,1161960.0,76010.38609166855
A,0.0028789600885765557,0.04487179487179487,0.9966887417218543,0.08587731811697576,1157460.0,75728.15533980583
A,0.002888010846853559,0.04492537313432836,0.9966887417218543,0.08597543558983148,1156020.0,75637.84149920975
A,0.0029066794480794218,0.04503965285051623,0.9966887417218543,0.086184681460272,1152960.0,75445.9245879431
A,0.0029396842740091545,0.04516129032258064,0.9966887417218543,0.08640734893067317,1149720.0,75242.71844660194
A,0.002949481791468856,0.04520877140282367,0.9966887417218543,0.08649425287356322,1148460.0,75163.69383608038
A,0.0029822319719916036,0.04537916478214986,0.9966887417218543,0.08680605623648162,1143960.0,74881.46308421766
A,0.0029868175489575206,0.04539969834087481,0.9966887417218543,0.08684362377380266,1143420.0,74847.59539399412
A,0.00301267719929131,0.045550847457627115,0.9966887417218543,0.08712011577424024,1139460.0,74599.23233235494
A,0.003026866424754202,0.045489006823351025,0.9933774834437086,0.08699434536755112,1141500.0,74452.47234138632
A,0.0030346973727826804,0.0455719276925414,0.9933774834437086,0.08714596949891068,1139340.0,74317.00158049221
A,0.003071119844119292,0.04573867967678,0.9933774834437086,0.08745080891998251,1135020.0,74046.060058704
A,0.0030734966331965015,0.04574565416285453,0.9933774834437086,0.08746355685131196,1134840.0,74034.7708286295
A,0.0031088867635614163,0.04592071024031839,0.9933774834437086,0.08778346744696416,1130340.0,73752.54007676676
A,0.0031171279730363172,0.04598405885959534,0.9933774834437086,0.08789920890711983,1128720.0,73650.93700609618
A,0.003142472958970312,0.046097111247695145,0.9933774834437086,0.0881057268722467,1125840.0,73470.30932490404
A,0.0031572220019661108,0.04623208506703652,0.9933774834437086,0.08835223089383006,1122420.0,73255.81395348837
A,0.0031638646460910827,0.04627487274409996,0.9933774834437086,0.08843036109064112,1121340.0,73188.07857304132
A,0.003196502567895978,0.04645401052957572,0.9933774834437086,0.08875739644970415,1116840.0,72905.8478211786
A,0.0032004431470342132,0.04648280136349551,0.9933774834437086,0.08880994671403197,1116120.0,72860.69090088057
A,0.0032325719078782605,0.0466345406497746,0.9933774834437086,0.08908685968819599,1112340.0,72623.61706931588
A,0.003243194386560691,0.04673625175260944,0.9933774834437086,0.08927242969796159,1109820.0,72465.56784827275
A,0.003266831632077228,0.04681647940074907,0.9933774834437086,0.08941877794336811,1107840.0,72341.38631745314
A,0.00329226699494873,0.046999843333855554,0.9933774834437086,0.08975317875841436,1103340.0,72059.15556559042
A,0.0032928576264033916,0.046999843333855554,0.9933774834437086,0.08975317875841436,1103340.0,72059.15556559042
A,0.003318224298891524,0.04718464926077383,0.9933774834437086,0.09009009009009007,1098840.0,71776.9248137277
A,0.0033348853771998374,0.04725897920604915,0.9933774834437086,0.09022556390977443,1097040.0,71664.03251298261
A,0.0033539860994216348,0.04737091425864519,0.9933774834437086,0.09042954031650338,1094340.0,71494.69406186498
A,0.0033798784057746853,0.04752098843655948,0.9933774834437086,0.09070294784580499,1090740.0,71268.90946037481
A,0.0033862658646531753,0.04755865567533291,0.9933774834437086,0.09077155824508322,1089840.0,71212.46331000226
A,0.003418474327396696,0.047747891134808214,0.9933774834437086,0.09111617312072894,1085340.0,70930.23255813954
A,0.0034277520829358982,0.047785919082510356,0.9933774834437086,0.09118541033434652,1084440.0,70873.786407767
A,0.0034583808435575884,0.04793863854266539,0.9933774834437086,0.09146341463414634,1080840.0,70648.00180627682
A,0.0034841719374948707,0.048053820278712155,0.9933774834437086,0.09167303284950343,1078140.0,70478.66335515918
A,0.0035038780627627774,0.048130916091769615,0.9933774834437086,0.09181331293037491,1076340.0,70365.77105441409
A,0.0035346236192436635,0.04832474226804124,0.9933774834437086,0.09216589861751151,1071840.0,70083.54030255137
A,0.0035346860929427676,0.04833252779120348,0.9933774834437086,0.09218005838070363,1071660.0,70072.25107247685
A,0.0035565255694541857,0.048520135856380396,0.9933774834437086,0.09252120277563607,1067340.0,69801.30955068865
A,0.00357117575716026,0.04860661049902787,0.9933774834437086,0.09267840593141798,1065360.0,69677.12801986905
A,0.0035997383221371784,0.04871711594673595,0.9933774834437086,0.09287925696594428,1062840.0,69519.07879882591
A,0.003631622587440333,0.04888381945576014,0.9933774834437086,0.09318217114458766,1059060.0,69282.00496726124
A,0.0036348556538324784,0.048915701940322846,0.9933774834437086,0.09324009324009325,1058340.0,69236.84804696319
A,0.00367516222468815,0.04911591355599214,0.9933774834437086,0.09360374414976598,1053840.0,68954.61729510047
A,0.0036837948615417557,0.049164208456243856,0.9933774834437086,0.09369144284821987,1052760.0,68886.88191465342
A,0.003711079853265965,0.04931777083675818,0.9933774834437086,0.09397024275646046,1049340.0,68672.38654323775
A,0.003742988143254062,0.04945598417408507,0.9933774834437086,0.09422110552763818,1046280.0,68480.4696319711
A,0.003750344978456711,0.04952129415648729,0.9933774834437086,0.09433962264150944,1044840.0,68390.15579137503
A,0.0037845237716623093,0.04972650422675286,0.9933774834437086,0.0947119179163378,1040340.0,68107.92503951231
A,0.003785796764843607,0.0497429945282706,0.9933774834437086,0.09474182851729038,1039980.0,68085.3465793633
A,0.0038177513862517,0.049933422103861515,0.9933774834437086,0.09508716323296355,1035840.0,67825.69428764959
A,0.0038321018759811198,0.05003335557038025,0.9933774834437086,0.09526833915528739,1033680.0,67690.22352675548
A,0.0038507079914985747,0.05014206919605549,0.9933774834437086,0.0954653937947494,1031340.0,67543.46353578687
A,0.003876536781697569,0.050327126321087066,0.9933774834437086,0.09580073447229762,1027380.0,67295.10047414766
A,0.0038794226358867196,0.050352467270896276,0.9933774834437086,0.09584664536741214,1026840.0,67261.23278392415
A,0.0039024097177844954,0.05056463846283499,0.9933774834437086,0.09623095429029671,1022340.0,66979.00203206141
A,0.003918737889563854,0.05062436719541006,0.9933774834437086,0.09633911368015413,1021080.0,66899.97742153985
A,0.003954960124856587,0.05077860528097495,0.9933774834437086,0.09661835748792272,1017840.0,66696.77128019869
A,0.003977829572140379,0.050933786078098474,0.9933774834437086,0.09689922480620154,1014600.0,66493.56513885752
A,0.003990228579940107,0.05099439061703213,0.9933774834437086,0.09700889248181084,1013340.0,66414.54052833596
A,0.004035709011217992,0.05121201775349949,0.9933774834437086,0.0974025974025974,1008840.0,66132.30977647324
A,0.004037445499967765,0.05123825789923143,0.9933774834437086,0.0974500568458665,1008300.0,66098.44208624972
A,0.004083657928781939,0.05143151037202126,0.9933774834437086,0.097799511002445,1004340.0,65850.07902461052
A,0.004102927790016435,0.05154639175257732,0.9933774834437086,0.09800718719372753,1002000.0,65703.3190336419
A,0.004119901750032756,0.05165289256198347,0.9933774834437086,0.09819967266775777,999840.0,65567.8482727478
A,0.004150872843178767,0.05185825410544512,0.9933774834437086,0.09857072449482504,995700.0,65308.19598103409
A,0.00415413390051797,0.05187618882932734,0.9933774834437086,0.09860312243221035,995340.0,65285.61752088508
A,0.004190895903017356,0.05210142410559222,0.9933774834437086,0.09900990099009903,990840.0,65003.386769022356
A,0.0042041460608739,0.052,0.9900662251655629,0.09881031064111037,993780.0,64913.072928426285
A,0.004231159009418371,0.05215419501133787,0.9900662251655629,0.09908864954432477,990720.0,64721.15601715963
A,0.004261164643889954,0.05232761638081904,0.9900662251655629,0.09940159574468085,987300.0,64506.66064574396
A,0.004281697742211148,0.05238262088297127,0.9900662251655629,0.09950083194675541,986220.0,64438.92526529691
A,0.004317978880741524,0.052613056484251276,0.9900662251655629,0.09991645781119467,981720.0,64156.69451343419
A,0.004320082801531948,0.05265011445677056,0.9900662251655629,0.099983280387895,981000.0,64111.53759313615
A,0.004359429145682177,0.052845528455284556,0.9900662251655629,0.10033557046979867,977220.0,63874.46376157147
A,0.004386086786843226,0.05297661233167966,0.9900662251655629,0.10057181298351833,974700.0,63716.414540528334
A,0.004409844104979867,0.05308006390910705,0.9900662251655629,0.10075821398483573,972720.0,63592.23300970874
A,0.0044473438972267455,0.05330718488144054,0.9900662251655629,0.10116731517509728,968400.0,63321.29148792053
A,0.004455783389080493,0.053316690442225395,0.9900662251655629,0.10118443316412859,968220.0,63310.00225784601
A,0.004488306810219173,0.05355543614544152,0.9900662251655629,0.1016142735768904,963720.0,63027.771505983284
A,0.004506162006668426,0.053651534182666424,0.9900662251655629,0.10178723404255319,961920.0,62914.879205238205
A,0.004532061631775109,0.05379632961496941,0.9900662251655629,0.10204778156996587,959220.0,62745.540754120564
A,0.0045641686933269995,0.0539906103286385,0.9900662251655629,0.10239726027397263,955620.0,62519.75615263039
A,0.004573784505722254,0.05403939996385324,0.9900662251655629,0.10248500428449014,954720.0,62463.310002257844
A,0.0046075613078178255,0.05428467683369644,0.9900662251655629,0.10292598967297761,950220.0,62181.07925039512
A,0.004616553603060121,0.054333999636561874,0.9900662251655629,0.10301464254952628,949320.0,62124.63310002258
A,0.004645253212748404,0.05453219040671165,0.9900662251655629,0.10337078651685393,945720.0,61898.8484985324
A,0.004668306694764969,0.054681784930504754,0.9900662251655629,0.10363951473136916,943020.0,61729.51004741477
A,0.004684238895220924,0.05478197141810187,0.9900662251655629,0.10381944444444445,941220.0,61616.617746669675
A,0.004731436524875756,0.05503405116878336,0.9900662251655629,0.1042720139494333,936720.0,61334.386994806955
A,0.004731875883391042,0.05503405116878336,0.9900662251655629,0.1042720139494333,936720.0,61334.386994806955
A,0.004770589976968905,0.055288461538461536,0.9900662251655629,0.10472854640980736,932220.0,61052.156242944235
A,0.004787355336709698,0.05540114878636279,0.9900662251655629,0.10493068959466573,930240.0,60927.97471212463
A,0.004813172774228235,0.05535946498235185,0.9867549668874173,0.10483729111697451,932100.0,60769.925491081514
A,0.00483605513387422,0.05557627750839239,0.9867549668874173,0.10522598870056497,928320.0,60532.85165951682
A,0.004840118569601928,0.055617767823814855,0.9867549668874173,0.10530035335689046,927600.0,60487.69473921879
A,0.004890391723361455,0.05587849240577536,0.9867549668874173,0.10576752440106475,923100.0,60205.463987356066
A,0.004904153172888301,0.05594143044865778,0.9867549668874173,0.10588026292414283,922020.0,60137.72860690901
A,0.0049378037718031155,0.05614167294649586,0.9867549668874173,0.10623885918003564,918600.0,59923.23323549333
A,0.004960430838600538,0.05612244897959184,0.9834437086092715,0.10618519842688597,920100.0,59742.6055543012
A,0.0049802171328029825,0.056218057921635436,0.9834437086092715,0.10635631154879141,918480.0,59641.00248363061
A,0.005028648325410898,0.056485355648535567,0.9834437086092715,0.10683453237410072,913980.0,59358.77173176789
A,0.005029040786113954,0.05649610043751189,0.9834437086092715,0.10685375067458175,913800.0,59347.48250169338
A,0.005076441973400298,0.05675520733804701,0.9834437086092715,0.1073170731707317,909480.0,59076.54097990517
A,0.005102552876733841,0.05688565408925493,0.9834437086092715,0.10755024443237371,907320.0,58941.07021901106
A,0.005125944302542895,0.057027649769585256,0.9834437086092715,0.10780399274047188,904980.0,58794.31022804244
A,0.005165091596449481,0.05726957192441188,0.9834437086092715,0.10823615160349855,901020.0,58545.94716640325
A,0.005172278717975028,0.05730272043218213,0.9834437086092715,0.10829535095715588,900480.0,58512.07947617972
A,0.005231760243155461,0.057580457541682825,0.9834437086092715,0.10879120879120881,895980.0,58229.848724317
A,0.005251825548686303,0.05765870704717531,0.9834437086092715,0.10893086374472769,894720.0,58150.82411379544
A,0.005308598928451139,0.05786090005844535,0.9834437086092715,0.1092916283348666,891480.0,57947.61797245428
A,0.005375089063396634,0.05805316653635653,0.9834437086092715,0.10963455149501661,888420.0,57755.701061187625
A,0.005386453731397013,0.058144087705559906,0.9834437086092715,0.10979667282809612,886980.0,57665.387220591554
A,0.005438168323680029,0.058430060987605746,0.9834437086092715,0.11030640668523677,882480.0,57383.156468728834
A,0.005441721194493267,0.058464566929133856,0.9834437086092715,0.11036789297658862,881940.0,57349.2887785053
A,0.005479982975094535,0.05871886120996441,0.9834437086092715,0.11082089552238804,877980.0,57100.92571686611
A,0.005495820472259739,0.05887016848364718,0.9834437086092715,0.11109033102674397,875640.0,56954.165725897496
A,0.005520766463908014,0.059010530498708524,0.9834437086092715,0.11134020618556702,873480.0,56818.69496500339
A,0.0055723377686128,0.0592814371257485,0.9834437086092715,0.11182228915662651,869340.0,56559.04267328968
A,0.0055780007266947405,0.05930511182108626,0.9834437086092715,0.111864406779661,868980.0,56536.46421314067
A,0.005624348812613897,0.0594019666867349,0.9801324503311258,0.11201513718070011,868860.0,56254.23346127794
A,0.005639421373838167,0.05949748743718593,0.9801324503311258,0.11218495357210535,867420.0,56163.91962068187
A,0.005661033120198239,0.05970149253731343,0.9801324503311258,0.11254752851711027,864360.0,55972.00270941522
A,0.005689069172174603,0.05991902834008097,0.9801324503311258,0.11293399465852728,861120.0,55768.79656807405
A,0.00570749891482519,0.06000405432799513,0.9801324503311258,0.1130850047755492,859860.0,55689.77195755249
A,0.005782446219572449,0.06030969845150774,0.9801324503311258,0.11362763915547025,855360.0,55407.54120568977
A,0.0057855932691976185,0.06035889070146819,0.9801324503311258,0.11371494429504418,854640.0,55362.384285391745
A,0.005859766435058428,0.06061847225066557,0.9801324503311258,0.114175506268081,850860.0,55125.31045382705
A,0.005896492067990784,0.06079277058944342,0.9801324503311258,0.11448462579771805,848340.0,54967.26123278392
A,0.005936714966588523,0.06093042404281598,0.9801324503311258,0.11472868217054263,846360.0,54843.07970196433
A,0.005998369870290783,0.06123293338849814,0.9801324503311258,0.11526479750778817,842040.0,54572.13818017611
A,0.006002950459231718,0.061245603145044486,0.9801324503311258,0.11528724440116846,841860.0,54560.8489501016
A,0.006041641644462916,0.06156405990016639,0.9801324503311258,0.11585127201565557,837360.0,54278.61819823888
A,0.006056267095174998,0.06167951656595124,0.9801324503311258,0.11605567535777297,835740.0,54177.015127568295
A,0.006081026401544161,0.06167677190048087,0.9768211920529801,0.1160275319567355,837240.0,53996.38744637616
A,0.006110889902844791,0.06192275398824517,0.9768211920529801,0.11646269245953414,833820.0,53781.89207496049
A,0.00612882129372528,0.06200084068936528,0.9768211920529801,0.116600790513834,832740.0,53714.15669451344
A,0.006195016749083815,0.06232833298119586,0.9768211920529801,0.11717974180734855,828240.0,53431.92594265071
A,0.006204316921637373,0.06239424703891709,0.9768211920529801,0.1172962226640159,827340.0,53375.479792278165
A,0.006267130292742135,0.06265930331350893,0.9768211920529801,0.11776447105788422,823740.0,53149.69519078799
A,0.006299318230496977,0.06285957809503516,0.9768211920529801,0.11811811811811812,821040.0,52980.35673967035
A,0.006316107544554759,0.06299380738842622,0.9768211920529801,0.11835506519558676,819240.0,52867.46443892526
A,0.0063664633257956285,0.06333190210390725,0.9768211920529801,0.11895161290322581,814740.0,52585.23368706254
A,0.006366712252374418,0.06333190210390725,0.9768211920529801,0.11895161290322581,814740.0,52585.23368706254
A,0.006445284849635109,0.06367364558601338,0.9768211920529801,0.11955420466058762,810240.0,52303.00293519982
A,0.006456864276257668,0.06381137789314298,0.9768211920529801,0.1197969543147208,808440.0,52190.11063445474
A,0.006489774883390144,0.06401909722222222,0.9768211920529801,0.12016293279022403,805740.0,52020.772183337096
A,0.006540471495008971,0.06409417920209287,0.9735099337748344,0.12026999386377582,806340.0,51783.698351772415
A,0.006565960443460768,0.06415012000872791,0.9735099337748344,0.1203684749232344,805620.0,51738.54143147437
A,0.006631529891186266,0.06450197455024133,0.9735099337748344,0.12098765432098764,801120.0,51456.31067961165
A,0.006637830920710439,0.06458699472759227,0.9735099337748344,0.12113720642768852,800040.0,51388.57529916459
A,0.0066909346263056176,0.06485771012574454,0.9735099337748344,0.12161323681489142,796620.0,51174.07992774893
A,0.006753015926742361,0.06508744742085455,0.9735099337748344,0.12201701597841876,793740.0,50993.45224655678
A,0.006777176781294901,0.06521739130434782,0.9735099337748344,0.12224532224532224,792120.0,50891.84917588621
A,0.0068698312842577006,0.06558108409547178,0.9735099337748344,0.12288401253918495,787620.0,50609.61842402349
A,0.006873549392977028,0.06537260151717983,0.9701986754966887,0.12249163879598661,791820.0,50598.32919394898
A,0.006939473135922722,0.06572454015253477,0.9701986754966887,0.12310924369747901,787500.0,50327.38767216076
A,0.006977780626536361,0.06588711490892736,0.9701986754966887,0.12339439882080439,785520.0,50203.206141341165
A,0.006999041115340419,0.0660951951274532,0.9701986754966887,0.12375923970432948,783000.0,50045.15692029804
A,0.00705244594698731,0.06642484697347541,0.9701986754966887,0.12433694037767877,779040.0,49796.793858658835
A,0.007072607378587829,0.06647005444646098,0.9701986754966887,0.12441613588110403,778500.0,49762.92616843531
A,0.007152533273143633,0.06684919005247547,0.9701986754966887,0.12508004268943435,774000.0,49480.69541657259
A,0.007171547782480954,0.06695612431444241,0.9701986754966887,0.12526720820863615,772740.0,49401.67080605103
A,0.0072312386177703575,0.06723267553923819,0.9701986754966887,0.1257510729613734,769500.0,49198.46466470987
A,0.007266771280598143,0.06749596867081317,0.9701986754966887,0.1262115011845789,766440.0,49006.547753443214
A,0.007285120595456164,0.06762058619893838,0.9701986754966887,0.12642934196332256,765000.0,48916.23391284714
A,0.007346075936352974,0.0680129990714949,0.9701986754966887,0.12711496746203907,760500.0,48634.003160984415
A,0.007350592968614183,0.06804458894565722,0.9701986754966887,0.1271701388888889,760140.0,48611.42470083541
A,0.007411987296224798,0.06840999299556386,0.9701986754966887,0.1278080697928026,756000.0,48351.772409121695
A,0.00743826506559272,0.06860220088972138,0.9701986754966887,0.1281434506888257,753840.0,48216.301648227585
A,0.007487749502804935,0.06881164866134336,0.9701986754966887,0.12850877192982457,751500.0,48069.541657258975
A,0.007562875907213395,0.069185360094451,0.9701986754966887,0.12916023804275956,747360.0,47809.88936554527
A,0.007584101517075184,0.06921804866524923,0.9701986754966887,0.1292171995589857,747000.0,47787.310905396254
A,0.007663160387987042,0.06962927756653993,0.9701986754966887,0.12993348115299336,742500.0,47505.08015353353
A,0.007673814033095725,0.06976190476190476,0.9701986754966887,0.13016437139049314,741060.0,47414.766312937456
A,0.00772712382200473,0.0700454219459718,0.9701986754966887,0.13065774804905242,738000.0,47222.84940167081
A,0.007781387185402942,0.07034813925570228,0.9701986754966887,0.1311842399820909,734760.0,47019.64326032965
A,0.007805029929080472,0.07046657046657047,0.9701986754966887,0.13139013452914797,733500.0,46940.618649808086
A,0.00788602386170907,0.07089281393660779,0.9701986754966887,0.13213077790304395,729000.0,46658.38789794536
A,0.007906180432408653,0.07094430992736077,0.9701986754966887,0.13222021660649816,728460.0,46624.520207721835
A,0.008009443095571033,0.07132424537487829,0.9701986754966887,0.13287981859410433,724500.0,46376.15714608264
A,0.008053605443763805,0.07156814851001465,0.9701986754966887,0.13330300272975432,721980.0,46218.10792503951
A,0.00809757637931566,0.07176096007837375,0.9701986754966887,0.13363740022805018,720000.0,46093.92639421991
A,0.008175514244830233,0.07218526730721853,0.9701986754966887,0.134372850263701,715680.0,45822.9848724317
A,0.008177707107731804,0.07220305569245934,0.9701986754966887,0.13440366972477064,715500.0,45811.69564235719
A,0.008249764811157233,0.07265063228365981,0.9701986754966887,0.1351787773933103,711000.0,45529.46489049447
A,0.00828461879508455,0.0728131212723658,0.9701986754966887,0.13546000924641702,709380.0,45427.86181982389
A,0.00833559004838756,0.07310379241516966,0.9701986754966887,0.1359628770301624,706500.0,45247.23413863175
A,0.008400593474160825,0.07345199298069692,0.9701986754966887,0.13656490328594734,703080.0,45032.73876721608
A,0.00841124816154535,0.07356264122520713,0.9701986754966887,0.1367561260210035,702000.0,44965.00338676902
A,0.008489822606191568,0.07377463365336029,0.9668874172185431,0.1370892018779343,701880.0,44682.7726349063
A,0.008502216679962342,0.0738492665655033,0.9668874172185431,0.13721804511278196,701160.0,44637.61571460826
A,0.008571835364709537,0.07424357996440377,0.9668874172185431,0.13789846517119247,697380.0,44400.541883043574
A,0.008623190385259216,0.07452782031648801,0.9668874172185431,0.13838862559241707,694680.0,44231.20343192594
A,0.00865393014267973,0.07471852610030706,0.9668874172185431,0.13871733966745842,692880.0,44118.31113118085
A,0.008727257344090883,0.0751995879474633,0.9668874172185431,0.13954599761051373,688380.0,43836.08037931813
A,0.008727300950883622,0.0751995879474633,0.9668874172185431,0.13954599761051373,688380.0,43836.08037931813
A,0.008847007955004066,0.07568688439606014,0.9668874172185431,0.1403846153846154,683880.0,43553.84962745541
A,0.008884733182100292,0.07588357588357589,0.9668874172185431,0.14072289156626508,682080.0,43440.95732671032
A,0.008939117558284602,0.07618053743803808,0.9668874172185431,0.14123337363966143,679380.0,43271.618875592685
A,0.008984887147487275,0.07658012063991608,0.9668874172185431,0.14191980558930742,675780.0,43045.834274102504
A,0.008999870403785241,0.07668067226890757,0.9668874172185431,0.1420924574209246,674880.0,42989.38812372996
A,0.009100237820223027,0.07718741739360296,0.9668874172185431,0.14296205630354958,670380.0,42707.15737186724
A,0.009111831204887571,0.07728957120169402,0.9668874172185431,0.14313725490196078,669480.0,42650.71122149469
A,0.009179146689828423,0.07770090473656201,0.9668874172185431,0.1438423645320197,665880.0,42424.92662000452
A,0.009241653657155274,0.07803313735970069,0.9668874172185431,0.14441147378832836,663000.0,42244.298938812375
A,0.00930648650610186,0.07822126975622823,0.9668874172185431,0.14473358116480795,661380.0,42142.6958681418
A,0.009384395301345607,0.07874865156418555,0.9668874172185431,0.14563591022443892,656880.0,41860.46511627907
A,0.009384563584122322,0.07876989479363367,0.9668874172185431,0.14567223746570215,656700.0,41849.17588620456
A,0.00946056889489066,0.07928319304914472,0.9668874172185431,0.1465495608531995,652380.0,41578.23436441634
A,0.00950891766680587,0.07952069716775599,0.9668874172185431,0.14695520885757424,650400.0,41454.05283359675
A,0.00954885105772044,0.07982504100601422,0.9668874172185431,0.14747474747474748,647880.0,41296.00361255362
A,0.009648103686869946,0.08028594995875722,0.9668874172185431,0.14826097994414827,644100.0,41058.92978098893
A,0.009671201310331244,0.08037434627030003,0.9668874172185431,0.14841168996188056,643380.0,41013.7728606909
A,0.009776979245795108,0.08093126385809313,0.9668874172185431,0.1493606138107417,638880.0,40731.54210882818
A,0.009804905389372546,0.08108858650374896,0.9668874172185431,0.1496284909044325,637620.0,40652.51749830662
A,0.009875257630557932,0.08121685738208205,0.9635761589403974,0.1498069498069498,638760.0,40449.31135696546
A,0.009928384693702184,0.08160403813796971,0.9635761589403974,0.15046535677352635,635700.0,40257.3944456988
A,0.009977561941701081,0.081787521079258,0.9635761589403974,0.15077720207253886,634260.0,40167.08060510273
A,0.010117287841057036,0.08236626096801584,0.9635761589403974,0.15176010430247716,629760.0,39884.849853240004
A,0.01012579647353663,0.08241291418861513,0.9635761589403974,0.15183929037307592,629400.0,39862.271393090996
A,0.01022444531314617,0.08295324971493728,0.9635761589403974,0.152755905511811,625260.0,39602.619101377284
A,0.010266174721952761,0.08323798627002288,0.9635761589403974,0.15323854660347552,623100.0,39467.148340483174
A,0.010322749176538026,0.08354866494401378,0.9635761589403974,0.1537648612945839,620760.0,39320.388349514564
A,0.010388233205610444,0.08407974573822595,0.9635761589403974,0.15466383204889717,616800.0,39072.02528787537
A,0.010396756101817922,0.0841526894158473,0.9635761589403974,0.1547872340425532,616260.0,39038.15759765184
A,0.010458755220445617,0.08476551121468104,0.9635761589403974,0.15582329317269075,611760.0,38755.926845789116
A,0.010474111910325507,0.08496350364963504,0.9635761589403974,0.15615776764153472,610320.0,38665.613005193045
A,0.010540281632168797,0.08538732394366197,0.9635761589403974,0.1568733153638814,607260.0,38473.696093926395
A,0.01060118815980803,0.08584070796460178,0.9635761589403974,0.15763813651137595,604020.0,38270.48995258524
A,0.010650319609515882,0.08601832692876145,0.9635761589403974,0.15793758480325643,602760.0,38191.46534206367
A,0.01075433368491055,0.08665872543180464,0.9635761589403974,0.15901639344262294,598260.0,37909.23459020095
A,0.010758098297873499,0.08673621460506706,0.9635761589403974,0.15914684167350285,597720.0,37875.366899977416
A,0.010836085436259357,0.08730873087308731,0.9635761589403974,0.16011004126547457,593760.0,37627.00383833823
A,0.010877778222735736,0.08765060240963855,0.9635761589403974,0.16068470458310327,591420.0,37480.24384736961
A,0.010921764143206978,0.08796856106408706,0.9635761589403974,0.16121883656509692,589260.0,37344.7730864755
A,0.011036243251691724,0.08858447488584476,0.9635761589403974,0.16225257875662114,585120.0,37085.1207947618
A,0.011042285410217272,0.08863844045080718,0.9635761589403974,0.1623430962343096,584760.0,37062.54233461278
A,0.011161072112440691,0.08931860036832412,0.9635761589403974,0.1634831460674157,580260.0,36780.31158275006
A,0.011200549477687583,0.08956602031394276,0.9635761589403974,0.16389749366375672,578640.0,36678.70851207948
A,0.011275326256650458,0.09000927930714507,0.9635761589403974,0.16463932107496465,575760.0,36498.08083088734
A,0.011373870360728977,0.09054138145612943,0.9635761589403974,0.16552901023890784,572340.0,36283.585459471666
A,0.011404461802608764,0.09071072319201995,0.9635761589403974,0.1658119658119658,571260.0,36215.85007902461
A,0.011531333608035947,0.09142318567389256,0.9635761589403974,0.16700143472022955,566760.0,35933.61932716188
A,0.011547363168016096,0.09153821956590123,0.9635761589403974,0.16719333524849184,566040.0,35888.46240686385
A,0.011692072893083532,0.09214692843571881,0.9635761589403974,0.16820809248554916,562260.0,35651.38857529916
A,0.011805105111328162,0.09255725190839695,0.9635761589403974,0.1688914683691236,559740.0,35493.33935425604
A,0.011861112368869152,0.09288222151292691,0.9635761589403974,0.16943231441048034,557760.0,35369.15782343644
A,0.011973159130022584,0.09362934362934362,0.9635761589403974,0.17067448680351902,553260.0,35086.92707157372
A,0.011976873996399351,0.09362934362934362,0.9635761589403974,0.17067448680351902,553260.0,35086.92707157372
A,0.012132440190559198,0.0943885825494648,0.9635761589403974,0.1719350073855244,548760.0,34804.696319711
A,0.01217546147260433,0.09469573706475756,0.9635761589403974,0.17244444444444446,546960.0,34691.80401896591
A,0.012251659769986809,0.09516023544800523,0.9635761589403974,0.17321428571428574,544260.0,34522.465567848274
A,0.012351120518211078,0.09545753785385122,0.9602649006622517,0.17365269461077845,545040.0,34296.68096635809
A,0.01237449146391989,0.09561490273656446,0.9602649006622517,0.1739130434782609,544140.0,34240.23481598555
A,0.012476131259127617,0.09607712765957446,0.956953642384106,0.17462235649546826,544020.0,33958.004064122826
A,0.012510840219075814,0.09623709623709624,0.956953642384106,0.17488653555219363,543120.0,33901.55791375028
A,0.012606352810870863,0.096882333221589,0.956953642384106,0.17595129375951293,539520.0,33675.773312260106
A,0.012683290114650279,0.09737196765498653,0.956953642384106,0.1767584097859327,536820.0,33506.43486114247
A,0.012765641272206744,0.09770114942528736,0.956953642384106,0.17730061349693252,535020.0,33393.542560397385
A,0.012889634793717769,0.09853392430958063,0.956953642384106,0.1786707882534776,530520.0,33111.31180853466
A,0.012890782015621967,0.0985675306957708,0.956953642384106,0.17872603586889302,530340.0,33100.02257846015
A,0.013053343509842491,0.09938101788170564,0.956953642384106,0.18006230529595016,526020.0,32829.08105667193
A,0.013122581493665221,0.09975837072833967,0.956953642384106,0.1806814629571741,524040.0,32704.89952585234
A,0.013228350875622609,0.10024280263614291,0.956953642384106,0.1814756671899529,521520.0,32546.85030480921
A,0.013372875128675845,0.10097833682739343,0.956953642384106,0.18268015170670038,517740.0,32309.77647324452
A,0.01340416873747417,0.10111966410076977,0.956953642384106,0.1829113924050633,517020.0,32264.61955294649
A,0.01354330103910501,0.10201200141193081,0.956953642384106,0.1843700159489633,512520.0,31982.388801083765
A,0.013580977979388979,0.10222851078882207,0.956953642384106,0.18472355385107064,511440.0,31914.653420636714
A,0.013749464250243511,0.10292022792022792,0.956953642384106,0.18585209003215433,508020.0,31700.158049221045
A,0.01387776088250128,0.10315186246418338,0.9536423841059603,0.18616677440206852,509520.0,31519.530368028903
A,0.013955621870792065,0.10348544735896514,0.9536423841059603,0.186709886547812,507900.0,31417.92729735832
A,0.014101441656995256,0.10442349528643945,0.9536423841059603,0.18823529411764708,503400.0,31135.696545495593
A,0.01410244056358464,0.10449927431059507,0.9536423841059603,0.18835840418574232,503040.0,31113.11808534658
A,0.01423112008996951,0.10537870472008781,0.9536423841059603,0.18978583196046128,498900.0,30853.465793632873
A,0.01432145790946049,0.10584343991179714,0.9536423841059603,0.19053919947072445,496740.0,30717.995032738767
A,0.014403424247235123,0.10635155096011817,0.9536423841059603,0.1913621262458472,494400.0,30571.23504177015
A,0.01455778520482649,0.10722263588979895,0.9536423841059603,0.19277108433734938,490440.0,30322.871980130956
A,0.014580293798038765,0.1073425270219903,0.9536423841059603,0.192964824120603,489900.0,30289.00428990743
A,0.014744613245112325,0.10835214446952596,0.9536423841059603,0.1945945945945946,485400.0,30006.773538044705
A,0.014799087832675325,0.10826103357223689,0.9503311258278145,0.19437859803589572,488520.0,29927.748927523146
A,0.014984135758458162,0.10900113938473224,0.9503311258278145,0.19557069846678024,485280.0,29724.542786181984
A,0.015064150110463989,0.10975143403441683,0.9503311258278145,0.1967775111415838,482040.0,29521.336644840823
A,0.01514029883257215,0.11004601226993865,0.9503311258278145,0.19725085910652923,480780.0,29442.312034319257
A,0.015284225471551678,0.1111111111111111,0.9503311258278145,0.19896013864818024,476280.0,29160.081282456536
A,0.015301381944481501,0.11124031007751937,0.9503311258278145,0.19916724496877167,475740.0,29126.21359223301
A,0.015464460486743692,0.11219702892885067,0.9503311258278145,0.2006993006993007,471780.0,28877.850530593812
A,0.015561631173698744,0.11277013752455796,0.9503311258278145,0.2016157358623112,469440.0,28731.0905396252
A,0.015642861554039777,0.11330438215554678,0.9503311258278145,0.20246913580246914,467280.0,28595.619778731092
A,0.015839960089867742,0.11434262948207172,0.9503311258278145,0.20412517780938835,463140.0,28335.967487017384
A,0.015843911666216758,0.11443381180223286,0.9503311258278145,0.20427046263345194,462780.0,28313.389026868368
A,0.016028667359466803,0.11518324607329843,0.9470198675496688,0.20538599640933572,462660.0,28031.158275005648
A,0.01608387468961434,0.11515151515151516,0.9437086092715232,0.2052574720921858,465600.0,27940.844434409573
A,0.016238552109537906,0.11594792514239219,0.9437086092715232,0.20652173913043478,462540.0,27748.92752314292
A,0.016353300054257003,0.11685116851168512,0.9437086092715232,0.20795330171470267,459120.0,27534.43215172725
A,0.01640871505626937,0.11672831894780107,0.9403973509933775,0.2076782449725777,462420.0,27466.696771280196
A,0.01665805044613402,0.1175249169435216,0.9370860927152318,0.20885608856088564,462300.0,27184.466019417476
A,0.01667616874503914,0.11772046589018303,0.9370860927152318,0.20916481892091648,461580.0,27139.30909911944
A,0.016804032566628466,0.11875786823331934,0.9370860927152318,0.21080074487895717,457800.0,26902.23526755475
A,0.016935229512559536,0.1194596876319122,0.9370860927152318,0.21190565331336578,455280.0,26744.186046511626
A,0.017077423056827544,0.12001696352841391,0.9370860927152318,0.21278195488721807,453300.0,26620.00451569203
A,0.017277839548458674,0.12125107112253641,0.9370860927152318,0.21471927162367224,448980.0,26349.062993903815
A,0.017302915010119692,0.12130304329189884,0.9370860927152318,0.21480075901328272,448800.0,26337.773763829307
A,0.017496741285717043,0.12261698440207973,0.9370860927152318,0.21685823754789274,444300.0,26055.543011966587
A,0.017585243933475398,0.12266202696824706,0.9337748344370861,0.2168396770472895,447060.0,25953.939941296005
A,0.017701375409003958,0.12352168199737187,0.9337748344370861,0.21818181818181817,444180.0,25773.31226010386
A,0.017881286130447104,0.12461334511710119,0.9337748344370861,0.21988304093567254,440580.0,25547.527658613682
A,0.017975037443710398,0.12488928255093003,0.9337748344370861,0.2203125,439680.0,25491.081508241135
A,0.018241034529575633,0.12628750559785043,0.9337748344370861,0.22248520710059172,435180.0,25208.850756378415
A,0.018309096361271662,0.12657091561938957,0.9337748344370861,0.2229249011857707,434280.0,25152.404606005868
A,0.01847076698412637,0.12771739130434784,0.9337748344370861,0.22470119521912355,430680.0,24926.62000451569
A,0.018697896581209385,0.12859097127222982,0.9337748344370861,0.22605210420841684,427980.0,24757.281553398057
A,0.0187717382176407,0.12918002748511223,0.9337748344370861,0.22696177062374245,426180.0,24644.389252652967
A,0.019102477031671047,0.13021316033364227,0.9304635761589404,0.22845528455284556,426060.0,24362.158500790247
A,0.019104018977297636,0.13021316033364227,0.9304635761589404,0.22845528455284556,426060.0,24362.158500790247
A,0.01939940214249492,0.13173933427097984,0.9304635761589404,0.23080082135523614,421560.0,24079.927748927523
A,0.019496681584042694,0.13242224316682374,0.9304635761589404,0.23184818481848182,419580.0,23955.746218107925
A,0.01960520947588266,0.13330170777988615,0.9304635761589404,0.23319502074688797,417060.0,23797.6969970648
A,0.01977525268167365,0.13464302827024438,0.9304635761589404,0.2352448723315195,413280.0,23560.623165500114
A,0.019841569497094428,0.13490158425348056,0.9304635761589404,0.23563941299790353,412560.0,23515.46624520208
A,0.020152185966681543,0.13654033041788144,0.9304635761589404,0.238135593220339,408060.0,23233.235493339354
A,0.020187504424660874,0.13693957115009747,0.9304635761589404,0.23874256584536954,406980.0,23165.5001128923
A,0.020485583548947292,0.1382193802262666,0.9304635761589404,0.2406852248394004,403560.0,22951.00474147663
A,0.02072607814329528,0.13931581556767478,0.9304635761589404,0.24234583872358775,400680.0,22770.37706028449
A,0.020832473982797868,0.1399402390438247,0.9304635761589404,0.24329004329004328,399060.0,22668.773989613906
A,0.021200032968389907,0.14170448814926878,0.9304635761589404,0.24595185995623628,394560.0,22386.543237751186
A,0.02122234711903179,0.14177598385469223,0.9304635761589404,0.24605954465849386,394380.0,22375.254007676675
A,0.02155628901405125,0.1435137895812053,0.9304635761589404,0.24867256637168142,390060.0,22104.312485888462
A,0.021670144979315322,0.14388489208633093,0.9271523178807947,0.24911032028469754,392280.0,21968.841724994356
A,0.021984930794685168,0.14433523021210554,0.9238410596026491,0.24966442953020135,394320.0,21822.081734025738
A,0.022335771215455873,0.1454735740450026,0.9205298013245033,0.25124265702666065,394740.0,21573.718672386545
A,0.022423698533226722,0.14570230607966456,0.9205298013245033,0.2515837104072398,394200.0,21539.850982163018
A,0.022832027769157284,0.14763674986723313,0.9205298013245033,0.25446224256292904,389700.0,21257.620230300294
A,0.022901555509851592,0.14818763326226012,0.9205298013245033,0.2552800734618917,388440.0,21178.59561977873
A,0.023197092988167856,0.1496232508073197,0.9205298013245033,0.2574074074074074,385200.0,20975.38947843757
A,0.023402039972102984,0.15046170559478544,0.9172185430463576,0.25851609892673827,386520.0,20783.47256717092
A,0.023563811179628174,0.15111838516093834,0.9172185430463576,0.2594847775175644,385080.0,20693.15872657485
A,0.023997726644028036,0.1532079646017699,0.9172185430463576,0.26255924170616113,380580.0,20410.927974712125
A,0.024048463585942724,0.15337763012181616,0.9172185430463576,0.26280834914611007,380220.0,20388.349514563106
A,0.024416013370767098,0.15479528883903534,0.9139072847682119,0.2647482014388489,380460.0,20128.6972228494
A,0.024571469987719984,0.15593220338983052,0.9139072847682119,0.26640926640926643,378120.0,19981.937231880787
A,0.024749945745725595,0.15699658703071673,0.9139072847682119,0.2679611650485437,375960.0,19846.466470986677
A,0.02510858991836918,0.15907780979827088,0.9139072847682119,0.2709867452135494,371820.0,19586.814179272973
A,0.025119815025063445,0.15926139642238893,0.9139072847682119,0.27125307125307124,371460.0,19564.235719123957
A,0.025404194709909338,0.1598360655737705,0.9039735099337748,0.27164179104477615,380100.0,19282.004967261233
A,0.02553323892336781,0.16058823529411764,0.9039735099337748,0.2727272727272727,378660.0,19191.691126665162
A,0.02576366777422777,0.16161616161616163,0.9006622516556292,0.2740554156171285,379980.0,18999.77421539851
A,0.026131430526058538,0.16276276276276277,0.8973509933774835,0.2755465175394001,381120.0,18796.568074057348
A,0.026430515250677016,0.16344993968636912,0.8973509933774835,0.27653061224489794,379860.0,18717.54346353579
A,0.02683175402527345,0.1653398652786283,0.8940397350993378,0.27906976744186046,379740.0,18435.312711673065
A,0.026901031884691274,0.16574585635359115,0.8940397350993378,0.2796478508544796,379020.0,18390.15579137503
A,0.02732074813336949,0.16791044776119404,0.8940397350993378,0.28272251308900526,375240.0,18153.08195981034
A,0.02762694291348801,0.16938519447929737,0.8940397350993378,0.2848101265822785,372720.0,17995.032738767215
A,0.027801056017904124,0.17056222362602652,0.8940397350993378,0.286472148541114,370740.0,17870.85120794762
A,0.0283995863373391,0.1725465041693393,0.890728476821192,0.28909188608275116,370800.0,17599.909686159404
A,0.028405591001495454,0.17265725288831835,0.890728476821192,0.289247311827957,370620.0,17588.620456084893
A,0.029196146819850336,0.17416829745596868,0.8841059602649006,0.29100817438692095,374880.0,17306.389704222172
A,0.029315127397678973,0.17519685039370078,0.8841059602649006,0.2924424972617744,373260.0,17204.78663355159
A,0.029616692672225556,0.1770557029177719,0.8841059602649006,0.2950276243093922,370380.0,17024.15895235945
A,0.03006468522202808,0.17931497649429148,0.8841059602649006,0.29815745393634846,366960.0,16809.66358094378
A,0.03031138684543268,0.18004045853000675,0.8841059602649006,0.2991596638655462,365880.0,16741.928200496724
A,0.030995077019668117,0.1831275720164609,0.8841059602649006,0.3034090909090909,361380.0,16459.697448634004
A,0.031054373288708217,0.18375774260151412,0.8841059602649006,0.30427350427350425,360480.0,16403.25129826146
A,0.03154767561710875,0.18632240055826937,0.8841059602649006,0.30778097982708935,356880.0,16177.46669677128
A,0.031871014145599036,0.18829337094499296,0.8841059602649006,0.3104651162790698,354180.0,16008.128245653646
A,0.032124696476433255,0.18963068181818182,0.8841059602649006,0.312280701754386,352380.0,15895.235944908556
A,0.03262416354991424,0.19233550253073028,0.8807947019867549,0.31572700296735906,352260.0,15613.005193045834
A,0.03262763489125869,0.19233550253073028,0.8807947019867549,0.31572700296735906,352260.0,15613.005193045834
A,0.03320413025260149,0.195139911634757,0.8774834437086093,0.31927710843373497,352140.0,15330.774441183112
A,0.03333621049321348,0.19584569732937684,0.8741721854304636,0.32,354720.0,15217.882140438021
A,0.033666360553165874,0.1980495123780945,0.8741721854304636,0.3229357798165137,352020.0,15048.543689320388
A,0.03430146134805437,0.20106626047220105,0.8741721854304636,0.32693498452012376,348420.0,14822.759087830209
A,0.034430902992467746,0.2018348623853211,0.8741721854304636,0.3279503105590062,347520.0,14766.312937457666
A,0.03509905319135103,0.2049883086515978,0.8708609271523179,0.33186119873817027,347400.0,14484.082185594943
A,0.03518133351985356,0.20438527799530148,0.8642384105960265,0.33058898036732104,355080.0,14416.346805147889
A,0.03595278304830679,0.2066772655007949,0.8609271523178808,0.3333333333333333,356040.0,14201.851433732218
A,0.036403708683412195,0.20853462157809985,0.8576158940397351,0.3354922279792746,357540.0,14021.223752540076
A,0.03677938885223697,0.20924574209245742,0.8543046357615894,0.3361563517915309,360300.0,13919.620681869495
A,0.03795551343148613,0.21357615894039736,0.8543046357615894,0.34172185430463575,355800.0,13637.389930006773
A,0.037956966688246885,0.21375310687655344,0.8543046357615894,0.34194831013916505,355620.0,13626.100699932264
A,0.0393636599974174,0.21639898562975485,0.847682119205298,0.34478114478114474,360060.0,13355.15917814405
A,0.03967429830631072,0.2175767918088737,0.8443708609271523,0.34599728629579374,362460.0,13230.977647324451
A,0.04018366317932916,0.22020725388601037,0.8443708609271523,0.3493150684931507,359940.0,13072.928426281327
A,0.040701251499444854,0.22359154929577466,0.8410596026490066,0.35326842837274,360360.0,12824.565364642132
A,0.04094748152614657,0.22418358340688438,0.8410596026490066,0.35400696864111497,359820.0,12790.697674418605
A,0.04222331458326673,0.2292418772563177,0.8410596026490066,0.36028368794326243,355320.0,12508.466922555881
A,0.042638672385519355,0.23069936421435058,0.8410596026490066,0.3620812544547399,354060.0,12429.44231203432
A,0.043542081690484784,0.23361034164358263,0.8377483443708609,0.36534296028880864,355200.0,12226.236170693159
A,0.044600972737476964,0.2373358348968105,0.8377483443708609,0.36988304093567254,352140.0,12034.319259426507
A,0.04507319511644235,0.2391304347826087,0.8377483443708609,0.3720588235294118,350700.0,11944.005418830437
A,0.04615652595802597,0.24491771539206195,0.8377483443708609,0.3790262172284644,346200.0,11661.774666967713
A,0.04619574455314155,0.24539282250242483,0.8377483443708609,0.37959489872468116,345840.0,11639.196206818695
A,0.047294742568077607,0.2509920634920635,0.8377483443708609,0.38625954198473283,341700.0,11379.543915104989
A,0.04793855840378444,0.25301204819277107,0.8344370860927153,0.3882896764252696,343920.0,11244.073154210882
A,0.048605904958532335,0.25635808748728384,0.8344370860927153,0.39221789883268476,341580.0,11097.313163242266
A,0.049955427408344376,0.26145833333333335,0.8311258278145696,0.3977812995245642,341820.0,10837.660871528562
A,0.050003060900631384,0.2620041753653445,0.8311258278145696,0.39841269841269844,341460.0,10815.082411379544
A,0.051957522177040825,0.26688102893890675,0.8245033112582781,0.40323886639676115,345720.0,10532.85165951682
A,0.052591373262179275,0.2681081081081081,0.8211920529801324,0.4042379788101059,348660.0,10442.53781892075
A,0.053647275425855914,0.2720264317180617,0.8178807947019867,0.40826446280991735,349980.0,10250.620907654098
A,0.055076856707166444,0.27752808988764044,0.8178807947019867,0.4144295302013422,346740.0,10047.414766312937
A,0.055624732196264855,0.2797281993204983,0.8178807947019867,0.4168776371308017,345480.0,9968.390155791374
A,0.05744566575061455,0.28554778554778554,0.8112582781456954,0.4224137931034483,349740.0,9686.159403928652
A,0.057843160126993295,0.28654970760233917,0.8112582781456954,0.42350907519446845,349200.0,9652.291713705126
A,0.05980719383000872,0.2917166866746699,0.804635761589404,0.428193832599119,354000.0,9403.92865206593
A,0.06052453618445684,0.2951219512195122,0.8013245033112583,0.43137254901960786,356040.0,9257.168661097314
A,0.061111714758015495,0.2995049504950495,0.8013245033112583,0.436036036036036,353880.0,9121.697900203206
A,0.06312144890075101,0.30739795918367346,0.7980132450331126,0.4438305709023941,353940.0,8850.756378414992
A,0.06323555787234005,0.30779054916985954,0.7980132450331126,0.44423963133640554,353760.0,8839.467148340484
A,0.06540044977896703,0.316622691292876,0.7947019867549668,0.4528301886792452,353640.0,8557.23639647776
A,0.06646546591566747,0.3177570093457944,0.7880794701986755,0.4529019980970504,360780.0,8455.633325807179
A,0.06878790728575265,0.32332878581173263,0.7847682119205298,0.45797101449275374,362280.0,8275.005644615037
A,0.07124967500417784,0.3277310924369748,0.7748344370860927,0.46062992125984253,372000.0,8060.5102731993675
A,0.07226756252673754,0.3290960451977401,0.7715231788079471,0.46138613861386146,375300.0,7992.774892752315
A,0.07544996782378874,0.33528550512445093,0.7582781456953642,0.46497461928934003,388320.0,7710.544140889591
A,0.0757634025408207,0.33726067746686306,0.7582781456953642,0.4668705402650357,387600.0,7665.387220591556
A,0.07997468695952807,0.34498480243161095,0.7516556291390728,0.4729166666666667,392580.0,7428.313389026868
A,0.08253022874357144,0.3514774494556765,0.7483443708609272,0.4783068783068783,394260.0,7258.9749379092345
A,0.08362432499684297,0.353870458135861,0.7417218543046358,0.479144385026738,401220.0,7146.082637164146
A,0.08818641911337569,0.3618421052631579,0.7284768211920529,0.4835164835164835,414240.0,6863.851885301422
A,0.0882537466845513,0.3618421052631579,0.7284768211920529,0.4835164835164835,414240.0,6863.851885301422
A,0.09329553474627891,0.37221269296740994,0.7185430463576159,0.4903954802259888,422880.0,6581.621133438699
A,0.0949110269563331,0.3769633507853403,0.7152317880794702,0.49371428571428566,425460.0,6468.72883269361
A,0.0983322584080093,0.3835125448028674,0.7086092715231788,0.4976744186046511,431520.0,6299.390381575977
A,0.10203987633836216,0.39219330855018586,0.6986754966887417,0.5023809523809525,441060.0,6073.605780085798
A,0.10339795615882645,0.39587242026266417,0.6986754966887417,0.5053892215568863,440160.0,6017.159629713254
A,0.10966595754769211,0.4074803149606299,0.6854304635761589,0.5111111111111111,453180.0,5734.928877850531
A,0.11086390006456413,0.4115308151093439,0.6854304635761589,0.5142857142857142,452280.0,5678.482727477986
A,0.11704360885605583,0.4244306418219462,0.6788079470198676,0.5222929936305732,457440.0,5452.6981259878075
A,0.12063521249673322,0.43897216274089934,0.6788079470198676,0.5331599479843953,454560.0,5272.070444795665
A,0.12334518177192719,0.44541484716157204,0.6754966887417219,0.5368421052631578,457320.0,5170.4673741250845
A,0.13363997724691812,0.4665127020785219,0.6688741721854304,0.5496598639455782,461580.0,4888.236622262361
A,0.13369375155092053,0.4675925925925926,0.6688741721854304,0.5504087193460491,461400.0,4876.9473921878525
A,0.14328441818686039,0.4877450980392157,0.6589403973509934,0.5605633802816902,470220.0,4606.005870399639
A,0.14650891120331466,0.4987405541561713,0.6556291390728477,0.5665236051502145,472620.0,4481.824339580041
A,0.15578339597508228,0.5117493472584856,0.6490066225165563,0.5722627737226277,478860.0,4323.775118536915
A,0.16593015738404387,0.5303867403314917,0.6357615894039735,0.5783132530120481,492600.0,4086.701286972228
A,0.1681665787761249,0.5335195530726257,0.6324503311258278,0.5787878787878787,496260.0,4041.5443666741926
A,0.18499229349959184,0.5615615615615616,0.6192052980132451,0.5889763779527559,509280.0,3759.31361481147
A,0.19117988037206574,0.5688073394495413,0.6158940397350994,0.5914149443561209,512580.0,3691.5782343644164
A,0.20631176883938868,0.5811688311688312,0.5927152317880795,0.5868852459016395,539820.0,3477.0828629487464
A,0.21667240742811855,0.5876288659793815,0.5662251655629139,0.5767284991568297,571800.0,3285.165951682095
A,0.22800520818192577,0.6007067137809188,0.5629139072847682,0.5811965811965812,574740.0,3194.852111086024
A,0.25400858552272854,0.627906976744186,0.5364238410596026,0.5785714285714285,605280.0,2912.621359223301
A,0.25482527302109487,0.6328125,0.5364238410596026,0.5806451612903226,604920.0,2890.042899074283
A,0.29270503012171917,0.6523605150214592,0.5033112582781457,0.5682242990654206,644580.0,2630.390607360578
A,0.30618788944961406,0.665158371040724,0.4867549668874172,0.5621414913957934,664320.0,2494.919846466471
A,0.32467997660681785,0.6826923076923077,0.47019867549668876,0.5568627450980392,683880.0,2348.159855497855
A,0.3621582706249027,0.7258064516129032,0.4470198675496689,0.5532786885245902,710580.0,2099.796793858659
A,0.3687659221936047,0.73224043715847,0.44370860927152317,0.5525773195876289,714420.0,2065.929103635132
A,0.4345969017075608,0.7784810126582279,0.40728476821192056,0.5347826086956522,758100.0,1783.698351772409
A,0.4456002837820307,0.8,0.3973509933774834,0.5309734513274336,769800.0,1693.384511176338
A,0.5303032171644728,0.8120300751879699,0.3576158940397351,0.49655172413793097,819300.0,1501.4675999096862
A,0.6080518505113862,0.8782608695652174,0.3344370860927152,0.48441247002398075,846720.0,1298.2614585685255
A,0.625726507343787,0.8888888888888888,0.31788079470198677,0.46829268292682924,867360.0,1219.2368480469631
A,0.7434546628147097,0.9156626506024096,0.25165562913907286,0.39480519480519477,950460.0,937.0060961842402
A,0.7504997019317202,0.9125,0.24172185430463577,0.3821989528795812,963060.0,903.1384059607135
A,0.8395049156767066,0.896551724137931,0.17218543046357615,0.28888888888888886,1051080.0,654.7753443215173
A,0.8716230335355185,0.9111111111111111,0.1357615894039735,0.23631123919308356,1096920.0,508.0153533529013
A,0.8972662530690301,0.9090909090909091,0.09933774834437085,0.17910447761194032,1142940.0,372.5445924587943
A,0.9789411637628321,1.0,0.026490066225165563,0.05161290322580646,1234800.0,90.31384059607134
B,0.0032064713099720856,0.034093474825016935,1.0,0.06593886462882095,1540080.0,100000.0
B,0.0034928077652855664,0.03418996943280878,1.0,0.06611932129173509,1535580.0,99717.76924813728
B,0.003542698915668696,0.034267559287416316,1.0,0.06626439934174438,1531980.0,99491.9846466471
B,0.0035607604569309545,0.034287011807447774,1.0,0.06630076838638858,1531080.0,99435.53849627456
B,0.003594996187616141,0.034384606626437435,1.0,0.06648321408915794,1526580.0,99153.30774441184
B,0.0036012631538050797,0.03440419229892914,1.0,0.06651982378854625,1525680.0,99096.86159403929
B,0.0036424544213073747,0.034482758620689655,1.0,0.06666666666666667,1522080.0,98871.07699254912
B,0.003661110165420933,0.034541919249685464,1.0,0.06677722498618022,1519380.0,98701.73854143148
B,0.0036770680676490824,0.03458147257528913,1.0,0.06685113447703375,1517580.0,98588.84624068638
B,0.003714198182469576,0.034680753330271014,1.0,0.06703662597114317,1513080.0,98306.61548882366
B,0.003714237562206659,0.034680753330271014,1.0,0.06703662597114317,1513080.0,98306.61548882366
B,0.0037431046497588072,0.034780605781411955,1.0,0.06722314969393434,1508580.0,98024.38473696093
B,0.003756397497703414,0.03482472324723247,1.0,0.06730554936483174,1506600.0,97900.20320614135
B,0.003776028017040518,0.03488103488103488,1.0,0.06741071428571428,1504080.0,97742.15398509821
B,0.003801617324662068,0.034965844621975224,1.0,0.06756907931535967,1500300.0,97505.08015353353
B,0.003805759260525946,0.03498204563882775,1.0,0.06759932848349189,1499580.0,97459.92323323549
B,0.003831365917939769,0.03508364312267658,1.0,0.06778900112233445,1495080.0,97177.69248137277
B,0.0038372289588356643,0.03510811439200186,1.0,0.06783468104222821,1494000.0,97109.95710092572
B,0.003856247109032446,0.03518583245951299,1.0,0.06797974113674733,1490580.0,96895.46172951005
B,0.003873801246549196,0.03525154663242675,1.0,0.06810237907317622,1487700.0,96714.8340483179
B,0.003880689879034798,0.03528861883617668,1.0,0.06817155756207674,1486080.0,96613.23097764733
B,0.0038973322202141103,0.03539200750029298,1.0,0.06836445953593662,1481580.0,96331.0002257846
B,0.0038979193863134818,0.03540030477083578,1.0,0.06837993886561758,1481220.0,96308.42176563559
B,0.003914711615886301,0.03549600376116596,1.0,0.06855845629965948,1477080.0,96048.76947392189
B,0.00392065984099703,0.035546139359698685,1.0,0.06865196635599,1474920.0,95913.29871302778
B,0.003929895993484715,0.03560061299068726,1.0,0.06875355719977234,1472580.0,95766.53872205915
B,0.003945940799845988,0.03569318047512114,1.0,0.06892616683784092,1468620.0,95518.17566041996
B,0.0039481281427162845,0.035705840624261055,1.0,0.06894977168949773,1468080.0,95484.30797019643
B,0.003974646778058036,0.035811692161745526,1.0,0.06914710933028048,1463580.0,95202.07721833371
B,0.003978316569385474,0.035841443152148114,1.0,0.0692025664527956,1462320.0,95123.05260781215
B,0.003993022718901527,0.03591817316841104,1.0,0.069345579793341,1459080.0,94919.84646647099
B,0.004012323047336958,0.03599094267667739,1.0,0.06948119176348787,1456020.0,94727.92955520433
B,0.004017677435876095,0.03602528927591554,1.0,0.06954519286125503,1454580.0,94637.61571460826
B,0.004033987418779635,0.03613304618329744,1.0,0.0697459584295612,1450080.0,94355.38496274553
B,0.004034533160953877,0.036146020347097546,1.0,0.06977012821993762,1449540.0,94321.51727252202
B,0.004048377154869439,0.03624144965798632,1.0,0.06994788650839606,1445580.0,94073.15421088281
B,0.0040597922816918005,0.036298076923076926,1.0,0.07005335189051265,1443240.0,93926.3942199142
B,0.0040679611697667685,0.036350505536831966,1.0,0.07015098722415794,1441080.0,93790.9234590201
B,0.004089845470860042,0.03645141822570911,1.0,0.07033888436007918,1436940.0,93531.27116730639
B,0.004093047123414262,0.036460219727152,1.0,0.07035527082119977,1436580.0,93508.69270715737
B,0.004114880111903536,0.036570598207798496,1.0,0.0705607476635514,1432080.0,93226.46195529465
B,0.00412079851189612,0.03660606060606061,1.0,0.0706267539756782,1430640.0,93136.14811469858
B,0.004133775340208221,0.03668164703024414,1.0,0.07076742823667252,1427580.0,92944.23120343193
B,0.004148021924951162,0.03676202069385271,1.0,0.07091698955031114,1424340.0,92741.02506209076
B,0.00415143040308202,0.03679337231968811,1.0,0.0709753231492362,1423080.0,92662.0004515692
B,0.0041651583352866,0.036905780276182326,1.0,0.07118444313494401,1418580.0,92379.76969970648
B,0.004170404265408088,0.036923829318987654,1.0,0.07121801674330858,1417860.0,92334.61277940845
B,0.004186074983443498,0.03701887717577838,1.0,0.07139479905437351,1414080.0,92097.53894784376
B,0.004195099068257005,0.037082514734774065,1.0,0.07151314231588918,1411560.0,91939.48972680063
B,0.004205378528541097,0.03713266937169556,1.0,0.07160640189685834,1409580.0,91815.30819598104
B,0.004222282990477512,0.03711925021580959,0.9966887417218543,0.07157294019736059,1409640.0,91544.36667419282
B,0.004222836646270554,0.037123828317710904,0.9966887417218543,0.07158145065398336,1409460.0,91533.07744411832
B,0.0042415468582848465,0.03723864901645429,0.9966887417218543,0.07179487179487179,1404960.0,91250.84669225558
B,0.004250913972432382,0.03728015853356453,0.9966887417218543,0.07187201528175739,1403340.0,91149.243621585
B,0.00426069218542982,0.03735418217920079,0.9966887417218543,0.07200956937799043,1400460.0,90968.61594039286
B,0.004270625034921673,0.03744712615078378,0.9966887417218543,0.07218225419664269,1396860.0,90742.83133890269
B,0.0042727587368622585,0.03747043445786132,0.9966887417218543,0.0722255548890222,1395960.0,90686.38518853014
B,0.004294154410349321,0.037587412587412584,0.9966887417218543,0.0724428399518652,1391460.0,90404.15443666742
B,0.004297324097076923,0.03761089591403224,0.9966887417218543,0.07248645394340758,1390560.0,90347.70828629487
B,0.0043135927365187164,0.037705123387197795,0.9966887417218543,0.07266143633071817,1386960.0,90121.9236848047
B,0.004325947963755695,0.03765060240963856,0.9933774834437086,0.07255139056831923,1388640.0,89952.58523368706
B,0.004338134790294229,0.03769791404875597,0.9933774834437086,0.07263922518159807,1386840.0,89839.69293294197
B,0.004351717000168382,0.037816714988024705,0.9933774834437086,0.07285974499089254,1382340.0,89557.46218107925
B,0.004352575370948216,0.037816714988024705,0.9933774834437086,0.07285974499089254,1382340.0,89557.46218107925
B,0.004369081929787692,0.03793626707132018,0.9933774834437086,0.07308160779537151,1377840.0,89275.23142921652
B,0.00437600302642698,0.03798429982273993,0.9933774834437086,0.07317073170731705,1376040.0,89162.33912847143
B,0.004388135432411561,0.038056577445135104,0.9933774834437086,0.07330482590103848,1373340.0,88993.0006773538
B,0.004401712931677945,0.03815822945815314,0.9933774834437086,0.07349338559529643,1369560.0,88755.92684578912
B,0.004402300877531761,0.03817765334690761,0.9933774834437086,0.07352941176470588,1368840.0,88710.76992549108
B,0.004423101495379653,0.038299502106472615,0.9933774834437086,0.07375537799631222,1364340.0,88428.53917362836
B,0.004425540040335248,0.038328861632809505,0.9933774834437086,0.07380981670562184,1363260.0,88360.8037931813
B,0.004440312101356823,0.038422131147540985,0.9933774834437086,0.07398273736128237,1359840.0,88146.30842176564
B,0.004447246485331642,0.038501026694045176,0.9933774834437086,0.07412898443291328,1356960.0,87965.68074057349
B,0.004456883062085148,0.03854554798920724,0.9933774834437086,0.07421150278293134,1355340.0,87864.07766990292
B,0.00447962909286723,0.038669760247486466,0.9933774834437086,0.07444168734491316,1350840.0,87581.84691804019
B,0.004479995563946547,0.03867474539125951,0.9933774834437086,0.0744509244323117,1350660.0,87570.55768796567
B,0.004491866160870611,0.0387947756368809,0.9933774834437086,0.07467330429371499,1346340.0,87299.61616617747
B,0.004499917124696894,0.03885003885003885,0.9933774834437086,0.07477567298105683,1344360.0,87175.43463535787
B,0.00451052275554027,0.038920601971977165,0.9933774834437086,0.07490636704119849,1341840.0,87017.38541431475
B,0.004525482073918952,0.039032006245121,0.9933774834437086,0.07511266900350526,1337880.0,86769.02235267556
B,0.0045277852995313315,0.03904724716907458,0.9933774834437086,0.07514088916718847,1337340.0,86735.15466245201
B,0.00454145823110316,0.039174719247845394,0.9933774834437086,0.07537688442211057,1332840.0,86452.92391058929
B,0.0045452409077233105,0.039210560711018166,0.9933774834437086,0.07544322897019991,1331580.0,86373.89930006773
B,0.004556161311503803,0.039303026333027645,0.9933774834437086,0.07561436672967864,1328340.0,86170.69315872657
B,0.004570318784274289,0.03939075630252101,0.9933774834437086,0.07577671129072998,1325280.0,85978.77624745991
B,0.004583447383257612,0.03943217665615142,0.9933774834437086,0.07585335018963338,1323840.0,85888.46240686385
B,0.004602621688162288,0.039562178557299224,0.9933774834437086,0.07609384908053266,1319340.0,85606.23165500113
B,0.00460357153766649,0.03957261574990107,0.9933774834437086,0.07611315489027021,1318980.0,85583.65319485212
B,0.004624271819780313,0.03956073035194496,0.9900662251655629,0.07608142493638677,1319220.0,85324.00090313841
B,0.004634011447145545,0.03962889330682571,0.9900662251655629,0.07620746782209761,1316880.0,85177.2409121698
B,0.004642190618312296,0.039692021770874816,0.9900662251655629,0.07632418634333121,1314720.0,85041.77015127569
B,0.004660706016235476,0.03981358189081225,0.9900662251655629,0.0765488991295443,1310580.0,84782.11785956197
B,0.0046633615866630155,0.03982418753329781,0.9900662251655629,0.0765685019206146,1310220.0,84759.53939941297
B,0.004693518206155359,0.039957236402512364,0.9900662251655629,0.07681438664097624,1305720.0,84477.30864755024
B,0.004700197597165817,0.04,0.9900662251655629,0.07689340362607691,1304280.0,84386.99480695416
B,0.004709628504475731,0.04009117725931885,0.9900662251655629,0.0770618556701031,1301220.0,84195.07789568751
B,0.00472726806930067,0.040188172043010756,0.9900662251655629,0.07724102299147509,1297980.0,83991.87175434636
B,0.004736828799344233,0.040226019103995696,0.9900662251655629,0.0773109243697479,1296720.0,83912.84714382478
B,0.004758160972551369,0.040361771058315336,0.9900662251655629,0.07756160830090791,1292220.0,83630.61639196206
B,0.0047602043139679485,0.04037812288993923,0.9900662251655629,0.07759179966264435,1291680.0,83596.74870173854
B,0.004782936443362869,0.040498442367601244,0.9900662251655629,0.0778139232270657,1287720.0,83348.38564009934
B,0.004795124957203699,0.040575383362735785,0.9900662251655629,0.07795593794811628,1285200.0,83190.33641905623
B,0.004801330801018726,0.04063604240282685,0.9900662251655629,0.07806788511749346,1283220.0,83066.15488823662
B,0.004817353558756834,0.04063266975729479,0.9867549668874173,0.07805133577789418,1283280.0,82795.2133664484
B,0.004819151800106661,0.0406382108277649,0.9867549668874173,0.07806155861165685,1283100.0,82783.9241363739
B,0.00483921908359113,0.04077723043240285,0.9867549668874173,0.0783180026281209,1278600.0,82501.69338451118
B,0.004850131891686048,0.04082751061789286,0.9867549668874173,0.07841073542954874,1276980.0,82400.0903138406
B,0.004862928927106861,0.04091720444871619,0.9867549668874173,0.07857613711272247,1274100.0,82219.46263264846
B,0.004874359317481603,0.04102422907488987,0.9867549668874173,0.07877346021675918,1270680.0,82004.96726123278
B,0.0048770128953589545,0.041058142739046566,0.9867549668874173,0.07883597883597883,1269600.0,81937.23188078574
B,0.004891996965674701,0.04120005530208765,0.9867549668874173,0.07909754479097546,1265100.0,81655.00112892302
B,0.004893101294352075,0.04122285240005533,0.9867549668874173,0.07913955649980083,1264380.0,81609.84420862497
B,0.004913442791676059,0.04134295227524972,0.9867549668874173,0.07936085219707058,1260600.0,81372.77037706028
B,0.004919644354693945,0.04142916724593355,0.9867549668874173,0.07951967978652436,1257900.0,81203.43192594266
B,0.004929389148307727,0.04149262043998886,0.9867549668874173,0.07963655799037947,1255920.0,81079.25039512305
B,0.00494802556059597,0.04163174070969545,0.9867549668874173,0.07989276139410188,1251600.0,80808.30887333483
B,0.004949781862694501,0.04163755763588096,0.9867549668874173,0.07990347231532377,1251420.0,80797.01964326033
B,0.004968778718638717,0.04178351093662367,0.9867549668874173,0.08017218186709713,1246920.0,80514.7888913976
B,0.004979589706015045,0.041836304927699006,0.9867549668874173,0.08026936026936028,1245300.0,80413.18582072703
B,0.004992789283301228,0.04193049106514704,0.9867549668874173,0.08044270481846402,1242420.0,80232.55813953489
B,0.005011142862301174,0.042042889390519186,0.9867549668874173,0.08064952638700947,1239000.0,80018.06276811921
B,0.005014395292392725,0.04207850889579215,0.9867549668874173,0.08071505958829903,1237920.0,79950.32738767217
B,0.005037070362023935,0.04208587218364744,0.9834437086092715,0.08071748878923767,1237800.0,79668.09663580944
B,0.005040509799946806,0.042115711854792966,0.9834437086092715,0.08077236877889583,1236900.0,79611.6504854369
B,0.0050567686906356595,0.04223549488054607,0.9834437086092715,0.080992637032997,1233300.0,79385.86588394671
B,0.005063626298509855,0.042325780247969215,0.9834437086092715,0.08115862822789999,1230600.0,79216.52743282907
B,0.005069574218677752,0.0423861852433281,0.9834437086092715,0.08126966753317827,1228800.0,79103.63513208399
B,0.005086388415406275,0.04253795474076196,0.9834437086092715,0.0815485996705107,1224300.0,78821.40438022127
B,0.005086804065785186,0.04253795474076196,0.9834437086092715,0.0815485996705107,1224300.0,78821.40438022127
B,0.005111361497343167,0.042690815006468305,0.9834437086092715,0.0818294530927125,1219800.0,78539.17362835855
B,0.005128904213011979,0.042752267165683026,0.9834437086092715,0.08194233687405159,1218000.0,78426.28132761345
B,0.005143158853682046,0.042844777841892674,0.9834437086092715,0.08211224771910422,1215300.0,78256.94287649583
B,0.005150958322384422,0.04296875,0.9834437086092715,0.08233989464929303,1211700.0,78031.15827500564
B,0.00515577292030903,0.04299985521934269,0.9834437086092715,0.08239700374531836,1210800.0,77974.71212463311
B,0.0051785482213388976,0.043156059285091544,0.9834437086092715,0.08268374164810692,1206300.0,77692.48137277037
B,0.005182251251239168,0.04319371727748691,0.9834437086092715,0.08275285594873222,1205220.0,77624.74599232333
B,0.005199803758114345,0.04331340236254922,0.9834437086092715,0.08297248219025004,1201800.0,77410.25062090765
B,0.005212697788703212,0.04341470545241924,0.9834437086092715,0.08315833683326335,1198920.0,77229.62293971551
B,0.005225054045070944,0.04347189695550351,0.9834437086092715,0.0832632464255677,1197300.0,77128.01986904493
B,0.00524193034901872,0.04363155575143235,0.9834437086092715,0.08355605570403712,1192800.0,76845.78911718221
B,0.0052425436584705365,0.04363796650014693,0.9834437086092715,0.0835678109172763,1192620.0,76834.4998871077
B,0.005272013895359604,0.04379239162488941,0.9834437086092715,0.08385093167701863,1188300.0,76563.55836531948
B,0.0052852846437954765,0.043863535666814356,0.9834437086092715,0.08398133748055987,1186320.0,76439.37683449988
B,0.005296405960947907,0.04395441764096492,0.9834437086092715,0.08414789630259244,1183800.0,76281.32761345676
B,0.005307668932199068,0.04409144893111639,0.9834437086092715,0.0843989769820972,1180020.0,76044.25378189208
B,0.005311466003139975,0.04411764705882353,0.9834437086092715,0.08444697185100938,1179300.0,75999.09686159404
B,0.0053376402059278315,0.04428209333532131,0.9834437086092715,0.08474818091025822,1174800.0,75716.86610973132
B,0.005341517928988333,0.044328358208955226,0.9834437086092715,0.08483290488431877,1173540.0,75637.84149920975
B,0.005357066702021239,0.04444777012870398,0.9834437086092715,0.08505154639175258,1170300.0,75434.6353578686
B,0.005369005727026176,0.04456114028507127,0.9834437086092715,0.08525907851298982,1167240.0,75242.71844660194
B,0.0053842717335910876,0.04446447348655551,0.9801324503311258,0.08506969392154046,1170180.0,75152.40460600588
B,0.005407230490968117,0.04463208685162847,0.9801324503311258,0.08537640611479666,1165680.0,74870.17385414316
B,0.0054090042316540955,0.04464555052790347,0.9801324503311258,0.08540103866128101,1165320.0,74847.59539399412
B,0.005429541741185283,0.04480096866959286,0.9801324503311258,0.08568533796497323,1161180.0,74587.94310228043
B,0.00543855266810204,0.04488248673237301,0.9801324503311258,0.08583442076265041,1159020.0,74452.47234138632
B,0.005446781231698592,0.044971133394105134,0.9801324503311258,0.08599651365485184,1156680.0,74305.7123504177
B,0.005474681907515853,0.04512883061442293,0.9801324503311258,0.08628479813438274,1152540.0,74046.060058704
B,0.005474984927315999,0.045142595699252705,0.9801324503311258,0.08630995771978422,1152180.0,74023.48159855498
B,0.005505026646461736,0.0453153704837722,0.9801324503311258,0.08662569505414106,1147680.0,73741.25084669226
B,0.005511230475749273,0.04521765787860208,0.9768211920529801,0.08643422209200116,1150620.0,73650.93700609618
B,0.005533818245094135,0.04533579222375903,0.9768211920529801,0.08665002202966662,1147560.0,73459.02009482952
B,0.0055531316601014034,0.045307443365695796,0.9735099337748344,0.08658518627595346,1148700.0,73255.81395348837
B,0.005562834769122658,0.04535637149028078,0.9735099337748344,0.0866745283018868,1147440.0,73176.7893429668
B,0.005585674759994071,0.04553903345724907,0.9735099337748344,0.08700799052974253,1142760.0,72883.26936102958
B,0.0055859551824491765,0.0455531453362256,0.9735099337748344,0.08703374777975134,1142400.0,72860.69090088057
B,0.005615076285968936,0.045716062820712174,0.9735099337748344,0.08733105599287093,1138260.0,72601.03860916686
B,0.005624690443376176,0.04580152671755725,0.9735099337748344,0.08748698110400238,1136100.0,72465.56784827275
B,0.005641535274144375,0.04589447393068998,0.9735099337748344,0.08765652951699464,1133760.0,72318.80785730414
B,0.005668942588722527,0.04605984646717844,0.9735099337748344,0.08795811518324607,1129620.0,72059.15556559042
B,0.005674865168247065,0.0460742830277386,0.9735099337748344,0.08798443812658985,1129260.0,72036.5771054414
B,0.005701455217263474,0.046255506607929514,0.9735099337748344,0.08831480925202764,1124760.0,71754.34635357869
B,0.005709733343748325,0.046313799621928164,0.9735099337748344,0.08842105263157894,1123320.0,71664.03251298261
B,0.00572866087044797,0.04643816142789449,0.9735099337748344,0.08864767073722297,1120260.0,71472.11560171595
B,0.00574226856626988,0.04657056866782829,0.9735099337748344,0.08888888888888889,1117020.0,71268.90946037481
B,0.0057492027519752175,0.046622264509990484,0.9735099337748344,0.08898305084745763,1115760.0,71189.88484985323
B,0.005772555653028484,0.04680783314758796,0.9735099337748344,0.08932097827738113,1111260.0,70907.65409799051
B,0.005776947360598187,0.04683020070086014,0.9735099337748344,0.08936170212765956,1110720.0,70873.786407767
B,0.005810010531867138,0.04699488491048593,0.9735099337748344,0.08966148215919487,1106760.0,70625.42334612779
B,0.005831292131832711,0.04708520179372197,0.9735099337748344,0.08982584784601283,1104600.0,70489.95258523368
B,0.005847785129741011,0.04719101123595506,0.9735099337748344,0.09001837109614207,1102080.0,70331.90336419056
B,0.005874252083220787,0.04736587723537941,0.9735099337748344,0.09033645721308957,1097940.0,70072.25107247685
B,0.005876757923717671,0.047381144238517324,0.9735099337748344,0.09036422314430613,1097580.0,70049.67261232783
B,0.005914684264581969,0.04757281553398058,0.9735099337748344,0.09071274298056155,1093080.0,69767.44186046511
B,0.005921156003656453,0.04763447828904731,0.9735099337748344,0.09082483781278962,1091640.0,69677.12801986905
B,0.005937295747069935,0.04776604386677498,0.9735099337748344,0.09106396159207063,1088580.0,69485.2111086024
B,0.005958999197488246,0.047898338220918865,0.9735099337748344,0.09130434782608694,1085520.0,69293.29419733574
B,0.005973255144149664,0.047968673519334315,0.9735099337748344,0.09143212564142435,1083900.0,69191.69112666517
B,0.00600160987252954,0.0481651376146789,0.9735099337748344,0.09178894786137996,1079400.0,68909.46037480244
B,0.006002573361022862,0.048180924287118974,0.9735099337748344,0.09181761399125546,1079040.0,68886.88191465342
B,0.006034899201743173,0.04836321763447936,0.9735099337748344,0.09214856605547721,1074900.0,68627.22962293972
B,0.006052652809818114,0.04830201121002308,0.9701986754966887,0.09202261306532665,1076940.0,68480.4696319711
B,0.006073530573022938,0.04839775355137099,0.9701986754966887,0.092196349905601,1074780.0,68344.99887107698
B,0.006104455094858501,0.04858232465594429,0.9701986754966887,0.09253118585188694,1070640.0,68085.3465793633
B,0.006106796327798705,0.04859844086913253,0.9701986754966887,0.09256041699573528,1070280.0,68062.76811921426
B,0.006144088499961676,0.04863424383744171,0.9668874172185431,0.09261021249603553,1070160.0,67780.53736735154
B,0.006149352202775033,0.04869913275517011,0.9668874172185431,0.09272785011114641,1068720.0,67690.22352675548
B,0.006170516413270491,0.04867034621174109,0.9635761589403974,0.09266040439420474,1070040.0,67498.30661548882
B,0.006192251961580852,0.04881731253145445,0.9635761589403974,0.09292671243812868,1066800.0,67295.10047414766
B,0.00620248011141622,0.04870675176352032,0.9602649006622517,0.09271099744245526,1069920.0,67216.0758636261
B,0.006241048192042966,0.048912126834204754,0.9602649006622517,0.09308297223559621,1065420.0,66933.84511176338
B,0.00624936289453199,0.04893688828889639,0.9602649006622517,0.09312780989081569,1064880.0,66899.97742153985
B,0.006279782996953634,0.04911924119241192,0.9602649006622517,0.09345794392523364,1060920.0,66651.61435990066
B,0.006295667318414401,0.04923599320882852,0.9602649006622517,0.09366925064599484,1058400.0,66493.56513885752
B,0.006309352310556994,0.04932811702670522,0.9602649006622517,0.09383594887558647,1056420.0,66369.38360803794
B,0.006343075748885188,0.04953031596925705,0.9602649006622517,0.09420172161767094,1052100.0,66098.44208624972
B,0.006349297959490025,0.04953877690468056,0.9602649006622517,0.09421702404158545,1051920.0,66087.15285617522
B,0.006370423373630684,0.04975124378109453,0.9602649006622517,0.09460120698091665,1047420.0,65804.92210431249
B,0.006382687621247366,0.04982817869415808,0.9602649006622517,0.09474028095393663,1045800.0,65703.3190336419
B,0.006407393909055674,0.04996554100620262,0.9602649006622517,0.09498853586636097,1042920.0,65522.69135244976
B,0.006451326564087629,0.05012964563526361,0.9602649006622517,0.09528503367833087,1039500.0,65308.19598103409
B,0.006461756976793819,0.050181692334313896,0.9602649006622517,0.09537904949843776,1038420.0,65240.46060058704
B,0.006510456678493686,0.05039972193256865,0.9602649006622517,0.09577278731836196,1033920.0,64958.22984872432
B,0.006512751012364259,0.050434782608695654,0.9602649006622517,0.09583608724388631,1033200.0,64913.072928426285
B,0.006546206763420472,0.05061965438994589,0.9602649006622517,0.09616978942132316,1029420.0,64675.99909686159
B,0.0065659461415551275,0.050752537626881346,0.9602649006622517,0.09640957446808511,1026720.0,64506.66064574396
B,0.006580761781741332,0.05084151472650771,0.9602649006622517,0.09657009657009656,1024920.0,64393.76834499887
B,0.0066088452203478445,0.051065328402887834,0.9602649006622517,0.09697375020899514,1020420.0,64111.53759313615
B,0.006609936771019942,0.051065328402887834,0.9602649006622517,0.09697375020899514,1020420.0,64111.53759313615
B,0.006648853126068292,0.05129112133003184,0.9602649006622517,0.09738079247817329,1015920.0,63829.30684127343
B,0.0066625951237911235,0.051381998582565556,0.9602649006622517,0.09754456777665657,1014120.0,63716.414540528334
B,0.006691597352232939,0.05151891987919702,0.9602649006622517,0.09779126622829204,1011420.0,63547.0760894107
B,0.006717334367531893,0.05170262078801925,0.9602649006622517,0.09812214515310437,1007820.0,63321.29148792053
B,0.006725257584441634,0.05174875089221984,0.9602649006622517,0.09820521503555707,1006920.0,63264.84533754798
B,0.00678031888445212,0.05198064169205951,0.9602649006622517,0.09862268321713995,1002420.0,62982.61458568526
B,0.006787984589013305,0.05203660506011125,0.9602649006622517,0.09872340425531913,1001340.0,62914.879205238205
B,0.006814449651074392,0.05203456967951026,0.956953642384106,0.09870218579234973,1002300.0,62700.38383382254
B,0.0068311804915205795,0.05218490429758035,0.956953642384106,0.09897260273972604,999420.0,62519.75615263039
B,0.006840623022931652,0.05226984988243805,0.956953642384106,0.09912536443148688,997800.0,62418.15308195981
B,0.006877258536918211,0.05250726744186047,0.956953642384106,0.09955218739235275,993300.0,62135.922330097084
B,0.006877472538561848,0.05251680901326549,0.956953642384106,0.09956933677863912,993120.0,62124.63310002258
B,0.0069147127038406,0.05274685161525826,0.956953642384106,0.09998270195467912,988800.0,61853.69157823436
B,0.006933942591491523,0.052852962692026335,0.956953642384106,0.1001733102253033,986820.0,61729.51004741477
B,0.006957712794309781,0.05298863219655299,0.956953642384106,0.10041695621959695,984300.0,61571.460826371636
B,0.006990747830055564,0.05319344745076385,0.956953642384106,0.10078465562336528,980520.0,61334.386994806955
B,0.006999003231275589,0.05323263952845828,0.956953642384106,0.10085499912755191,979800.0,61289.230074508916
B,0.007044054668982019,0.053478904515173946,0.956953642384106,0.1012968804766912,975300.0,61006.999322646196
B,0.00705081307683381,0.053548267556049654,0.956953642384106,0.10142130198280401,974040.0,60927.97471212463
B,0.0070801721122736964,0.05372745863543409,0.956953642384106,0.10174265094173561,970800.0,60724.768570783475
B,0.007098970939063412,0.05389779932860873,0.956953642384106,0.10204802259887004,967740.0,60532.85165951682
B,0.00710495325750139,0.053978333955920804,0.956953642384106,0.10219236209335218,966300.0,60442.53781892075
B,0.007139761854659586,0.05423156314505536,0.956953642384106,0.10264606641804298,961800.0,60160.30706705803
B,0.007140444266492156,0.05425192415993993,0.956953642384106,0.10268253686267545,961440.0,60137.72860690901
B,0.007175011431629571,0.05448717948717949,0.956953642384106,0.10310381733856584,957300.0,59878.07631519531
B,0.007210541896800557,0.05461073318216175,0.956953642384106,0.10332499106185199,955140.0,59742.6055543012
B,0.007228290985441921,0.05474521689713961,0.956953642384106,0.10356566923490415,952800.0,59595.84556333259
B,0.007268058490772241,0.05497431995434659,0.956953642384106,0.10397553516819573,948840.0,59347.48250169338
B,0.007272450666378136,0.0550057099352874,0.956953642384106,0.10403167746580276,948300.0,59313.61481146986
B,0.007317723686508563,0.05526869382291069,0.956953642384106,0.10450189839088772,943800.0,59031.38405960714
B,0.007327051253673673,0.05535338057843325,0.956953642384106,0.10465326815136701,942360.0,58941.07021901106
B,0.0073615409606605535,0.055534204458109145,0.956953642384106,0.10497638939338902,939300.0,58749.15330774442
B,0.007396028989502444,0.05553413035094485,0.9536423841059603,0.10495626822157433,940440.0,58545.94716640325
B,0.007408983632466721,0.05560919096350647,0.9536423841059603,0.10509031198686374,939180.0,58466.92255588168
B,0.0074736941491603485,0.05587892898719441,0.9536423841059603,0.10557184750733138,934680.0,58184.69180401896
B,0.0074806377076030005,0.05591147350029121,0.9536423841059603,0.10562992847973593,934140.0,58150.82411379544
B,0.007530629442821972,0.05595632676935075,0.9503311258278145,0.10568955993371387,934560.0,57902.46105215624
B,0.007550911765470046,0.056098514464425334,0.9503311258278145,0.10594315245478036,932220.0,57755.701061187625
B,0.007583709479175402,0.056230407523510974,0.9503311258278145,0.10617832038475768,930060.0,57620.230300293515
B,0.0076297186966445005,0.056496062992125985,0.9503311258278145,0.10665180230397622,925740.0,57349.2887785053
B,0.007631110014596288,0.05650718645402638,0.9503311258278145,0.10667162237502321,925560.0,57337.999548430795
B,0.0076741892120793034,0.05678670360110803,0.9503311258278145,0.1071695294996266,921060.0,57055.768796568074
B,0.007682925885300207,0.05688800792864222,0.9503311258278145,0.10734991584065834,919440.0,56954.165725897496
B,0.007729286087660359,0.05706899980115331,0.9503311258278145,0.10767210654661416,916560.0,56773.538044705354
B,0.0077617121000346425,0.057085828343313376,0.9470198675496688,0.10768072289156627,917520.0,56559.04267328968
B,0.007772418825965598,0.057154276578737014,0.9470198675496688,0.1078024877497173,916440.0,56491.307292842626
B,0.007824683474240387,0.057441253263707574,0.9470198675496688,0.10831281954175345,911940.0,56209.076540979906
B,0.007833741792601497,0.05748743718592965,0.9470198675496688,0.10839492135683151,911220.0,56163.91962068187
B,0.007866022588553515,0.05773112636253532,0.9470198675496688,0.10882800608828007,907440.0,55926.845789117186
B,0.007885070785196806,0.05789473684210526,0.9470198675496688,0.1091186570011446,904920.0,55768.79656807405
B,0.007907199084206912,0.05802393994725096,0.9470198675496688,0.10934811699483847,902940.0,55644.615037254465
B,0.007972262136791123,0.05831973898858075,0.9470198675496688,0.10987322320399538,898440.0,55362.384285391745
B,0.007974504498809931,0.05831973898858075,0.9470198675496688,0.10987322320399538,898440.0,55362.384285391745
B,0.00803013441109067,0.0586185693789711,0.9470198675496688,0.11040339702760084,893940.0,55080.15353352901
B,0.008043081917939163,0.05873896077223249,0.9470198675496688,0.11061690195320055,892140.0,54967.26123278392
B,0.008071052827977784,0.05871446229913473,0.9437086092715232,0.11055081458494957,893820.0,54797.92278166629
B,0.008119320961952118,0.058957385188249896,0.9437086092715232,0.11098130841121495,890220.0,54572.13818017611
B,0.008126934297788132,0.059018430316835784,0.9437086092715232,0.11108945624634574,889320.0,54515.69202980356
B,0.008178323065601322,0.0593255620316403,0.9437086092715232,0.1116333725029377,884820.0,54233.46127794084
B,0.008183771091980853,0.059387372369243595,0.9437086092715232,0.1117427955302882,883920.0,54177.015127568295
B,0.008226948395976616,0.05963590709353421,0.9437086092715232,0.11218264121235977,880320.0,53951.23052607812
B,0.008268105383919245,0.05982367758186398,0.9437086092715232,0.11251480457954995,877620.0,53781.89207496049
B,0.008287137896348743,0.059949516196886835,0.9437086092715232,0.1127373417721519,875820.0,53668.9997742154
B,0.008345351430532031,0.06026644110805667,0.9437086092715232,0.11329755515802027,871320.0,53386.76902235267
B,0.008345743899906742,0.060279187817258884,0.9437086092715232,0.11332007952286284,871140.0,53375.479792278165
B,0.008397920207976526,0.06058673469387755,0.9437086092715232,0.1138633639632441,866820.0,53104.53827048995
B,0.00840729298313093,0.06072874493927125,0.9437086092715232,0.11411411411411411,864840.0,52980.35673967035
B,0.008437935387968805,0.06069673007052789,0.9403973509933775,0.11403332664123669,866700.0,52822.30751862723
B,0.008476384595326058,0.060970373550880204,0.9403973509933775,0.11451612903225804,862920.0,52585.23368706254
B,0.008491855559963542,0.06102277610657499,0.9403973509933775,0.11460855528652139,862200.0,52540.07676676451
B,0.00854730395844573,0.06135234391877295,0.9403973509933775,0.11518961671060636,857700.0,52257.846014901785
B,0.008564727845598221,0.06143197058187324,0.9403973509933775,0.11532994923857869,856620.0,52190.11063445474
B,0.008597855872525187,0.06168549087749783,0.9403973509933775,0.1157766000815328,853200.0,51975.615263039064
B,0.008650753341759236,0.06191410507957271,0.9403973509933775,0.11617917774596032,850140.0,51783.698351772415
B,0.008673038693891856,0.062022275606027515,0.9403973509933775,0.11636959639418153,848700.0,51693.38451117633
B,0.00872559303013542,0.06236275801493193,0.9403973509933775,0.1169686985172982,844200.0,51411.15375931361
B,0.008726907598912384,0.06239015817223199,0.9403973509933775,0.11701689328388958,843840.0,51388.57529916459
B,0.00877900017365225,0.06270699933760213,0.9403973509933775,0.1175740012419789,839700.0,51128.92300745089
B,0.008810634256682399,0.06287358866504317,0.9403973509933775,0.11786677733969701,837540.0,50993.45224655678
B,0.008842096980055726,0.0630550621669627,0.9403973509933775,0.11818560133166875,835200.0,50846.69225558817
B,0.008906281796422031,0.06336456938866578,0.9403973509933775,0.11872909698996655,831240.0,50598.32919394898
B,0.008914763055535527,0.06340701049341371,0.9403973509933775,0.11880359757372934,830700.0,50564.46150372544
B,0.008990804767360288,0.06376290974405029,0.9403973509933775,0.11942809083263245,826200.0,50282.23075186272
B,0.00900424748081543,0.06386327861479649,0.9403973509933775,0.11960412718467045,824940.0,50203.206141341165
B,0.009068081009534558,0.06412282682321066,0.9403973509933775,0.12005918410484041,821700.0,50000.0
B,0.009130680330027962,0.06438449331217411,0.9403973509933775,0.12051771695310842,818460.0,49796.793858658835
B,0.009154280906411509,0.06448683015440508,0.9403973509933775,0.1206969825754356,817200.0,49717.76924813728
B,0.009212909150738956,0.06462662708380909,0.9370860927152318,0.12091433454390087,817080.0,49435.53849627456
B,0.00922106844294128,0.0646709323583181,0.9370860927152318,0.12099187687045745,816540.0,49401.67080605103
B,0.009270657156748236,0.06499770326136886,0.9370860927152318,0.12156357388316152,812580.0,49153.30774441183
B,0.009301771690215533,0.06519235199262843,0.9370860927152318,0.12190394141718716,810240.0,49006.547753443214
B,0.009331158260554875,0.06537306537306538,0.9370860927152318,0.12221982293241203,808080.0,48871.076992549104
B,0.00940248922160806,0.06572224802601022,0.9370860927152318,0.1228298611111111,803940.0,48611.42470083541
B,0.009404407228037212,0.06575278810408922,0.9370860927152318,0.1228831958315241,803580.0,48588.846240686384
B,0.009455374580908458,0.06613694788501986,0.9370860927152318,0.12355380921196248,799080.0,48306.61548882366
B,0.00947070707387672,0.06626082884570358,0.9370860927152318,0.12376995407828559,797640.0,48216.301648227585
B,0.009532617423150494,0.06652562294311236,0.9370860927152318,0.12423178226514485,794580.0,48024.38473696094
B,0.009581290658973696,0.06682408500590319,0.9370860927152318,0.12475203879215341,791160.0,47809.88936554527
B,0.009607684552298287,0.06691889335540317,0.9370860927152318,0.12491723681306553,790080.0,47742.153985098215
B,0.00968839565810677,0.06731684110371075,0.9370860927152318,0.12561029738126941,785580.0,47459.923233235495
B,0.009707718002699097,0.06738095238095237,0.9370860927152318,0.12572190137716568,784860.0,47414.766312937456
B,0.009774362682875197,0.06771955013161043,0.9370860927152318,0.12631109127426915,781080.0,47177.69248137277
B,0.009813275362382839,0.06794717887154862,0.9370860927152318,0.12670696216700247,778560.0,47019.64326032965
B,0.009835452217318187,0.06812710640346654,0.9370860927152318,0.1270197486535009,776580.0,46895.46172951005
B,0.00991675580095024,0.06803874092009685,0.9304635761589404,0.12680505415162455,781020.0,46624.520207721835
B,0.009919778043487669,0.06805521918139985,0.9304635761589404,0.12683367185736855,780840.0,46613.23097764733
B,0.009991895810496467,0.06846978557504874,0.9304635761589404,0.12755333635950974,776340.0,46331.0002257846
B,0.010021428370466181,0.06863702979970689,0.9304635761589404,0.1278434940855323,774540.0,46218.10792503951
B,0.010093557356265324,0.06888943368472665,0.9304635761589404,0.1282812143346268,771840.0,46048.76947392188
B,0.010174845617822779,0.06922887410692288,0.9304635761589404,0.12886952533822515,768240.0,45822.9848724317
B,0.010193613437361722,0.06931425752343365,0.9304635761589404,0.12901744719926536,767340.0,45766.53872205916
B,0.010275259854129583,0.06974435343757757,0.9304635761589404,0.12976217963518819,762840.0,45484.30797019643
B,0.010295016481439968,0.069831013916501,0.9304635761589404,0.12991215903837264,761940.0,45427.86181982389
B,0.010342952168651883,0.07017982017982018,0.9304635761589404,0.1305155596841616,758340.0,45202.07721833371
B,0.010377846640143937,0.07044372023063425,0.9304635761589404,0.13097180144488466,755640.0,45032.73876721608
B,0.010430444948135565,0.07036943955767781,0.9271523178807947,0.1308105582807755,758220.0,44919.84646647098
B,0.010504087884307477,0.07081436519979767,0.9271523178807947,0.13157894736842105,753720.0,44637.61571460826
B,0.010504384712203713,0.07081436519979767,0.9271523178807947,0.13157894736842105,753720.0,44637.61571460826
B,0.01058868856126131,0.07126495291422753,0.9271523178807947,0.1323564169227133,749220.0,44355.38496274554
B,0.010646594396017832,0.07146503318019398,0.9271523178807947,0.1327014218009479,747240.0,44231.20343192594
B,0.01075088366068561,0.07172131147540983,0.9271523178807947,0.13314312886352828,744720.0,44073.15421088282
B,0.01084249689028626,0.07210919392222509,0.9271523178807947,0.13381123058542416,740940.0,43836.08037931813
B,0.010858322713843243,0.07218355246197473,0.9271523178807947,0.13393924898349677,740220.0,43790.923459020094
B,0.010965105417775772,0.07265179034769072,0.9271523178807947,0.1347449470644851,735720.0,43508.692707157374
B,0.010974391882264208,0.07276507276507277,0.9271523178807947,0.1349397590361446,734640.0,43440.95732671032
B,0.011046240229627953,0.07312614259597806,0.9271523178807947,0.1355603969983055,731220.0,43226.461955294646
B,0.011092152185931552,0.07343299239444008,0.9271523178807947,0.13608748481166466,728340.0,43045.834274102504
B,0.011124898728634359,0.07360672975814932,0.9271523178807947,0.13638577691183632,726720.0,42944.231203431926
B,0.011250789888262478,0.07409367557554909,0.9271523178807947,0.13722126929674097,722220.0,42662.000451569205
B,0.011262880288496984,0.07411328745367919,0.9271523178807947,0.1372549019607843,722040.0,42650.71122149469
B,0.011372587147537359,0.07458710708577518,0.9271523178807947,0.13806706114398423,717720.0,42379.769699706485
B,0.01142868330079005,0.07482629609834313,0.9271523178807947,0.13847675568743817,715560.0,42244.298938812375
B,0.011478254158688127,0.07508715473317243,0.9271523178807947,0.13892334408335397,713220.0,42097.53894784376
B,0.011564597340924857,0.07553277582951173,0.9271523178807947,0.13968570715889247,709260.0,41849.17588620456
B,0.011575896361199788,0.0755939524838013,0.9271523178807947,0.1397903145282077,708720.0,41815.30819598103
B,0.011668433068207678,0.07610763794509377,0.9271523178807947,0.14066817382567195,704220.0,41533.07744411831
B,0.011683455129272184,0.07625272331154684,0.9271523178807947,0.14091595369904378,702960.0,41454.05283359675
B,0.011801866726554096,0.07662835249042145,0.9271523178807947,0.1415571284125379,699720.0,41250.84669225559
B,0.01187205646122188,0.0769865273577124,0.9271523178807947,0.14216806296014214,696660.0,41058.92978098893
B,0.011916527990656433,0.07715624138881234,0.9271523178807947,0.14245738997710505,695220.0,40968.61594039287
B,0.012005363324963238,0.07741398446170922,0.9238410596026491,0.14285714285714285,695100.0,40686.38518853014
B,0.01201427677372853,0.07747847820049986,0.9238410596026491,0.14296694850115294,694560.0,40652.51749830662
B,0.01212465139406961,0.07795473595976529,0.9238410596026491,0.1437773769646998,690600.0,40404.15443666741
B,0.012203213094278687,0.07823892316320807,0.9238410596026491,0.14426059979317477,688260.0,40257.3944456988
B,0.012260857551521568,0.07850309510410805,0.9238410596026491,0.14470954356846474,686100.0,40121.92368480469
B,0.012387013339855202,0.0790144435004248,0.9238410596026491,0.14557787633707275,681960.0,39862.271393090996
B,0.012393491655935061,0.07905922357608387,0.9238410596026491,0.14565387627251367,681600.0,39839.69293294197
B,0.012499996583580473,0.07962328767123288,0.9238410596026491,0.1466106148187073,677100.0,39557.46218107925
B,0.012557189866026544,0.07980549199084669,0.9238410596026491,0.14691943127962087,675660.0,39467.148340483174
B,0.012644672447008442,0.0799080195458465,0.9205298013245033,0.14705104469717004,676980.0,39275.231429216525
B,0.012752044454654247,0.08003467206009823,0.9172185430463576,0.14722296040393304,678120.0,39072.02528787537
B,0.012807064619172328,0.08019687319050377,0.9172185430463576,0.14749733759318423,676860.0,38993.000677353804
B,0.012938345835902396,0.0804899387576553,0.9139072847682119,0.1479496113642455,676740.0,38710.769925491084
B,0.012959252681193719,0.08058394160583941,0.9139072847682119,0.14810839817547627,676020.0,38665.613005193045
B,0.013072396632557931,0.08108108108108109,0.9139072847682119,0.1489476524554776,672240.0,38428.53917362836
B,0.013114605949215772,0.08112094395280237,0.9105960264900662,0.14897074756229686,674100.0,38270.48995258524
B,0.013159521916060703,0.08138502515537141,0.9105960264900662,0.14941591958706874,672120.0,38146.308421765636
B,0.01326572357668099,0.08196721311475409,0.9105960264900662,0.15039649986327588,667800.0,37875.366899977416
B,0.013267628592303382,0.08199165175909362,0.9105960264900662,0.15043763676148797,667620.0,37864.077669902916
B,0.013359690469539071,0.08260738960648843,0.9105960264900662,0.15147342329936656,663120.0,37581.84691804019
B,0.013386786076801842,0.08283132530120482,0.9105960264900662,0.1518498067366096,661500.0,37480.24384736961
B,0.013501262324908345,0.08323244552058111,0.9105960264900662,0.15252357182473655,658620.0,37299.61616617747
B,0.013582426291184793,0.0837138508371385,0.9105960264900662,0.15333147477000278,655200.0,37085.1207947618
B,0.013611417360045177,0.08386703263189997,0.9105960264900662,0.15358838313320303,654120.0,37017.38541431475
B,0.013750211403297899,0.08451137062077443,0.9105960264900662,0.15466816647919013,649620.0,36735.15466245202
B,0.013782755590150662,0.08464142813173284,0.9105960264900662,0.15488594762038863,648720.0,36678.70851207948
B,0.013882629912487511,0.08516568597088882,0.9105960264900662,0.1557632398753894,645120.0,36452.9239105893
B,0.013934272881636197,0.08556316116988177,0.9105960264900662,0.1564277588168373,642420.0,36283.585459471666
B,0.013984477761721435,0.08583021223470662,0.9105960264900662,0.15687393040501996,640620.0,36170.69315872657
B,0.014212645202213922,0.08650519031141868,0.9105960264900662,0.15800057454754382,636120.0,35888.46240686385
B,0.01421784506176167,0.08650519031141868,0.9105960264900662,0.15800057454754382,636120.0,35888.46240686385
B,0.01434303789563268,0.08687381103360811,0.9072847682119205,0.1585648148148148,636000.0,35606.23165500113
B,0.014389593896279803,0.0871501272264631,0.9072847682119205,0.15902495647127105,634200.0,35493.33935425604
B,0.014480191677264838,0.08756791307126878,0.9072847682119205,0.15972019819294667,631500.0,35324.00090313841
B,0.014627715763551097,0.08815958815958816,0.9072847682119205,0.16070381231671554,627720.0,35086.92707157372
B,0.014679019804167715,0.08827319587628867,0.9072847682119205,0.1608925425719319,627000.0,35041.77015127568
B,0.01487390163976641,0.08898993179603767,0.9072847682119205,0.16208222419402543,622500.0,34759.539399412955
B,0.014912690866358597,0.0891636836967133,0.9072847682119205,0.16237037037037036,621420.0,34691.80401896591
B,0.015030566836143386,0.08906352324819908,0.9006622516556292,0.16209773539928485,626760.0,34477.308647550235
B,0.015119017626087491,0.08953258722843976,0.9006622516556292,0.162874251497006,623880.0,34296.68096635809
B,0.015160470691000065,0.08979861340376362,0.9006622516556292,0.16331432002401683,622260.0,34195.077895687515
B,0.015288246803681392,0.08988015978695073,0.8940397350993378,0.16333938294010888,626520.0,33912.847143824794
B,0.015292192814855025,0.0899100899100899,0.8940397350993378,0.16338880484114976,626340.0,33901.55791375028
B,0.01540329019774729,0.09063444108761329,0.8940397350993378,0.16458396830234684,622020.0,33630.616391962074
B,0.015447654104985086,0.09063342318059299,0.890728476821192,0.16452599388379205,624420.0,33506.43486114247
B,0.015568938019957554,0.0907244414353419,0.8874172185430463,0.1646191646191646,626280.0,33348.385640099346
B,0.015713631108617877,0.09140518417462483,0.8874172185430463,0.16573902288188003,622320.0,33100.02257846015
B,0.01579027105256576,0.09149880505291909,0.8874172185430463,0.16589291241101828,621780.0,33066.15488823662
B,0.01593236717363799,0.09228650137741047,0.8874172185430463,0.16718652526512787,617280.0,32783.9241363739
B,0.015953134590893373,0.09250949257852951,0.8874172185430463,0.16755236011253516,616020.0,32704.89952585234
B,0.016099763226944747,0.09308787773532476,0.8874172185430463,0.16850047154982709,612780.0,32501.693384511178
B,0.01626465045119554,0.09329140461215933,0.8841059602649006,0.16877370417193427,614100.0,32309.77647324452
B,0.016286657953010535,0.09355290819901892,0.8841059602649006,0.1692015209125475,612660.0,32219.462632648454
B,0.01647158623771093,0.09402615765288087,0.8807947019867549,0.16991376557010537,612540.0,31937.231880785734
B,0.016477200347447717,0.0940926777502653,0.8807947019867549,0.17002237136465323,612180.0,31914.653420636714
B,0.016654289780528644,0.09450784593437946,0.8774834437086093,0.1706374758531874,612420.0,31655.001128923006
B,0.0167532437795782,0.09455587392550144,0.8741721854304636,0.17065287653522948,614640.0,31519.530368028903
B,0.016844315754811143,0.09463835912198633,0.8708609271523179,0.17072379097695553,616680.0,31372.770377060282
B,0.016987427719859605,0.09542815674891146,0.8708609271523179,0.17200784826684107,612540.0,31113.11808534658
B,0.017005038624448156,0.09549745824255629,0.8708609271523179,0.17212041884816756,612180.0,31090.53962519756
B,0.01718812082424368,0.09637229754488824,0.8708609271523179,0.17354008578027053,607680.0,30808.308873334838
B,0.017268904934366267,0.09665564130834252,0.8708609271523179,0.1739993384055574,606240.0,30717.995032738767
B,0.01746619692104523,0.09726331360946745,0.8708609271523179,0.17498336660013306,603180.0,30526.078121472117
B,0.017605184827749837,0.09791511541325391,0.8708609271523179,0.17603748326639893,599940.0,30322.871980130956
B,0.017679872483479762,0.09817095931317656,0.8708609271523179,0.17645085541764507,598680.0,30243.847369609393
B,0.0178673075992087,0.09909570459683496,0.8708609271523179,0.17794316644113667,594180.0,29961.616617746666
B,0.01788223673834885,0.0992078460958129,0.8708609271523179,0.17812394175414833,593640.0,29927.748927523146
B,0.018041677233427682,0.099657664511221,0.8675496688741722,0.17877857386557489,594060.0,29679.385865883945
B,0.018155348945674478,0.10019120458891013,0.8675496688741722,0.17963661295851902,591540.0,29521.336644840823
B,0.01825081067960332,0.10061443932411675,0.8675496688741722,0.18031658637302134,589560.0,29397.15511402122
B,0.01840180782557517,0.10155038759689923,0.8675496688741722,0.18181818181818182,585240.0,29126.21359223301
B,0.01841829874423197,0.1015897634742148,0.8675496688741722,0.18188129121832697,585060.0,29114.9243621585
B,0.018596210420214,0.10258418167580266,0.8675496688741722,0.18347338935574228,580560.0,28832.693610295777
B,0.01869026447190783,0.10294695481335953,0.8675496688741722,0.1840533895328416,578940.0,28731.0905396252
B,0.01883805851818695,0.10359826018189007,0.8675496688741722,0.18509360649947013,576060.0,28550.462858433057
B,0.018995691071821134,0.10438247011952191,0.8675496688741722,0.1863442389758179,572640.0,28335.967487017384
B,0.01904416737346122,0.10463258785942492,0.8675496688741722,0.18674269422665715,571560.0,28268.232106570336
B,0.019279009656062863,0.10528438886647842,0.8642384105960265,0.1877022653721683,571440.0,27986.00135470761
B,0.019308990560271952,0.10545454545454545,0.8642384105960265,0.18797263233705436,570720.0,27940.844434409573
B,0.019454914903401403,0.10635696821515893,0.8642384105960265,0.18940493468795355,566940.0,27703.770602844885
B,0.019580733620939022,0.1070110701107011,0.8642384105960265,0.19044144472820138,564240.0,27534.43215172725
B,0.01968831394048896,0.1070399341292713,0.8609271523178808,0.1904064445258147,566820.0,27421.539850982164
B,0.019884485155095666,0.10815307820299501,0.8609271523178808,0.19216555801921656,562320.0,27139.30909911944
B,0.019892113897575135,0.10815307820299501,0.8609271523178808,0.19216555801921656,562320.0,27139.30909911944
B,0.020166805220055064,0.10886927280369903,0.8576158940397351,0.19321148825065274,562200.0,26857.07834725672
B,0.020279039403073327,0.10932883073026593,0.8576158940397351,0.19393485585922876,560400.0,26744.186046511626
B,0.020462015463367105,0.11002548853016143,0.8576158940397351,0.19503012048192772,557700.0,26574.847595393996
B,0.020833098938936246,0.11096829477292203,0.8576158940397351,0.19650986342943855,554100.0,26349.062993903815
B,0.020909034954401908,0.1112065264061829,0.8576158940397351,0.1968833143291524,553200.0,26292.61684353127
B,0.02118126920200555,0.11241319444444445,0.8576158940397351,0.19877206446661552,548700.0,26010.386091668548
B,0.021227542227803403,0.11265767725097868,0.8576158940397351,0.19915417147251058,547800.0,25953.939941296005
B,0.021415758994137248,0.11320754716981132,0.8543046357615894,0.19992251065478497,548580.0,25728.155339805824
B,0.02151575785382467,0.11400795404330534,0.8543046357615894,0.20116959064327483,545700.0,25547.527658613682
B,0.02174014510407273,0.11401952085181899,0.8509933774834437,0.20109546165884196,548460.0,25445.924587943104
B,0.021981948038812815,0.11529834006280844,0.8509933774834437,0.2030817858553931,543960.0,25163.69383608038
B,0.02199739619794732,0.11535008976660682,0.8509933774834437,0.20316205533596837,543780.0,25152.404606005868
B,0.022246402883573563,0.11660617059891107,0.8509933774834437,0.20510774142059057,539460.0,24881.463084217656
B,0.02238161512404033,0.11719106247150023,0.8509933774834437,0.2060120240480962,537480.0,24757.281553398057
B,0.022512800865753007,0.1179440110142267,0.8509933774834437,0.20717452640064488,534960.0,24599.232332354935
B,0.022815021011650814,0.1190917516218721,0.8509933774834437,0.2089430894308943,531180.0,24362.158500790247
B,0.022879616495703265,0.11931290622098421,0.8509933774834437,0.20928338762214985,530460.0,24317.001580492208
B,0.023105849297337826,0.11977454203851573,0.8443708609271523,0.20979020979020982,534720.0,24034.770828629487
B,0.02322247027046744,0.12016965127238455,0.8443708609271523,0.21039603960396042,533460.0,23955.746218107925
B,0.023458990414948828,0.1211977186311787,0.8443708609271523,0.21197007481296756,530220.0,23752.540076766763
B,0.0236862976762015,0.12122664111164351,0.8377483443708609,0.21180410213478443,535920.0,23560.623165500114
B,0.02375856752567037,0.12169312169312169,0.8377483443708609,0.21251574968500628,534480.0,23470.309324904043
B,0.024138555507723994,0.12317429406037,0.8377483443708609,0.21477079796264856,529980.0,23188.07857304132
B,0.024169739886070966,0.1232943469785575,0.8377483443708609,0.21495327102803738,529620.0,23165.5001128923
B,0.02439835580896869,0.12419911286347955,0.8344370860927153,0.21621621621621623,529860.0,22905.847821178595
B,0.024552033717760505,0.1249380267724343,0.8344370860927153,0.21733505821474774,527700.0,22770.37706028449
B,0.02473827693247325,0.12574850299401197,0.8344370860927153,0.21856027753686033,525360.0,22623.617069315875
B,0.02510855859872621,0.12714429868819374,0.8344370860927153,0.22066549912434325,521400.0,22375.254007676675
B,0.025171786659720172,0.12733703890853967,0.8344370860927153,0.22095572117492332,520860.0,22341.38631745315
B,0.02550965171139722,0.12896622313203684,0.8344370860927153,0.22340425531914893,516360.0,22059.155565590427
B,0.025632851415065692,0.12949640287769784,0.8344370860927153,0.22419928825622776,514920.0,21968.841724994356
B,0.02594826929218363,0.13063763608087092,0.8344370860927153,0.22590766472433887,511860.0,21776.924813727706
B,0.02619593701838209,0.13134484563055993,0.8311258278145696,0.22684139177586987,513000.0,21573.718672386545
B,0.026323831998338217,0.13182773109243698,0.8311258278145696,0.2275611967361741,511740.0,21494.69406186498
B,0.02659385717390059,0.13304949441192124,0.8278145695364238,0.22925263640531865,511620.0,21212.46331000226
B,0.02664034971262092,0.13272921108742003,0.8245033112582781,0.2286501377410468,515460.0,21178.59561977873
B,0.027035889705071304,0.13268608414239483,0.8145695364238411,0.22820037105751395,524640.0,20930.232558139534
B,0.02720765393180885,0.133623030961434,0.8145695364238411,0.22958469435370973,522300.0,20783.47256717092
B,0.02737108830671307,0.1344997266265719,0.8145695364238411,0.23087752229000472,520140.0,20648.00180627681
B,0.02779179533104735,0.1362126245847176,0.8145695364238411,0.2333965844402277,516000.0,20388.349514563106
B,0.027797694452390206,0.13636363636363635,0.8145695364238411,0.2336182336182336,515640.0,20365.77105441409
B,0.02842848007072942,0.13771781899943789,0.8112582781456954,0.23546371936568955,515520.0,20083.540302551366
B,0.028559222892256243,0.13785310734463277,0.8079470198675497,0.23552123552123552,518280.0,19981.937231880787
B,0.029134836477158272,0.13911060433295325,0.8079470198675497,0.23735408560311286,515400.0,19801.309550688642
B,0.0295699524270296,0.14063400576368876,0.8079470198675497,0.23956799214531171,511980.0,19586.814179272973
B,0.029723477806662957,0.14112203585887798,0.8079470198675497,0.24027572624322996,510900.0,19519.07879882592
B,0.030457282357663863,0.1431924882629108,0.8079470198675497,0.2432701894317049,506400.0,19236.848046963198
B,0.030517374979333302,0.14352941176470588,0.8079470198675497,0.24375624375624375,505680.0,19191.691126665162
B,0.030879300251340648,0.14472900536033353,0.804635761589404,0.2453306410903584,506280.0,18954.617295100474
B,0.031110301973565554,0.14594594594594595,0.804635761589404,0.2470767666497204,503760.0,18796.568074057348
B,0.03137289751746053,0.14691656590084642,0.804635761589404,0.24846625766871164,501780.0,18672.38654323775
B,0.0319111582490603,0.14855739717618172,0.8013245033112583,0.2506473329880891,501660.0,18390.15579137503
B,0.03194499280477495,0.14855739717618172,0.8013245033112583,0.2506473329880891,501660.0,18390.15579137503
B,0.03251170539284728,0.1502493765586035,0.7980132450331126,0.2528856243441763,501540.0,18107.925039512305
B,0.03272251063228456,0.15056461731493098,0.7947019867549668,0.2531645569620253,504120.0,17995.032738767215
B,0.03317228217050722,0.1513616212792907,0.7913907284768212,0.254120148856991,505800.0,17825.69428764958
B,0.03362672707459183,0.15266196279666452,0.7880794701986755,0.2557764642665234,506580.0,17599.909686159404
B,0.03379472999534762,0.1525096525096525,0.7847682119205298,0.25538793103448276,510060.0,17543.46353578686
B,0.03427233602864261,0.15500327011118378,0.7847682119205298,0.2588749317312944,505560.0,17261.232783924137
B,0.03435976387503121,0.15485564304461943,0.7814569536423841,0.2584884994523549,509040.0,17204.78663355159
B,0.03467924969635844,0.15558510638297873,0.7748344370860927,0.25913621262458475,514200.0,16979.002032061413
B,0.03492311545989965,0.15648085963734049,0.7715231788079471,0.2601898380792853,515880.0,16809.66358094378
B,0.03522258585600878,0.15753887762001353,0.7715231788079471,0.261650758001123,514080.0,16696.771280198693
B,0.035731091434668044,0.15818431911966988,0.7615894039735099,0.26195899772209563,522720.0,16414.540528335965
B,0.03573665400992043,0.1582931865106676,0.7615894039735099,0.2621082621082621,522540.0,16403.25129826146
B,0.0363214608756014,0.1602519244226732,0.7582781456953642,0.2645869439630271,522600.0,16132.309776473245
B,0.0364937493679274,0.1607898448519041,0.7549668874172185,0.2651162790697674,525000.0,16008.128245653646
B,0.03675424834232911,0.16168091168091167,0.7516556291390728,0.26611957796014063,526860.0,15850.079024610523
B,0.037259723544445136,0.16341287057122197,0.7483443708609272,0.26824925816023737,527460.0,15613.005193045834
B,0.03735213306389454,0.16316171138506164,0.7450331125827815,0.2676977989292088,531120.0,15567.848272747797
B,0.03802115815451578,0.16617429837518463,0.7450331125827815,0.2717391304347826,526620.0,15285.617520885075
B,0.038228066038974086,0.16691394658753708,0.7450331125827815,0.2727272727272727,525540.0,15217.882140438021
B,0.038686776705422476,0.16854778028592926,0.7417218543046358,0.27467811158798283,526500.0,15003.386769022352
B,0.039156546413214054,0.16907844630616908,0.7350993377483444,0.27492260061919505,532380.0,14822.759087830209
B,0.03951253779061467,0.16947852760736196,0.7317880794701986,0.2752179327521793,535140.0,14721.156017159628
B,0.04036987339311216,0.17200938232994528,0.7284768211920529,0.2783048703352308,535020.0,14438.925265296906
B,0.04040487023476321,0.17227877838684416,0.7284768211920529,0.27865737808739705,534660.0,14416.346805147889
B,0.04123715837626984,0.17543859649122806,0.7284768211920529,0.28277634961439585,530520.0,14156.694513434184
B,0.04160812506720455,0.17632850241545894,0.7251655629139073,0.28367875647668395,532740.0,14021.223752540076
B,0.04212671846704069,0.17819365337672904,0.7251655629139073,0.28608752449379493,530400.0,13874.46376157146
B,0.043070215043559394,0.17978458989229495,0.7185430463576159,0.2876076872100729,535200.0,13626.100699932264
B,0.0432022948772341,0.18023255813953487,0.7185430463576159,0.2881806108897742,534660.0,13592.233009708738
B,0.044181392097457715,0.18405428329092452,0.7185430463576159,0.2930452397029034,530160.0,13310.002257846016
B,0.044450648416029255,0.18515358361774745,0.7185430463576159,0.2944369063772049,528900.0,13230.977647324451
B,0.045014438878326256,0.18717504332755633,0.7152317880794702,0.2967032967032967,530040.0,13027.771505983294
B,0.04551346206070573,0.1892605633802817,0.7119205298013245,0.2990264255910987,531180.0,12824.565364642132
B,0.04577990998290808,0.1904340124003543,0.7119205298013245,0.3004891684136967,529920.0,12745.540754120568
B,0.04670106250898806,0.19384057971014493,0.7086092715231788,0.30440967283072545,529800.0,12463.310002257846
B,0.0468581168101195,0.1943687556766576,0.7086092715231788,0.30506058446186746,529260.0,12429.44231203432
B,0.04757037323162476,0.19647822057460612,0.7019867549668874,0.3070238957277336,534060.0,12181.079250395123
B,0.04806980367159692,0.19887429643527205,0.7019867549668874,0.30994152046783624,531720.0,12034.319259426507
B,0.048684595445619955,0.20113851992409867,0.7019867549668874,0.31268436578171094,529560.0,11898.8484985324
B,0.04971302783049411,0.20271580989330748,0.6920529801324503,0.3135783945986496,538560.0,11639.196206818695
B,0.04988687704963968,0.2031098153547133,0.6920529801324503,0.3140495867768595,538200.0,11616.617746669677
B,0.05081651456638055,0.2061752988047809,0.6854304635761589,0.3169984686064319,542460.0,11334.386994806953
B,0.051331575334950835,0.20783132530120482,0.6854304635761589,0.3189522342064715,541020.0,11244.073154210882
B,0.05217441544354154,0.21041879468845762,0.6821192052980133,0.32162373145979706,542340.0,11052.156242944231
B,0.05360493186990252,0.21458333333333332,0.6821192052980133,0.32646592709984146,538920.0,10837.660871528562
B,0.0538968165200093,0.2148846960167715,0.6788079470198676,0.32643312101910826,542220.0,10769.925491081509
B,0.05505957512997089,0.21743810548977396,0.6688741721854304,0.32818846466287577,550860.0,10487.694739218785
B,0.05543142149666769,0.21837837837837837,0.6688741721854304,0.3292583537082314,550140.0,10442.53781892075
B,0.05695364297575239,0.22013274336283187,0.6589403973509934,0.33001658374792703,559500.0,10205.463987356063
B,0.057652907243720956,0.22359550561797753,0.6589403973509934,0.3338926174496644,556980.0,10047.414766312937
B,0.05834280018391327,0.22525597269624573,0.6556291390728477,0.33530906011854356,559380.0,9923.233235493339
B,0.060014905141515106,0.22807017543859648,0.6456953642384106,0.33707865168539325,568200.0,9652.291713705126
B,0.06006986161265874,0.22833723653395785,0.6456953642384106,0.3373702422145329,568020.0,9641.002483630617
B,0.062290199896518454,0.23401688781664656,0.6423841059602649,0.34305923961096374,567900.0,9358.771731767894
B,0.0632280909479132,0.23658536585365852,0.6423841059602649,0.3458110516934046,566280.0,9257.168661097314
B,0.0644000118846712,0.23880597014925373,0.6357615894039735,0.3471971066907775,572160.0,9076.54097990517
B,0.06709730209662276,0.23979591836734693,0.6225165562913907,0.34622467771639037,586080.0,8850.756378414992
B,0.0675955461624925,0.24133504492939667,0.6225165562913907,0.3478260869565218,585180.0,8794.310228042446
B,0.06985892311875477,0.2480106100795756,0.6192052980132451,0.3541666666666667,585060.0,8512.079476179724
B,0.07033864497734617,0.24966622162883845,0.6192052980132451,0.3558515699333967,584160.0,8455.633325807179
B,0.07277239716857087,0.252400548696845,0.609271523178808,0.3569350145489815,593700.0,8229.848724317002
B,0.07378095360880255,0.25770308123249297,0.609271523178808,0.3622047244094488,591000.0,8060.5102731993675
B,0.07517351643149679,0.26136363636363635,0.609271523178808,0.36580516898608345,589200.0,7947.617972454278
B,0.0774545067223861,0.2695139911634757,0.6059602649006622,0.37308868501529047,589080.0,7665.387220591556
B,0.07746389870263862,0.2695139911634757,0.6059602649006622,0.37308868501529047,589080.0,7665.387220591556
B,0.08082644953868612,0.27522935779816515,0.5960264900662252,0.3765690376569038,597720.0,7383.156468728833
B,0.08210995415298754,0.27993779160186627,0.5960264900662252,0.380952380952381,595740.0,7258.9749379092345
B,0.08406503777313618,0.2861685214626391,0.5960264900662252,0.38668098818474755,593220.0,7100.925716866109
B,0.08657927834228085,0.28618421052631576,0.5761589403973509,0.3824175824175824,615720.0,6863.851885301422
B,0.08739306888621338,0.28807947019867547,0.5761589403973509,0.3841059602649007,615000.0,6818.694965003387
B,0.09195918654009118,0.29533678756476683,0.5662251655629139,0.38819523269012485,623640.0,6536.464213140664
B,0.09391902965386371,0.29842931937172773,0.5662251655629139,0.39085714285714285,622560.0,6468.72883269361
B,0.09610128972719727,0.30685920577617326,0.5629139072847682,0.397196261682243,623520.0,6254.2334612779405
B,0.09960208122591245,0.31226765799256506,0.5562913907284768,0.39999999999999997,629400.0,6073.605780085798
B,0.10179130197355515,0.31568998109640833,0.5529801324503312,0.4019253910950662,632160.0,5972.002709415218
B,0.10746689525964304,0.32341269841269843,0.5397350993377483,0.40446650124069483,645180.0,5689.771957552494
B,0.10763730789678637,0.3240556660039761,0.5397350993377483,0.40496894409937884,645000.0,5678.482727477986
B,0.11475913408323687,0.33611691022964507,0.5331125827814569,0.41229193341869397,649440.0,5407.541205689772
B,0.11902503983626019,0.3404710920770878,0.5264900662251656,0.4135240572171652,656040.0,5272.070444795665
B,0.12229154873394,0.34140969162995594,0.5132450331125827,0.41005291005291,671220.0,5125.310453827049
B,0.12963154680183805,0.3472222222222222,0.4966887417218543,0.4087193460490463,689160.0,4876.9473921878525
B,0.13063317477228423,0.34965034965034963,0.4966887417218543,0.4103967168262654,688620.0,4843.079701964326
B,0.1358781817086377,0.3613861386138614,0.48344370860927155,0.41359773371104813,701640.0,4560.848950101603
B,0.13826907504234764,0.36523929471032746,0.48013245033112584,0.41487839771101576,704760.0,4481.824339580041
B,0.14667980567467417,0.37467018469656993,0.47019867549668876,0.4170337738619677,714660.0,4278.61819823888
B,0.15434330370718446,0.3839779005524862,0.4602649006622517,0.41867469879518077,724740.0,4086.701286972228
B,0.15684093479119143,0.3926553672316384,0.4602649006622517,0.4237804878048781,723300.0,3996.3874463761576
B,0.17348350425713613,0.41033434650455924,0.4470198675496689,0.427892234548336,736320.0,3714.156694513434
B,0.17552973289647694,0.41284403669724773,0.4470198675496689,0.4292527821939587,735960.0,3691.5782343644164
B,0.1978294256124885,0.4276315789473684,0.4304635761589404,0.429042904290429,753720.0,3431.925942650711
B,0.20513925928525764,0.44329896907216493,0.4271523178807947,0.4350758853288364,755760.0,3285.165951682095
B,0.2182505709234254,0.44086021505376344,0.40728476821192056,0.423407917383821,779880.0,3149.6951907879884
B,0.24970959293133974,0.4609375,0.39072847682119205,0.4229390681003584,797640.0,2890.042899074283
B,0.2563320709923407,0.46062992125984253,0.38741721854304634,0.42086330935251803,801660.0,2867.4644389252653
B,0.2790280367642376,0.48034934497816595,0.36423841059602646,0.41431261770244815,827820.0,2585.2336870625422
B,0.29910147790257197,0.497737556561086,0.36423841059602646,0.42065009560229444,826380.0,2494.919846466471
B,0.3407221712581663,0.5196078431372549,0.3509933774834437,0.4189723320158103,840840.0,2303.0029351998196
B,0.38230068500654557,0.5591397849462365,0.3443708609271523,0.42622950819672123,846360.0,2099.796793858659
B,0.40108601925074916,0.5698324022346368,0.33774834437086093,0.42411642411642414,853860.0,2020.7721833370963
B,0.4489979732707855,0.6233766233766234,0.31788079470198677,0.42105263157894735,875640.0,1738.5414314743732
B,0.4583075376938893,0.6333333333333333,0.31456953642384106,0.420353982300885,879300.0,1693.384511176338
B,0.49523640120934853,0.6511627906976745,0.2781456953642384,0.38979118329466356,923700.0,1456.3106796116506
B,0.5286535420994871,0.6782608695652174,0.2582781456953642,0.3741007194244604,947460.0,1298.2614585685255
B,0.5632067054110843,0.7211538461538461,0.24834437086092714,0.3694581280788177,958620.0,1174.0799277489275
B,0.6393974956968006,0.7625,0.20198675496688742,0.3193717277486911,1015620.0,903.1384059607135
B,0.6499605628805181,0.759493670886076,0.1986754966887417,0.31496062992125984,1019820.0,891.8491758862045
B,0.7418444073641486,0.8518518518518519,0.152317880794702,0.25842696629213485,1076640.0,609.6184240234816
B,0.7678889422792907,0.8888888888888888,0.13245033112582782,0.23054755043227668,1101300.0,508.0153533529013
B,0.8147870364512043,0.896551724137931,0.08609271523178808,0.15709969788519637,1159740.0,327.38767216075865
B,0.8691377895935063,1.0,0.013245033112582781,0.0261437908496732,1251600.0,45.15692029803567
C,0.000467115899753191,0.034093474825016935,1.0,0.06593886462882095,1540080.0,100000.0
C,0.0006077962762621536,0.03418996943280878,1.0,0.06611932129173509,1535580.0,99717.76924813728
C,0.000675955139391297,0.034267559287416316,1.0,0.06626439934174438,1531980.0,99491.9846466471
C,0.0006991080833366512,0.034287011807447774,1.0,0.06630076838638858,1531080.0,99435.53849627456
C,0.0007671304522450646,0.034384606626437435,1.0,0.06648321408915794,1526580.0,99153.30774441184
C,0.000775032577261664,0.03440419229892914,1.0,0.06651982378854625,1525680.0,99096.86159403929
C,0.0008225207366093313,0.034482758620689655,1.0,0.06666666666666667,1522080.0,98871.07699254912
C,0.0008533277623069538,0.034541919249685464,1.0,0.06677722498618022,1519380.0,98701.73854143148
C,0.0008649399201909931,0.03458147257528913,1.0,0.06685113447703375,1517580.0,98588.84624068638
C,0.0008977055233020824,0.034680753330271014,1.0,0.06703662597114317,1513080.0,98306.61548882366
C,0.00089771165654222,0.034680753330271014,1.0,0.06703662597114317,1513080.0,98306.61548882366
C,0.0009323142641955222,0.034780605781411955,1.0,0.06722314969393434,1508580.0,98024.38473696093
C,0.0009449060814941794,0.03482472324723247,1.0,0.06730554936483174,1506600.0,97900.20320614135
C,0.0009614695212658637,0.03488103488103488,1.0,0.06741071428571428,1504080.0,97742.15398509821
C,0.000986563250689007,0.034965844621975224,1.0,0.06756907931535967,1500300.0,97505.08015353353
C,0.0009924660834226059,0.03498204563882775,1.0,0.06759932848349189,1499580.0,97459.92323323549
C,0.0010243744494376726,0.03508364312267658,1.0,0.06778900112233445,1495080.0,97177.69248137277
C,0.0010325217367806118,0.03510811439200186,1.0,0.06783468104222821,1494000.0,97109.95710092572
C,0.001049153140476196,0.03518583245951299,1.0,0.06797974113674733,1490580.0,96895.46172951005
C,0.0010671120721188984,0.03525154663242675,1.0,0.06810237907317622,1487700.0,96714.8340483179
C,0.0010807294071794732,0.03528861883617668,1.0,0.06817155756207674,1486080.0,96613.23097764733
C,0.0011047366131666833,0.03539200750029298,1.0,0.06836445953593662,1481580.0,96331.0002257846
C,0.0011057809085788341,0.03540030477083578,1.0,0.06837993886561758,1481220.0,96308.42176563559
C,0.0011271822162560621,0.03549600376116596,1.0,0.06855845629965948,1477080.0,96048.76947392189
C,0.0011367483737516984,0.035546139359698685,1.0,0.06865196635599,1474920.0,95913.29871302778
C,0.0011560399104927717,0.03560061299068726,1.0,0.06875355719977234,1472580.0,95766.53872205915
C,0.0011823793692765402,0.03557499113579955,0.9966887417218543,0.06869793449731827,1473000.0,95518.17566041996
C,0.0011849906452934048,0.03558760936391582,0.9966887417218543,0.06872146118721462,1472460.0,95484.30797019643
C,0.0012091588599722812,0.03569311039962054,0.9966887417218543,0.06891814539210074,1467960.0,95202.07721833371
C,0.00121773940706047,0.03572276287680987,0.9966887417218543,0.06897341888175985,1466700.0,95123.05260781215
C,0.0012364742961609504,0.03579923882017127,0.9966887417218543,0.06911595866819749,1463460.0,94919.84646647099
C,0.0012568994098648778,0.03587176736980098,0.9966887417218543,0.0692511215920856,1460400.0,94727.92955520433
C,0.0012617947725901584,0.035906000238578074,0.9966887417218543,0.06931491076568796,1458960.0,94637.61571460826
C,0.0012770291157969886,0.036013400335008376,0.9966887417218543,0.0695150115473441,1454460.0,94355.38496274553
C,0.00127833284845266,0.036026331538001194,0.9966887417218543,0.06953910130530205,1453920.0,94321.51727252202
C,0.001302124670955881,0.03612144485779431,0.9966887417218543,0.06971627099015633,1449960.0,94073.15421088281
C,0.0013137272385170785,0.03617788461538462,0.9966887417218543,0.06982138714915334,1447620.0,93926.3942199142
C,0.0013318043300455512,0.036230139624458355,0.9966887417218543,0.06991869918699188,1445460.0,93790.9234590201
C,0.0013607451006780633,0.036330718165359085,0.9966887417218543,0.07010597414696636,1441320.0,93531.27116730639
C,0.001363271379912828,0.03633949052275746,0.9966887417218543,0.0701223063482819,1440960.0,93508.69270715737
C,0.0013891823429664208,0.03644950351174619,0.9966887417218543,0.07032710280373833,1436460.0,93226.46195529465
C,0.001393812679082503,0.03648484848484849,0.9966887417218543,0.07039289055191769,1435020.0,93136.14811469858
C,0.001413340665966857,0.036560184622859225,0.9966887417218543,0.07053309900410076,1431960.0,92944.23120343193
C,0.0014262164034739612,0.03664029214850883,0.9966887417218543,0.07068216508160151,1428720.0,92741.02506209076
C,0.0014331988743597939,0.03667153996101365,0.9966887417218543,0.07074030552291422,1427460.0,92662.0004515692
C,0.001455769064253577,0.036783575705731396,0.9966887417218543,0.07094873305833824,1422960.0,92379.76969970648
C,0.0014572389110233917,0.036801564983494316,0.9966887417218543,0.07098219549581417,1422240.0,92334.61277940845
C,0.00147493721138943,0.03689629811228242,0.9966887417218543,0.07115839243498819,1418460.0,92097.53894784376
C,0.0014903497888343487,0.036959724950884086,0.9966887417218543,0.07127634383139948,1415940.0,91939.48972680063
C,0.001508813535111313,0.03700971351284889,0.9966887417218543,0.07136929460580912,1413960.0,91815.30819598104
C,0.0015335730504520003,0.03711925021580959,0.9966887417218543,0.07157294019736059,1409640.0,91544.36667419282
C,0.0015357467493380564,0.037123828317710904,0.9966887417218543,0.07158145065398336,1409460.0,91533.07744411832
C,0.0015593516155341042,0.03723864901645429,0.9966887417218543,0.07179487179487179,1404960.0,91250.84669225558
C,0.0015691254213078846,0.03728015853356453,0.9966887417218543,0.07187201528175739,1403340.0,91149.243621585
C,0.0015853502703923163,0.03735418217920079,0.9966887417218543,0.07200956937799043,1400460.0,90968.61594039286
C,0.0016030736121350286,0.03744712615078378,0.9966887417218543,0.07218225419664269,1396860.0,90742.83133890269
C,0.0016061236244111641,0.03747043445786132,0.9966887417218543,0.0722255548890222,1395960.0,90686.38518853014
C,0.0016267507415288268,0.037587412587412584,0.9966887417218543,0.0724428399518652,1391460.0,90404.15443666742
C,0.001630929008466061,0.03761089591403224,0.9966887417218543,0.07248645394340758,1390560.0,90347.70828629487
C,0.0016488043583142004,0.037705123387197795,0.9966887417218543,0.07266143633071817,1386960.0,90121.9236848047
C,0.0016576872634175503,0.03777610441767068,0.9966887417218543,0.07279322853688028,1384260.0,89952.58523368706
C,0.001673156704771448,0.03782357376225182,0.9966887417218543,0.07288135593220339,1382460.0,89839.69293294197
C,0.0017000771561913213,0.037942770704651456,0.9966887417218543,0.07310261080752885,1377960.0,89557.46218107925
C,0.00170076325724874,0.037942770704651456,0.9966887417218543,0.07310261080752885,1377960.0,89557.46218107925
C,0.0017316073423732058,0.03806272129489125,0.9966887417218543,0.0733252131546894,1373460.0,89275.23142921652
C,0.0017458507718497497,0.0381109141554824,0.9966887417218543,0.07341463414634146,1371660.0,89162.33912847143
C,0.0017638381146591893,0.03818343270328555,0.9966887417218543,0.07354917532070862,1368960.0,88993.0006773538
C,0.0017794721663000656,0.03828542355634699,0.9966887417218543,0.07373836354728075,1365180.0,88755.92684578912
C,0.001782766704909922,0.038304912191397304,0.9966887417218543,0.07377450980392157,1364460.0,88710.76992549108
C,0.0018076445482190328,0.03842716711349419,0.9966887417218543,0.07400122925629994,1359960.0,88428.53917362836
C,0.0018102649502110576,0.03845662450491887,0.9966887417218543,0.07405584942797393,1358880.0,88360.8037931813
C,0.001834392245601833,0.038550204918032786,0.9966887417218543,0.07422934648581998,1355460.0,88146.30842176564
C,0.0018504752605941449,0.03862936344969199,0.9966887417218543,0.07437608104768964,1352580.0,87965.68074057349
C,0.0018545087585217612,0.03867403314917127,0.9966887417218543,0.07445887445887446,1350960.0,87864.07766990292
C,0.001875032803650691,0.03879865944831142,0.9966887417218543,0.07468982630272952,1346460.0,87581.84691804019
C,0.0018753594989410882,0.03880366120923037,0.9966887417218543,0.07469909418041941,1346280.0,87570.55768796567
C,0.0018926679032644728,0.038924091555670504,0.9966887417218543,0.07492221530802738,1341960.0,87299.61616617747
C,0.001903545940332975,0.03897953897953898,0.9966887417218543,0.07502492522432702,1339980.0,87175.43463535787
C,0.0019174297606758593,0.03905033731188376,0.9966887417218543,0.07515605493133584,1337460.0,87017.38541431475
C,0.0019382354331345063,0.039162112932604735,0.9966887417218543,0.07536304456685028,1333500.0,86769.02235267556
C,0.0019429166458537267,0.03917740465963816,0.9966887417218543,0.07539135879774578,1332960.0,86735.15466245201
C,0.0019734344195422165,0.03930530164533821,0.9966887417218543,0.07562814070351759,1328460.0,86452.92391058929
C,0.0019835569889021416,0.039341262580054895,0.9966887417218543,0.07569470640010059,1327200.0,86373.89930006773
C,0.0019978027177392946,0.039434036420804404,0.9966887417218543,0.07586641461877756,1323960.0,86170.69315872657
C,0.0020259018320673977,0.03952205882352941,0.9966887417218543,0.07602930032836576,1320900.0,85978.77624745991
C,0.002038049110801798,0.039563617245005255,0.9966887417218543,0.07610619469026549,1319460.0,85888.46240686385
C,0.002052927791642349,0.039694052485823555,0.9966887417218543,0.07634749524413445,1314960.0,85606.23165500113
C,0.002054325294159498,0.03970452446906741,0.9966887417218543,0.07636686540657112,1314600.0,85583.65319485212
C,0.0020788867883851482,0.03982535062185764,0.9966887417218543,0.07659033078880408,1310460.0,85324.00090313841
C,0.0020968735997212405,0.039893969516235916,0.9966887417218543,0.07671721677074039,1308120.0,85177.2409121698
C,0.0021145021613435924,0.039957520244258596,0.9966887417218543,0.07683471601786854,1305960.0,85041.77015127569
C,0.0021272614913726115,0.040079893475366175,0.9966887417218543,0.07706093189964157,1301820.0,84782.11785956197
C,0.0021291119775107125,0.040090570058604155,0.9966887417218543,0.07708066581306017,1301460.0,84759.53939941297
C,0.0021520940872027687,0.040224508886810104,0.9966887417218543,0.07732819524727039,1296960.0,84477.30864755024
C,0.0021656217963148127,0.040267558528428095,0.9966887417218543,0.07740774077407742,1295520.0,84386.99480695416
C,0.0021897330289744723,0.040359345669080185,0.9966887417218543,0.07757731958762887,1292460.0,84195.07789568751
C,0.0022116917524101797,0.04045698924731183,0.9966887417218543,0.07775768535262206,1289220.0,83991.87175434636
C,0.0022159921644632607,0.040495089465895334,0.9966887417218543,0.07782805429864252,1287960.0,83912.84714382478
C,0.0022386400638534708,0.0406317494600432,0.9966887417218543,0.0780804150453956,1283460.0,83630.61639196206
C,0.0022426548821436096,0.04064821066846725,0.9966887417218543,0.07811080835603997,1282920.0,83596.74870173854
C,0.002262929740694632,0.04076933495868888,0.9966887417218543,0.07833441769681196,1278960.0,83348.38564009934
C,0.0022787885437902957,0.04084679060930927,0.9966887417218543,0.07847738234910703,1276440.0,83190.33641905623
C,0.0022900466976730036,0.040907855395487906,0.9966887417218543,0.07859007832898172,1274460.0,83066.15488823662
C,0.0023082805699828584,0.04104172347968366,0.9966887417218543,0.0788370874803562,1270140.0,82795.2133664484
C,0.0023098248839673206,0.041047320332742394,0.9966887417218543,0.07884741322855271,1269960.0,82783.9241363739
C,0.0023298368669920537,0.04118773946360153,0.9966887417218543,0.07910643889618924,1265460.0,82501.69338451118
C,0.0023368160778774677,0.04123852582545554,0.9966887417218543,0.07920010524930929,1263840.0,82400.0903138406
C,0.002356127661620599,0.04132912261430729,0.9966887417218543,0.07936717205009888,1260960.0,82219.46263264846
C,0.002379185145743436,0.04143722466960353,0.9966887417218543,0.07956648162833732,1257540.0,82004.96726123278
C,0.002385617608694849,0.041471479746486635,0.9966887417218543,0.07962962962962963,1256460.0,81937.23188078574
C,0.0024174272667580265,0.04161482095949122,0.9966887417218543,0.07989382879893829,1251960.0,81655.00112892302
C,0.0024229105061310693,0.04163784755844515,0.9966887417218543,0.07993626344442968,1251240.0,81609.84420862497
C,0.002436934920671837,0.0417591564927858,0.9966887417218543,0.08015978695073236,1247460.0,81372.77037706028
C,0.00245292777181954,0.0418462393994161,0.9966887417218543,0.08032021347565044,1244760.0,81203.43192594266
C,0.0024686464402648854,0.04190449672838647,0.9966887417218543,0.08042752171008684,1242960.0,81090.53962519756
C,0.002491827904970134,0.0420508521933501,0.9966887417218543,0.0806970509383378,1238460.0,80808.30887333483
C,0.0024918593429198404,0.0420508521933501,0.9966887417218543,0.0806970509383378,1238460.0,80808.30887333483
C,0.0025120018876901157,0.042198233562315994,0.9966887417218543,0.08096839273705446,1233960.0,80526.0781214721
C,0.002521666504420987,0.04225747578267584,0.9966887417218543,0.08107744107744108,1232160.0,80413.18582072703
C,0.002537841744656779,0.04234665166010129,0.9966887417218543,0.08124156545209177,1229460.0,80243.84736960939
C,0.002558138248851336,0.04246613995485327,0.9966887417218543,0.08146143437077132,1225860.0,80018.06276811921
C,0.0025643981208573587,0.042496117464351266,0.9966887417218543,0.08151658767772511,1224960.0,79961.61661774667
C,0.0025887700808118466,0.04264664210824596,0.9966887417218543,0.08179347826086955,1220460.0,79679.38586588395
C,0.0025953044862353945,0.042682926829268296,0.9966887417218543,0.08186021212945338,1219380.0,79611.6504854369
C,0.002616044359771619,0.04279823688326461,0.9966887417218543,0.08207225630538514,1215960.0,79397.15511402123
C,0.0026431989830978456,0.042895824426393045,0.9966887417218543,0.08225167372591884,1213080.0,79216.52743282907
C,0.002659730700213866,0.042950913242009135,0.9966887417218543,0.0823529411764706,1211460.0,79114.9243621585
C,0.0026861405585694655,0.04310468280108836,0.9966887417218543,0.08263555250514758,1206960.0,78832.69361029578
C,0.0026862709008228973,0.04311085648811229,0.9966887417218543,0.08264689730917078,1206780.0,78821.40438022127
C,0.002718906845159291,0.043259557344064385,0.9966887417218543,0.08292011019283746,1202460.0,78550.46285843305
C,0.002726664864520541,0.043328055275658556,0.9966887417218543,0.08304593737067181,1200480.0,78426.28132761345
C,0.0027470245462313317,0.04341554882446271,0.9966887417218543,0.08320663441603317,1197960.0,78268.23210657033
C,0.0027699138578644467,0.043547453703703706,0.9966887417218543,0.08344884945938454,1194180.0,78031.15827500564
C,0.0027730058009333026,0.04357266936884771,0.9966887417218543,0.08349514563106795,1193460.0,77986.00135470761
C,0.0028028190149719783,0.04373093127996513,0.9966887417218543,0.083785664578984,1188960.0,77703.77060284489
C,0.0028147986487800512,0.04377545084351367,0.9966887417218543,0.08386737252716633,1187700.0,77624.74599232333
C,0.0028338001148428362,0.04389034703995334,0.9966887417218543,0.0840782122905028,1184460.0,77421.53985098217
C,0.0028508504083258044,0.043999415290162255,0.9966887417218543,0.08427831443371131,1181400.0,77229.62293971551
C,0.00285872559245189,0.04405092931362505,0.9966887417218543,0.08437281009110022,1179960.0,77139.30909911943
C,0.002889044649830068,0.044212690951821385,0.9966887417218543,0.08466947960618847,1175460.0,76857.07834725671
C,0.0028918444960864325,0.04422568322068763,0.9966887417218543,0.08469330332020258,1175100.0,76834.4998871077
C,0.0029236462389858205,0.04437564499484004,0.9966887417218543,0.0849682427664079,1170960.0,76574.84759539399
C,0.0029426296454633342,0.0444542903559297,0.9966887417218543,0.08511239926480985,1168800.0,76439.37683449988
C,0.0029666116482123723,0.044539804675939626,0.9966887417218543,0.08526912181303116,1166460.0,76292.61684353127
C,0.0029920301556404694,0.044685273159144896,0.9966887417218543,0.08553566354077864,1162500.0,76044.25378189208
C,0.002998245669756871,0.044705183424922024,0.9966887417218543,0.08557213930348258,1161960.0,76010.38609166855
C,0.0030231873146412775,0.04487179487179487,0.9966887417218543,0.08587731811697576,1157460.0,75728.15533980583
C,0.003031756851227304,0.04477611940298507,0.9933774834437086,0.08568980291345331,1160400.0,75637.84149920975
C,0.003065320167113254,0.044890019452341764,0.9933774834437086,0.08589835361488904,1157340.0,75445.9245879431
C,0.003082363694236314,0.0450112528132033,0.9933774834437086,0.08612028132625231,1154100.0,75242.71844660194
C,0.0030886488991106586,0.04505857614899369,0.9933774834437086,0.08620689655172413,1152840.0,75163.69383608038
C,0.0031180783824933628,0.045228403437358664,0.9933774834437086,0.08651766402307139,1148340.0,74881.46308421766
C,0.0031197251154633913,0.04524886877828054,0.9933774834437086,0.08655510675129832,1147800.0,74847.59539399412
C,0.003146672627570238,0.04539951573849879,0.9933774834437086,0.08683068017366137,1143840.0,74599.23233235494
C,0.0031616373213912024,0.045489006823351025,0.9933774834437086,0.08699434536755112,1141500.0,74452.47234138632
C,0.003177677546862067,0.0455719276925414,0.9933774834437086,0.08714596949891068,1139340.0,74317.00158049221
C,0.003200657078257678,0.04573867967678,0.9933774834437086,0.08745080891998251,1135020.0,74046.060058704
C,0.0032020224877783317,0.04574565416285453,0.9933774834437086,0.08746355685131196,1134840.0,74034.7708286295
C,0.003240924625773857,0.04592071024031839,0.9933774834437086,0.08778346744696416,1130340.0,73752.54007676676
C,0.0032538365347036125,0.04598405885959534,0.9933774834437086,0.08789920890711983,1128720.0,73650.93700609618
C,0.003274107736812133,0.046097111247695145,0.9933774834437086,0.0881057268722467,1125840.0,73470.30932490404
C,0.0032944173396190135,0.04623208506703652,0.9933774834437086,0.08835223089383006,1122420.0,73255.81395348837
C,0.0032994768348889995,0.04627487274409996,0.9933774834437086,0.08843036109064112,1121340.0,73188.07857304132
C,0.003326686691745205,0.04645401052957572,0.9933774834437086,0.08875739644970415,1116840.0,72905.8478211786
C,0.0033282267244808855,0.04648280136349551,0.9933774834437086,0.08880994671403197,1116120.0,72860.69090088057
C,0.0033618666549891075,0.0466345406497746,0.9933774834437086,0.08908685968819599,1112340.0,72623.61706931588
C,0.003385070195913626,0.04673625175260944,0.9933774834437086,0.08927242969796159,1109820.0,72465.56784827275
C,0.00340500038198674,0.04681647940074907,0.9933774834437086,0.08941877794336811,1107840.0,72341.38631745314
C,0.003436469034810617,0.046999843333855554,0.9933774834437086,0.08975317875841436,1103340.0,72059.15556559042
C,0.0034377871999669856,0.046999843333855554,0.9933774834437086,0.08975317875841436,1103340.0,72059.15556559042
C,0.0034679092885549962,0.04718464926077383,0.9933774834437086,0.09009009009009007,1098840.0,71776.9248137277
C,0.0034793377370581032,0.04725897920604915,0.9933774834437086,0.09022556390977443,1097040.0,71664.03251298261
C,0.003506660150425831,0.04737091425864519,0.9933774834437086,0.09042954031650338,1094340.0,71494.69406186498
C,0.0035408067066229187,0.04752098843655948,0.9933774834437086,0.09070294784580499,1090740.0,71268.90946037481
C,0.003548822236482957,0.04755865567533291,0.9933774834437086,0.09077155824508322,1089840.0,71212.46331000226
C,0.003578184647886866,0.047747891134808214,0.9933774834437086,0.09111617312072894,1085340.0,70930.23255813954
C,0.0035806891795617836,0.047785919082510356,0.9933774834437086,0.09118541033434652,1084440.0,70873.786407767
C,0.0035939454661588744,0.04793863854266539,0.9933774834437086,0.09146341463414634,1080840.0,70648.00180627682
C,0.0036089423316384844,0.048053820278712155,0.9933774834437086,0.09167303284950343,1078140.0,70478.66335515918
C,0.0036174636509352606,0.048130916091769615,0.9933774834437086,0.09181331293037491,1076340.0,70365.77105441409
C,0.0036501240310683578,0.04832474226804124,0.9933774834437086,0.09216589861751151,1071840.0,70083.54030255137
C,0.0036507527611723384,0.04833252779120348,0.9933774834437086,0.09218005838070363,1071660.0,70072.25107247685
C,0.003689119693163992,0.048520135856380396,0.9933774834437086,0.09252120277563607,1067340.0,69801.30955068865
C,0.003708636444933684,0.04860661049902787,0.9933774834437086,0.09267840593141798,1065360.0,69677.12801986905
C,0.0037240606668193198,0.04871711594673595,0.9933774834437086,0.09287925696594428,1062840.0,69519.07879882591
C,0.0037591631980820788,0.04888381945576014,0.9933774834437086,0.09318217114458766,1059060.0,69282.00496726124
C,0.0037618739733483253,0.048915701940322846,0.9933774834437086,0.09324009324009325,1058340.0,69236.84804696319
C,0.0038070208078615636,0.04911591355599214,0.9933774834437086,0.09360374414976598,1053840.0,68954.61729510047
C,0.0038121978374854835,0.049164208456243856,0.9933774834437086,0.09369144284821987,1052760.0,68886.88191465342
C,0.003838470985744243,0.04931777083675818,0.9933774834437086,0.09397024275646046,1049340.0,68672.38654323775
C,0.003847675827105296,0.04945598417408507,0.9933774834437086,0.09422110552763818,1046280.0,68480.4696319711
C,0.003855932926857343,0.04952129415648729,0.9933774834437086,0.09433962264150944,1044840.0,68390.15579137503
C,0.0038856303777988262,0.04972650422675286,0.9933774834437086,0.0947119179163378,1040340.0,68107.92503951231
C,0.0038902773524094026,0.0497429945282706,0.9933774834437086,0.09474182851729038,1039980.0,68085.3465793633
C,0.003929013390579859,0.04976697736351531,0.9900662251655629,0.094770206022187,1040220.0,67825.69428764959
C,0.0039473752098688345,0.04986657771847899,0.9900662251655629,0.09495077802476977,1038060.0,67690.22352675548
C,0.003971019483900047,0.049974928965401975,0.9900662251655629,0.09514717581543357,1035720.0,67543.46353578687
C,0.004005795488484952,0.05015936923335011,0.9900662251655629,0.0954813986907233,1031760.0,67295.10047414766
C,0.004011004120934048,0.05018462571332662,0.9900662251655629,0.09552715654952076,1031220.0,67261.23278392415
C,0.004042997853203946,0.050396089667958874,0.9900662251655629,0.0959101844426624,1026720.0,66979.00203206141
C,0.004060879256945161,0.05045561930475869,0.9900662251655629,0.0960179833012203,1025460.0,66899.97742153985
C,0.004086330709539869,0.0506093432633717,0.9900662251655629,0.0962962962962963,1022220.0,66696.77128019869
C,0.004119858727633527,0.050764006791171476,0.9900662251655629,0.09657622739018087,1018980.0,66493.56513885752
C,0.004129246539805917,0.05082440931497535,0.9900662251655629,0.09668552950687147,1017720.0,66414.54052833596
C,0.00417518304175238,0.05104131102765449,0.9900662251655629,0.09707792207792207,1013220.0,66132.30977647324
C,0.00418183178454919,0.05106746370623399,0.9900662251655629,0.09712522332304693,1012680.0,66098.44208624972
C,0.004212265859825505,0.05126007200411452,0.9900662251655629,0.09747351263243685,1008720.0,65850.07902461052
C,0.004233870710097989,0.05137457044673539,0.9900662251655629,0.09768049656974846,1006380.0,65703.3190336419
C,0.004252072650393657,0.051480716253443526,0.9900662251655629,0.09787234042553192,1004220.0,65567.8482727478
C,0.004290435241855478,0.051685393258426963,0.9900662251655629,0.0982421554131756,1000080.0,65308.19598103409
C,0.004290770026459475,0.05170326819989625,0.9900662251655629,0.09827444535743632,999720.0,65285.61752088508
C,0.004333722990546026,0.051927752691906914,0.9900662251655629,0.09867986798679867,995220.0,65003.386769022356
C,0.004345851611431971,0.052,0.9900662251655629,0.09881031064111037,993780.0,64913.072928426285
C,0.004372622776160816,0.05215419501133787,0.9900662251655629,0.09908864954432477,990720.0,64721.15601715963
C,0.004413100363728105,0.05232761638081904,0.9900662251655629,0.09940159574468085,987300.0,64506.66064574396
C,0.004421136575295658,0.05238262088297127,0.9900662251655629,0.09950083194675541,986220.0,64438.92526529691
C,0.004453595060433594,0.052613056484251276,0.9900662251655629,0.09991645781119467,981720.0,64156.69451343419
C,0.004458300871386905,0.05265011445677056,0.9900662251655629,0.099983280387895,981000.0,64111.53759313615
C,0.004497000643956813,0.052845528455284556,0.9900662251655629,0.10033557046979867,977220.0,63874.46376157147
C,0.0045367027887522875,0.05297661233167966,0.9900662251655629,0.10057181298351833,974700.0,63716.414540528334
C,0.004562585785583431,0.05308006390910705,0.9900662251655629,0.10075821398483573,972720.0,63592.23300970874
C,0.004597934447180864,0.05330718488144054,0.9900662251655629,0.10116731517509728,968400.0,63321.29148792053
C,0.004598830444774975,0.053316690442225395,0.9900662251655629,0.10118443316412859,968220.0,63310.00225784601
C,0.004649628605621525,0.05355543614544152,0.9900662251655629,0.1016142735768904,963720.0,63027.771505983284
C,0.004665107135661238,0.05347209761349363,0.9867549668874173,0.1014468085106383,966300.0,62914.879205238205
C,0.004697716835925394,0.05361640878013674,0.9867549668874173,0.10170648464163823,963600.0,62745.540754120564
C,0.004726239255584975,0.053810039725532686,0.9867549668874173,0.10205479452054796,960000.0,62519.75615263039
C,0.004747631719023391,0.05385866618470992,0.9867549668874173,0.10214224507283634,959100.0,62463.310002257844
C,0.0048047174063351045,0.05410312273057371,0.9867549668874173,0.1025817555938038,954600.0,62181.07925039512
C,0.004818495498195643,0.054152280574232235,0.9867549668874173,0.10267011197243756,953700.0,62124.63310002258
C,0.004843273810104935,0.0543498084989969,0.9867549668874173,0.10302506482281763,950100.0,61898.8484985324
C,0.0048714034638176204,0.054498902706656915,0.9867549668874173,0.10329289428076255,947400.0,61729.51004741477
C,0.004897981463251657,0.054598754122389154,0.9867549668874173,0.1034722222222222,945600.0,61616.617746669675
C,0.004932317425173667,0.05484999079698141,0.9867549668874173,0.10392327811682651,941100.0,61334.386994806955
C,0.004932801526679977,0.05484999079698141,0.9867549668874173,0.10392327811682651,941100.0,61334.386994806955
C,0.004978056357173948,0.055103550295857985,0.9867549668874173,0.10437828371278458,936600.0,61052.156242944235
C,0.00499029772525605,0.05521586066333148,0.9867549668874173,0.10457975083347956,934620.0,60927.97471212463
C,0.005018449866747487,0.05535946498235185,0.9867549668874173,0.10483729111697451,932100.0,60769.925491081514
C,0.005059471427888756,0.05557627750839239,0.9867549668874173,0.10522598870056497,928320.0,60532.85165951682
C,0.005071934170271943,0.055617767823814855,0.9867549668874173,0.10530035335689046,927600.0,60487.69473921879
C,0.005107637507460454,0.05587849240577536,0.9867549668874173,0.10576752440106475,923100.0,60205.463987356066
C,0.005119654650497553,0.05594143044865778,0.9867549668874173,0.10588026292414283,922020.0,60137.72860690901
C,0.005150986697576187,0.05614167294649586,0.9867549668874173,0.10623885918003564,918600.0,59923.23323549333
C,0.0051825332938309895,0.05612244897959184,0.9834437086092715,0.10618519842688597,920100.0,59742.6055543012
C,0.005195619341128119,0.056218057921635436,0.9834437086092715,0.10635631154879141,918480.0,59641.00248363061
C,0.0052436612061991855,0.056485355648535567,0.9834437086092715,0.10683453237410072,913980.0,59358.77173176789
C,0.005244497206088701,0.05649610043751189,0.9834437086092715,0.10685375067458175,913800.0,59347.48250169338
C,0.005302092693095367,0.05675520733804701,0.9834437086092715,0.1073170731707317,909480.0,59076.54097990517
C,0.005329791479986813,0.05688565408925493,0.9834437086092715,0.10755024443237371,907320.0,58941.07021901106
C,0.005348481748455144,0.057027649769585256,0.9834437086092715,0.10780399274047188,904980.0,58794.31022804244
C,0.005392633471011733,0.05726957192441188,0.9834437086092715,0.10823615160349855,901020.0,58545.94716640325
C,0.005398122897628991,0.05730272043218213,0.9834437086092715,0.10829535095715588,900480.0,58512.07947617972
C,0.0054400886855674995,0.057580457541682825,0.9834437086092715,0.10879120879120881,895980.0,58229.848724317
C,0.005449959833425354,0.05765870704717531,0.9834437086092715,0.10893086374472769,894720.0,58150.82411379544
C,0.005476087898696481,0.05786090005844535,0.9834437086092715,0.1092916283348666,891480.0,57947.61797245428
C,0.005507207087989791,0.05785770132916341,0.9801324503311258,0.109265411590993,892800.0,57755.701061187625
C,0.00553118321014744,0.05794831636648395,0.9801324503311258,0.10942698706099815,891360.0,57665.387220591554
C,0.005574379296469563,0.05823332677552626,0.9801324503311258,0.10993500464252554,886860.0,57383.156468728834
C,0.005576902123373049,0.05826771653543307,0.9801324503311258,0.10999628390932738,886320.0,57349.2887785053
C,0.0056225942982999905,0.05852115460656386,0.9801324503311258,0.11044776119402985,882360.0,57100.92571686611
C,0.005645749067164446,0.05867195242814668,0.9801324503311258,0.1107162895081354,880020.0,56954.165725897496
C,0.005670456641953406,0.05881184184383072,0.9801324503311258,0.11096532333645735,877860.0,56818.69496500339
C,0.005711254153784619,0.05908183632734531,0.9801324503311258,0.11144578313253013,873720.0,56559.04267328968
C,0.005715272036127499,0.05910543130990415,0.9801324503311258,0.11148775894538607,873360.0,56536.46421314067
C,0.005761455040738598,0.05920128436684728,0.9768211920529801,0.11163670766319773,873240.0,56254.23346127794
C,0.005780167545081619,0.0592964824120603,0.9768211920529801,0.11180595035057798,871800.0,56163.91962068187
C,0.005829150601886875,0.05949979830576845,0.9768211920529801,0.11216730038022814,868740.0,55972.00270941522
C,0.005873136729886744,0.0597165991902834,0.9768211920529801,0.11255246089278902,865500.0,55768.79656807405
C,0.0058901002519325405,0.05980133792823839,0.9768211920529801,0.11270296084049664,864240.0,55689.77195755249
C,0.005934846512307112,0.06010594947025265,0.9768211920529801,0.11324376199616121,859740.0,55407.54120568977
C,0.005938449367953193,0.06015497553017945,0.9768211920529801,0.11333077218593932,859020.0,55362.384285391745
C,0.005988410255290664,0.06041368011468359,0.9768211920529801,0.11378977820636452,855240.0,55125.31045382705
C,0.0060128338971701095,0.06058738960772232,0.9768211920529801,0.1140978534132663,852720.0,54967.26123278392
C,0.0060372315441814565,0.0607245780156443,0.9768211920529801,0.11434108527131784,850740.0,54843.07970196433
C,0.006096488691168939,0.06102606537029375,0.9768211920529801,0.1148753894080997,846420.0,54572.13818017611
C,0.006099452357821417,0.06103869232360853,0.9768211920529801,0.11489776046738072,846240.0,54560.8489501016
C,0.006154830763706627,0.06135607321131448,0.9768211920529801,0.11545988258317026,841740.0,54278.61819823888
C,0.00618276698934464,0.061471139820796,0.9768211920529801,0.11566359537345618,840120.0,54177.015127568295
C,0.006214196131187282,0.06167677190048087,0.9768211920529801,0.1160275319567355,837240.0,53996.38744637616
C,0.006255043312595269,0.06192275398824517,0.9768211920529801,0.11646269245953414,833820.0,53781.89207496049
C,0.006268337653287674,0.06200084068936528,0.9768211920529801,0.116600790513834,832740.0,53714.15669451344
C,0.006321886379483258,0.06232833298119586,0.9768211920529801,0.11717974180734855,828240.0,53431.92594265071
C,0.006331601981542017,0.06239424703891709,0.9768211920529801,0.1172962226640159,827340.0,53375.479792278165
C,0.00638935949884958,0.06265930331350893,0.9768211920529801,0.11776447105788422,823740.0,53149.69519078799
C,0.006420954178310242,0.06285957809503516,0.9768211920529801,0.11811811811811812,821040.0,52980.35673967035
C,0.0064399032451413025,0.06299380738842622,0.9768211920529801,0.11835506519558676,819240.0,52867.46443892526
C,0.006491887773256284,0.06333190210390725,0.9768211920529801,0.11895161290322581,814740.0,52585.23368706254
C,0.006493812920141609,0.06333190210390725,0.9768211920529801,0.11895161290322581,814740.0,52585.23368706254
C,0.00655733875487107,0.06367364558601338,0.9768211920529801,0.11955420466058762,810240.0,52303.00293519982
C,0.006566605001901613,0.06381137789314298,0.9768211920529801,0.1197969543147208,808440.0,52190.11063445474
C,0.006601420195572076,0.06401909722222222,0.9768211920529801,0.12016293279022403,805740.0,52020.772183337096
C,0.006645653392363121,0.06431218661434489,0.9768211920529801,0.1206790754755574,801960.0,51783.698351772415
C,0.006652623924218072,0.06436831769583243,0.9768211920529801,0.12077789150460594,801240.0,51738.54143147437
C,0.006709672196879503,0.06472136902150066,0.9768211920529801,0.1213991769547325,796740.0,51456.31067961165
C,0.006719620161708237,0.0648066783831283,0.9768211920529801,0.1215492377420684,795660.0,51388.57529916459
C,0.006774008972273444,0.06507831458195455,0.9768211920529801,0.1220268872802482,792240.0,51174.07992774893
C,0.006826216416288745,0.06530883329643569,0.9768211920529801,0.12243203984229092,789360.0,50993.45224655678
C,0.006851308230170699,0.06543921916592724,0.9768211920529801,0.12266112266112265,787740.0,50891.84917588621
C,0.006899814181551942,0.06580414900736115,0.9768211920529801,0.1233019853709509,783240.0,50609.61842402349
C,0.006900586054695172,0.06581883087907184,0.9768211920529801,0.12332775919732439,783060.0,50598.32919394898
C,0.006973406131763336,0.06617317182593091,0.9768211920529801,0.12394957983193279,778740.0,50327.38767216076
C,0.0070118967825399045,0.06633685630762312,0.9768211920529801,0.12423668140661191,776760.0,50203.206141341165
C,0.007034897941237607,0.06654635686893752,0.9768211920529801,0.12460401267159452,774240.0,50045.15692029804
C,0.007082893888598739,0.06687825889820902,0.9768211920529801,0.1251856566942499,770280.0,49796.793858658835
C,0.0070907648739205005,0.06692377495462795,0.9768211920529801,0.12526539278131635,769740.0,49762.92616843531
C,0.007146215805944535,0.06730549851699749,0.9768211920529801,0.12593383137673428,765240.0,49480.69541657259
C,0.007151381104841097,0.06741316270566727,0.9768211920529801,0.1261222744762719,763980.0,49401.67080605103
C,0.007207054961322034,0.067691601652134,0.9768211920529801,0.12660944206008581,760740.0,49198.46466470987
C,0.007250564884657928,0.06795669200645013,0.9768211920529801,0.1270730131380573,757680.0,49006.547753443214
C,0.007268917266219553,0.06808216016616662,0.9768211920529801,0.12729234088457392,756240.0,48916.23391284714
C,0.007312020341106659,0.06824512534818941,0.9735099337748344,0.12754880694143164,756120.0,48634.003160984415
C,0.007314379810216325,0.06827682303762192,0.9735099337748344,0.12760416666666666,755760.0,48611.42470083541
C,0.007395759790649526,0.06864347420032688,0.9735099337748344,0.1282442748091603,751620.0,48351.772409121695
C,0.00742650283931593,0.06883633809412315,0.9735099337748344,0.12858080034987973,749460.0,48216.301648227585
C,0.0074582054762733175,0.06904650070455613,0.9735099337748344,0.12894736842105264,747120.0,48069.541657258975
C,0.0075252829454243155,0.069185360094451,0.9701986754966887,0.12916023804275956,747360.0,47809.88936554527
C,0.007529940263122515,0.06921804866524923,0.9701986754966887,0.1292171995589857,747000.0,47787.310905396254
C,0.007589719967703437,0.06962927756653993,0.9701986754966887,0.12993348115299336,742500.0,47505.08015353353
C,0.007630642688434463,0.06976190476190476,0.9701986754966887,0.13016437139049314,741060.0,47414.766312937456
C,0.007676518425005316,0.0700454219459718,0.9701986754966887,0.13065774804905242,738000.0,47222.84940167081
C,0.007736918815375396,0.07034813925570228,0.9701986754966887,0.1311842399820909,734760.0,47019.64326032965
C,0.007754619856522547,0.07046657046657047,0.9701986754966887,0.13139013452914797,733500.0,46940.618649808086
C,0.00784537261421583,0.07089281393660779,0.9701986754966887,0.13213077790304395,729000.0,46658.38789794536
C,0.007858331497194893,0.07094430992736077,0.9701986754966887,0.13222021660649816,728460.0,46624.520207721835
C,0.007933003400395874,0.07132424537487829,0.9701986754966887,0.13287981859410433,724500.0,46376.15714608264
C,0.007957267400008926,0.07156814851001465,0.9701986754966887,0.13330300272975432,721980.0,46218.10792503951
C,0.007987808243062241,0.07176096007837375,0.9701986754966887,0.13363740022805018,720000.0,46093.92639421991
C,0.008102568937967196,0.07218526730721853,0.9701986754966887,0.134372850263701,715680.0,45822.9848724317
C,0.008105073745744477,0.07220305569245934,0.9701986754966887,0.13440366972477064,715500.0,45811.69564235719
C,0.008187923047033733,0.07265063228365981,0.9701986754966887,0.1351787773933103,711000.0,45529.46489049447
C,0.008202771491344482,0.0728131212723658,0.9701986754966887,0.13546000924641702,709380.0,45427.86181982389
C,0.008240002734083974,0.07310379241516966,0.9701986754966887,0.1359628770301624,706500.0,45247.23413863175
C,0.008309641641890566,0.07345199298069692,0.9701986754966887,0.13656490328594734,703080.0,45032.73876721608
C,0.008321287619802754,0.07356264122520713,0.9701986754966887,0.1367561260210035,702000.0,44965.00338676902
C,0.008394827222611877,0.07402728650833755,0.9701986754966887,0.1375586854460094,697500.0,44682.7726349063
C,0.008407515417027589,0.07410217501264542,0.9701986754966887,0.13768796992481203,696780.0,44637.61571460826
C,0.008462777369486725,0.0744978387998983,0.9701986754966887,0.138370720188902,693000.0,44400.541883043574
C,0.008495295930949923,0.07478305257784584,0.9701986754966887,0.13886255924170615,690300.0,44231.20343192594
C,0.008549604686108629,0.07497441146366428,0.9701986754966887,0.13919239904988123,688500.0,44118.31113118085
C,0.008640088697689438,0.0751995879474633,0.9668874172185431,0.13954599761051373,688380.0,43836.08037931813
C,0.008641130156887144,0.0751995879474633,0.9668874172185431,0.13954599761051373,688380.0,43836.08037931813
C,0.008723171279601274,0.07568688439606014,0.9668874172185431,0.1403846153846154,683880.0,43553.84962745541
C,0.008750560798215427,0.07588357588357589,0.9668874172185431,0.14072289156626508,682080.0,43440.95732671032
C,0.00881160120796563,0.07618053743803808,0.9668874172185431,0.14123337363966143,679380.0,43271.618875592685
C,0.008875328575913222,0.07658012063991608,0.9668874172185431,0.14191980558930742,675780.0,43045.834274102504
C,0.008895142333504384,0.07668067226890757,0.9668874172185431,0.1420924574209246,674880.0,42989.38812372996
C,0.008980757234153345,0.07718741739360296,0.9668874172185431,0.14296205630354958,670380.0,42707.15737186724
C,0.009014902353340185,0.07728957120169402,0.9668874172185431,0.14313725490196078,669480.0,42650.71122149469
C,0.00910103050268521,0.07770090473656201,0.9668874172185431,0.1438423645320197,665880.0,42424.92662000452
C,0.009164233170318102,0.07803313735970069,0.9668874172185431,0.14441147378832836,663000.0,42244.298938812375
C,0.009200845056081937,0.07822126975622823,0.9668874172185431,0.14473358116480795,661380.0,42142.6958681418
C,0.009296514131333077,0.07874865156418555,0.9668874172185431,0.14563591022443892,656880.0,41860.46511627907
C,0.009296688663970692,0.07876989479363367,0.9668874172185431,0.14567223746570215,656700.0,41849.17588620456
C,0.009380109494823947,0.07928319304914472,0.9668874172185431,0.1465495608531995,652380.0,41578.23436441634
C,0.009406791348265968,0.07952069716775599,0.9668874172185431,0.14695520885757424,650400.0,41454.05283359675
C,0.009504227999342984,0.07982504100601422,0.9668874172185431,0.14747474747474748,647880.0,41296.00361255362
C,0.009582560849654441,0.08028594995875722,0.9668874172185431,0.14826097994414827,644100.0,41058.92978098893
C,0.00959809523203556,0.08037434627030003,0.9668874172185431,0.14841168996188056,643380.0,41013.7728606909
C,0.009671788867684774,0.08093126385809313,0.9668874172185431,0.1493606138107417,638880.0,40731.54210882818
C,0.009685954767116334,0.08108858650374896,0.9668874172185431,0.1496284909044325,637620.0,40652.51749830662
C,0.009761600865213474,0.08149595311191739,0.9668874172185431,0.15032175032175032,634380.0,40449.31135696546
C,0.009832003178006126,0.08188446438586652,0.9668874172185431,0.15098241985522234,631320.0,40257.3944456988
C,0.009857385532991923,0.08206857785272625,0.9668874172185431,0.1512953367875648,629880.0,40167.08060510273
C,0.00994002797560367,0.08236626096801584,0.9635761589403974,0.15176010430247716,629760.0,39884.849853240004
C,0.009950818277080178,0.08241291418861513,0.9635761589403974,0.15183929037307592,629400.0,39862.271393090996
C,0.01006166724541667,0.08295324971493728,0.9635761589403974,0.152755905511811,625260.0,39602.619101377284
C,0.010091385006959589,0.08323798627002288,0.9635761589403974,0.15323854660347552,623100.0,39467.148340483174
C,0.010155346282180802,0.08354866494401378,0.9635761589403974,0.1537648612945839,620760.0,39320.388349514564
C,0.01024591622991923,0.08407974573822595,0.9635761589403974,0.15466383204889717,616800.0,39072.02528787537
C,0.010275486395932128,0.0841526894158473,0.9635761589403974,0.1547872340425532,616260.0,39038.15759765184
C,0.010384268837576304,0.08476551121468104,0.9635761589403974,0.15582329317269075,611760.0,38755.926845789116
C,0.010412974033913109,0.08496350364963504,0.9635761589403974,0.15615776764153472,610320.0,38665.613005193045
C,0.010507266022700334,0.08538732394366197,0.9635761589403974,0.1568733153638814,607260.0,38473.696093926395
C,0.01058745356211729,0.08584070796460178,0.9635761589403974,0.15763813651137595,604020.0,38270.48995258524
C,0.010631575943941056,0.08601832692876145,0.9635761589403974,0.15793758480325643,602760.0,38191.46534206367
C,0.010696252763414326,0.08665872543180464,0.9635761589403974,0.15901639344262294,598260.0,37909.23459020095
C,0.01070282007885891,0.08673621460506706,0.9635761589403974,0.15914684167350285,597720.0,37875.366899977416
C,0.010788467286372097,0.08730873087308731,0.9635761589403974,0.16011004126547457,593760.0,37627.00383833823
C,0.010852667489985106,0.08765060240963855,0.9635761589403974,0.16068470458310327,591420.0,37480.24384736961
C,0.01092783353440679,0.08796856106408706,0.9635761589403974,0.16121883656509692,589260.0,37344.7730864755
C,0.011049723317338372,0.08858447488584476,0.9635761589403974,0.16225257875662114,585120.0,37085.1207947618
C,0.011061035108916985,0.08863844045080718,0.9635761589403974,0.1623430962343096,584760.0,37062.54233461278
C,0.011188903144236659,0.08931860036832412,0.9635761589403974,0.1634831460674157,580260.0,36780.31158275006
C,0.011213766576239665,0.08956602031394276,0.9635761589403974,0.16389749366375672,578640.0,36678.70851207948
C,0.011291056828892011,0.09000927930714507,0.9635761589403974,0.16463932107496465,575760.0,36498.08083088734
C,0.01139310817825792,0.09054138145612943,0.9635761589403974,0.16552901023890784,572340.0,36283.585459471666
C,0.011414510567038096,0.09071072319201995,0.9635761589403974,0.1658119658119658,571260.0,36215.85007902461
C,0.01154834080183408,0.09142318567389256,0.9635761589403974,0.16700143472022955,566760.0,35933.61932716188
C,0.01157099655003418,0.09153821956590123,0.9635761589403974,0.16719333524849184,566040.0,35888.46240686385
C,0.011643889535170147,0.09214692843571881,0.9635761589403974,0.16820809248554916,562260.0,35651.38857529916
C,0.011695241275418586,0.09255725190839695,0.9635761589403974,0.1688914683691236,559740.0,35493.33935425604
C,0.011731364028940412,0.09288222151292691,0.9635761589403974,0.16943231441048034,557760.0,35369.15782343644
C,0.01182087628183423,0.09362934362934362,0.9635761589403974,0.17067448680351902,553260.0,35086.92707157372
C,0.01182305008411066,0.09362934362934362,0.9635761589403974,0.17067448680351902,553260.0,35086.92707157372
C,0.01197525109500944,0.0943885825494648,0.9635761589403974,0.1719350073855244,548760.0,34804.696319711
C,0.012015027492132496,0.09469573706475756,0.9635761589403974,0.17244444444444446,546960.0,34691.80401896591
C,0.012065431919299097,0.09516023544800523,0.9635761589403974,0.17321428571428574,544260.0,34522.465567848274
C,0.012150106182387741,0.09578670177748519,0.9635761589403974,0.17425149700598802,540660.0,34296.68096635809
C,0.012168455519902265,0.09594460929772503,0.9635761589403974,0.1745127436281859,539760.0,34240.23481598555
C,0.012295427006788776,0.09674202127659574,0.9635761589403974,0.17583081570996978,535260.0,33958.004064122826
C,0.012316187708136684,0.0969030969030969,0.9635761589403974,0.1760968229954614,534360.0,33901.55791375028
C,0.012404387465260585,0.09721756620851492,0.9602649006622517,0.17656012176560124,535140.0,33675.773312260106
C,0.012485258463491019,0.0977088948787062,0.9602649006622517,0.17737003058103976,532440.0,33506.43486114247
C,0.012539592572195543,0.09803921568627451,0.9602649006622517,0.17791411042944782,530640.0,33393.542560397385
C,0.012685721252495216,0.09887487214456188,0.9602649006622517,0.17928902627511592,526140.0,33111.31180853466
C,0.012687231119267502,0.09890859481582538,0.9602649006622517,0.1793444650587508,525960.0,33100.02257846015
C,0.01283788828813642,0.09938101788170564,0.956953642384106,0.18006230529595016,526020.0,32829.08105667193
C,0.01290275548975931,0.09975837072833967,0.956953642384106,0.1806814629571741,524040.0,32704.89952585234
C,0.012962827462941874,0.10024280263614291,0.956953642384106,0.1814756671899529,521520.0,32546.85030480921
C,0.013071632557010049,0.10062893081761007,0.9536423841059603,0.1820480404551201,522120.0,32309.77647324452
C,0.013111699785949945,0.10076976906927922,0.9536423841059603,0.1822784810126582,521400.0,32264.61955294649
C,0.013257452573647006,0.1016590187080833,0.9536423841059603,0.18373205741626794,516900.0,31982.388801083765
C,0.013300961858486959,0.10187477891758047,0.9536423841059603,0.1840843720038351,515820.0,31914.653420636714
C,0.01339146735638315,0.10256410256410256,0.9536423841059603,0.18520900321543407,512400.0,31700.158049221045
C,0.013535375439228222,0.10279369627507164,0.9503311258278145,0.18552036199095023,513900.0,31519.530368028903
C,0.013561181206910316,0.10312612288896873,0.9503311258278145,0.1860615883306321,512280.0,31417.92729735832
C,0.013675092475049503,0.10406091370558376,0.9503311258278145,0.18758169934640526,507780.0,31135.696545495593
C,0.013678083162407208,0.10413642960812772,0.9503311258278145,0.18770438194898625,507420.0,31113.11808534658
C,0.013779346063044736,0.10501280643980973,0.9503311258278145,0.18912685337726523,503280.0,30853.465793632873
C,0.013862923527233971,0.10510841602352076,0.9470198675496688,0.1892160105855111,505500.0,30717.995032738767
C,0.01396375830730151,0.10561299852289513,0.9470198675496688,0.19003322259136213,503160.0,30571.23504177015
C,0.01410575896030678,0.10647803425167536,0.9470198675496688,0.19143239625167338,499200.0,30322.871980130956
C,0.014118297996994872,0.10659709280655982,0.9470198675496688,0.1916247906197655,498660.0,30289.00428990743
C,0.014280349901773038,0.10759969902182091,0.9470198675496688,0.19324324324324324,494160.0,30006.773538044705
C,0.014340831401055812,0.1078838174273859,0.9470198675496688,0.1937013206908229,492900.0,29927.748927523146
C,0.014480345556935892,0.10862134447398406,0.9470198675496688,0.1948892674616695,489660.0,29724.542786181984
C,0.014612692879046164,0.10936902485659655,0.9470198675496688,0.19609187521426122,486420.0,29521.336644840823
C,0.014695778153751213,0.10966257668711657,0.9470198675496688,0.1965635738831615,485160.0,29442.312034319257
C,0.01486550474210933,0.11072396438250097,0.9470198675496688,0.1982668977469671,480660.0,29160.081282456536
C,0.014873458264571973,0.11085271317829458,0.9470198675496688,0.19847328244274812,480120.0,29126.21359223301
C,0.015121734577208128,0.11180609851446442,0.9470198675496688,0.19999999999999998,476160.0,28877.850530593812
C,0.015222046585135419,0.11237721021611002,0.9470198675496688,0.2009132420091324,473820.0,28731.0905396252
C,0.01530647283629865,0.11290959336754836,0.9470198675496688,0.20176366843033508,471660.0,28595.619778731092
C,0.015450603365541968,0.11394422310756971,0.9470198675496688,0.20341394025604548,467520.0,28335.967487017384
C,0.015469516940636445,0.11403508771929824,0.9470198675496688,0.20355871886120996,467160.0,28313.389026868368
C,0.015692949687754896,0.11478050745066452,0.9437086092715232,0.20466786355475766,467040.0,28031.158275005648
C,0.015768924066734188,0.11515151515151516,0.9437086092715232,0.2052574720921858,465600.0,27940.844434409573
C,0.015936909479136757,0.11554109031733116,0.9403973509933775,0.20579710144927535,466920.0,27748.92752314292
C,0.016070142443219772,0.11644116441164412,0.9403973509933775,0.20722364100693177,463500.0,27534.43215172725
C,0.016124590903329124,0.11672831894780107,0.9403973509933775,0.2076782449725777,462420.0,27466.696771280196
C,0.01627031563769201,0.11794019933554817,0.9403973509933775,0.20959409594095943,457920.0,27184.466019417476
C,0.01629222083030763,0.11813643926788686,0.9403973509933775,0.2099039172209904,457200.0,27139.30909911944
C,0.016455197124427896,0.11917750734368443,0.9403973509933775,0.21154562383612663,453420.0,26902.23526755475
C,0.016558731908598457,0.1198818066694808,0.9403973509933775,0.2126544365406215,450900.0,26744.186046511626
C,0.01666425422307642,0.12044105173876166,0.9403973509933775,0.21353383458646616,448920.0,26620.00451569203
C,0.01691836223448803,0.12167952013710369,0.9403973509933775,0.21547799696509864,444600.0,26349.062993903815
C,0.01692312527118531,0.12173167595370767,0.9403973509933775,0.21555977229601517,444420.0,26337.773763829307
C,0.01713003925246765,0.12305025996533796,0.9403973509933775,0.21762452107279692,439920.0,26055.543011966587
C,0.017212834634127858,0.12309699869508482,0.9370860927152318,0.2176086120722799,442680.0,25953.939941296005
C,0.01737589831481501,0.12395970214629873,0.9370860927152318,0.21895551257253384,439800.0,25773.31226010386
C,0.017592153975685487,0.12505523641184269,0.9370860927152318,0.2206627680311891,436200.0,25547.527658613682
C,0.01762661927103568,0.12533215234720993,0.9370860927152318,0.22109375,435300.0,25491.081508241135
C,0.01785109789201507,0.12673533363188536,0.9370860927152318,0.22327416173570022,430800.0,25208.850756378415
C,0.017872916254769805,0.1270197486535009,0.9370860927152318,0.22371541501976283,429900.0,25152.404606005868
C,0.018122984757453237,0.12817028985507245,0.9370860927152318,0.22549800796812747,426300.0,24926.62000451569
C,0.018217962879942946,0.12904696762425902,0.9370860927152318,0.2268537074148297,423600.0,24757.281553398057
C,0.018318674410064843,0.12918002748511223,0.9337748344370861,0.22696177062374245,426180.0,24644.389252652967
C,0.01865017267591349,0.13067655236329936,0.9337748344370861,0.22926829268292684,421680.0,24362.158500790247
C,0.018651266751715797,0.13067655236329936,0.9337748344370861,0.22926829268292684,421680.0,24362.158500790247
C,0.01889876774675731,0.13220815752461323,0.9337748344370861,0.23162217659137577,417180.0,24079.927748927523
C,0.018974280573862478,0.13289349670122527,0.9337748344370861,0.23267326732673269,415200.0,23955.746218107925
C,0.019146850020464467,0.13377609108159394,0.9337748344370861,0.23402489626556017,412680.0,23797.6969970648
C,0.019439861799825257,0.13464302827024438,0.9304635761589404,0.2352448723315195,413280.0,23560.623165500114
C,0.01950458413724218,0.13490158425348056,0.9304635761589404,0.23563941299790353,412560.0,23515.46624520208
C,0.01972989558559732,0.13654033041788144,0.9304635761589404,0.238135593220339,408060.0,23233.235493339354
C,0.019766697696013052,0.13693957115009747,0.9304635761589404,0.23874256584536954,406980.0,23165.5001128923
C,0.020029762958321342,0.13772749631087064,0.9271523178807947,0.23982869379014987,407940.0,22951.00474147663
C,0.02020245509784594,0.13882002974714924,0.9271523178807947,0.24148339801638638,405060.0,22770.37706028449
C,0.020247457055143404,0.1394422310756972,0.9271523178807947,0.24242424242424238,403440.0,22668.773989613906
C,0.02060841835135343,0.14120020171457387,0.9271523178807947,0.24507658643326038,398940.0,22386.543237751186
C,0.020622052921640974,0.14127144298688193,0.9271523178807947,0.24518388791593695,398760.0,22375.254007676675
C,0.020859774656420204,0.1424923391215526,0.9238410596026491,0.24690265486725663,398820.0,22104.312485888462
C,0.021062174831107193,0.1433710174717369,0.9238410596026491,0.24822064056939502,396660.0,21968.841724994356
C,0.021290118381471154,0.14433523021210554,0.9238410596026491,0.24966442953020135,394320.0,21822.081734025738
C,0.02173692467045505,0.14599686028257458,0.9238410596026491,0.25214640759150475,390360.0,21573.718672386545
C,0.02180049192415997,0.14622641509433962,0.9238410596026491,0.2524886877828054,389820.0,21539.850982163018
C,0.022232747730632652,0.14816781731279874,0.9238410596026491,0.2553775743707094,385320.0,21257.620230300294
C,0.022354865226557257,0.14872068230277186,0.9238410596026491,0.256198347107438,384060.0,21178.59561977873
C,0.022635298581607365,0.15016146393972013,0.9238410596026491,0.25833333333333336,380820.0,20975.38947843757
C,0.02294422588451483,0.15154807170016296,0.9238410596026491,0.2603826411572562,377760.0,20783.47256717092
C,0.023087074265262696,0.15166393889798144,0.9205298013245033,0.26042154566744724,380700.0,20693.15872657485
C,0.023462630922126557,0.15376106194690264,0.9205298013245033,0.26350710900473934,376200.0,20410.927974712125
C,0.023469310971544966,0.1539313399778516,0.9205298013245033,0.2637571157495256,375840.0,20388.349514563106
C,0.02391068390142616,0.15591699383062255,0.9205298013245033,0.26666666666666666,371700.0,20128.6972228494
C,0.02405638242135605,0.15706214689265538,0.9205298013245033,0.26833976833976836,369360.0,19981.937231880787
C,0.02420416974269776,0.15813424345847554,0.9205298013245033,0.26990291262135924,367200.0,19846.466470986677
C,0.024641616282238817,0.16023054755043228,0.9205298013245033,0.2729504172803142,363060.0,19586.814179272973
C,0.024670201102897936,0.16041546451240624,0.9205298013245033,0.2732186732186732,362700.0,19564.235719123957
C,0.02509714269544679,0.16276346604215455,0.9205298013245033,0.2766169154228856,358200.0,19282.004967261233
C,0.025296472738707162,0.1635294117647059,0.9205298013245033,0.27772227772227775,356760.0,19191.691126665162
C,0.025671930832244907,0.1651812240047534,0.9205298013245033,0.2801007556675063,353700.0,18999.77421539851
C,0.02617687339341919,0.16636636636636637,0.9172185430463576,0.2816471784443315,354840.0,18796.568074057348
C,0.02625459760402063,0.16706875753920386,0.9172185430463576,0.2826530612244898,353580.0,18717.54346353579
C,0.026818862758349014,0.1696264543784446,0.9172185430463576,0.2863049095607235,349080.0,18435.312711673065
C,0.026868350915684822,0.17004297114794353,0.9172185430463576,0.28689798032107716,348360.0,18390.15579137503
C,0.027349660111218536,0.17164179104477612,0.9139072847682119,0.2890052356020943,348960.0,18153.08195981034
C,0.027661564185759713,0.17314930991217065,0.9139072847682119,0.29113924050632917,346440.0,17995.032738767215
C,0.02810750036724329,0.17435249526216046,0.9139072847682119,0.2928381962864722,344460.0,17870.85120794762
C,0.028577121193595168,0.1763951250801796,0.9105960264900662,0.29554003224073083,344520.0,17599.909686159404
C,0.02860886290054798,0.17650834403080873,0.9105960264900662,0.29569892473118276,344340.0,17588.620456084893
C,0.029113690127404113,0.1780821917808219,0.9039735099337748,0.29754768392370573,348600.0,17306.389704222172
C,0.02925678236835373,0.1784776902887139,0.9006622516556292,0.29791894852135814,351360.0,17204.78663355159
C,0.029624799903694644,0.18037135278514588,0.9006622516556292,0.3005524861878453,348480.0,17024.15895235945
C,0.0300370606141728,0.18132975151108127,0.8940397350993378,0.30150753768844224,353820.0,16809.66358094378
C,0.030303787632242906,0.1820633850303439,0.8940397350993378,0.3025210084033613,352740.0,16741.928200496724
C,0.030708842092662336,0.18449931412894377,0.890728476821192,0.3056818181818182,352620.0,16459.697448634004
C,0.030790649062327202,0.18513420509291123,0.890728476821192,0.30655270655270656,351720.0,16403.25129826146
C,0.03124185040942756,0.18632240055826937,0.8841059602649006,0.30778097982708935,356880.0,16177.46669677128
C,0.03161942124173913,0.18829337094499296,0.8841059602649006,0.3104651162790698,354180.0,16008.128245653646
C,0.03186906060506925,0.18963068181818182,0.8841059602649006,0.312280701754386,352380.0,15895.235944908556
C,0.03240307353783816,0.19305856832971802,0.8841059602649006,0.31691394658753713,347880.0,15613.005193045834
C,0.03242042416485816,0.19305856832971802,0.8841059602649006,0.31691394658753713,347880.0,15613.005193045834
C,0.03309419349004838,0.19661266568483063,0.8841059602649006,0.3216867469879518,343380.0,15330.774441183112
C,0.0332885099443414,0.1980712166172107,0.8841059602649006,0.32363636363636367,341580.0,15217.882140438021
C,0.03349565753438597,0.19954988747186797,0.8807947019867549,0.32538226299694184,343260.0,15048.543689320388
C,0.0341782611547816,0.20182787509520184,0.8774834437086093,0.32817337461300317,344040.0,14822.759087830209
C,0.034256131871901976,0.20259938837920488,0.8774834437086093,0.32919254658385094,343140.0,14766.312937457666
C,0.03513882971953343,0.2049883086515978,0.8708609271523179,0.33186119873817027,347400.0,14484.082185594943
C,0.03520358056357492,0.20595144870790916,0.8708609271523179,0.3331222292590247,346320.0,14416.346805147889
C,0.03580071395050077,0.20906200317965024,0.8708609271523179,0.33717948717948715,342900.0,14201.851433732218
C,0.036296095953564374,0.21014492753623187,0.8642384105960265,0.3380829015544042,348780.0,14021.223752540076
C,0.03663416104458654,0.2116788321167883,0.8642384105960265,0.3400651465798045,347160.0,13919.620681869495
C,0.03738888564807941,0.21605960264900662,0.8642384105960265,0.3456953642384106,342660.0,13637.389930006773
C,0.0374132547802739,0.21623860811930407,0.8642384105960265,0.34592445328031807,342480.0,13626.100699932264
C,0.038365636310639654,0.21978021978021978,0.8609271523178808,0.35016835016835013,342540.0,13355.15917814405
C,0.038773884264294046,0.22013651877133106,0.8543046357615894,0.35006784260515605,349320.0,13230.977647324451
C,0.03923877572732225,0.2219343696027634,0.8509933774834437,0.35205479452054794,351180.0,13072.928426281327
C,0.04064000791017805,0.2262323943661972,0.8509933774834437,0.3574408901251738,347220.0,12824.565364642132
C,0.04071642255722796,0.22683142100617829,0.8509933774834437,0.3581881533101045,346680.0,12790.697674418605
C,0.041522474640438914,0.2319494584837545,0.8509933774834437,0.3645390070921986,342180.0,12508.466922555881
C,0.04182238636360604,0.23342415985467757,0.8509933774834437,0.36635780470420526,340920.0,12429.44231203432
C,0.042710321632277344,0.23545706371191136,0.8443708609271523,0.36823104693140796,346440.0,12226.236170693159
C,0.04338004826938371,0.23827392120075047,0.8410596026490066,0.3713450292397661,347760.0,12034.319259426507
C,0.04402955345551557,0.24007561436672967,0.8410596026490066,0.3735294117647059,346320.0,11944.005418830437
C,0.045039736184298504,0.24588576960309777,0.8410596026490066,0.3805243445692884,341820.0,11661.774666967713
C,0.04519889153905636,0.2463627546071775,0.8410596026490066,0.3810952738184546,341460.0,11639.196206818695
C,0.04654409354796894,0.251984126984127,0.8410596026490066,0.38778625954198465,337320.0,11379.543915104989
C,0.04741298757868656,0.25502008032128515,0.8410596026490066,0.39137134052388295,335160.0,11244.073154210882
C,0.04827865739447622,0.25534079348931843,0.8311258278145696,0.3906614785992218,345960.0,11097.313163242266
C,0.049883932359354365,0.2604166666666667,0.8278145695364238,0.39619651347068147,346200.0,10837.660871528562
C,0.050021300689597745,0.2609603340292276,0.8278145695364238,0.3968253968253968,345840.0,10815.082411379544
C,0.0518481859643582,0.2658092175777063,0.8211920529801324,0.40161943319838056,350100.0,10532.85165951682
C,0.05208510348200745,0.2681081081081081,0.8211920529801324,0.4042379788101059,348660.0,10442.53781892075
C,0.05362838430054943,0.2709251101321586,0.8145695364238411,0.40661157024793393,354360.0,10250.620907654098
C,0.05444315887146962,0.27415730337078653,0.8079470198675497,0.4093959731543624,359880.0,10047.414766312937
C,0.05470973406442208,0.27633069082672707,0.8079470198675497,0.41181434599156125,358620.0,9968.390155791374
C,0.05712623369008333,0.28088578088578087,0.7980132450331126,0.4155172413793103,367260.0,9686.159403928652
C,0.05765241843763473,0.2818713450292398,0.7980132450331126,0.4165946413137424,366720.0,9652.291713705126
C,0.05921763303516414,0.28691476590636256,0.7913907284768212,0.4211453744493392,371520.0,9403.92865206593
C,0.0602566796346902,0.2914634146341463,0.7913907284768212,0.42602495543672014,369180.0,9257.168661097314
C,0.061276444224314955,0.29455445544554454,0.7880794701986755,0.4288288288288288,371400.0,9121.697900203206
C,0.0626588947546526,0.3022959183673469,0.7847682119205298,0.43646408839779005,371460.0,8850.756378414992
C,0.0626899532865697,0.30268199233716475,0.7847682119205298,0.43686635944700464,371280.0,8839.467148340484
C,0.06613265127638877,0.3100263852242744,0.7781456953642384,0.4433962264150943,375540.0,8557.23639647776
C,0.06649521903576962,0.31108144192256343,0.7715231788079471,0.44338725023786874,382680.0,8455.633325807179
C,0.06843953264996896,0.3151432469304229,0.7649006622516556,0.4463768115942029,388560.0,8275.005644615037
C,0.07059143964968771,0.32212885154061627,0.7615894039735099,0.45275590551181105,389520.0,8060.5102731993675
C,0.07124327354899172,0.3234463276836158,0.7582781456953642,0.45346534653465354,392820.0,7992.774892752315
C,0.07485132909157156,0.3323572474377745,0.7516556291390728,0.4609137055837563,397080.0,7710.544140889591
C,0.07517110825515824,0.3328424153166421,0.7483443708609272,0.4607543323139654,400740.0,7665.387220591556
C,0.07901801260574055,0.34194528875379937,0.7450331125827815,0.46875,401340.0,7428.313389026868
C,0.08135001479590456,0.3468118195956454,0.7384105960264901,0.4719576719576719,407400.0,7258.9749379092345
C,0.08300614986750153,0.34913112164297,0.7317880794701986,0.47272727272727283,414360.0,7146.082637164146
C,0.0870892920213494,0.36019736842105265,0.7251655629139073,0.4813186813186814,418620.0,6863.851885301422
C,0.08730858963046688,0.36019736842105265,0.7251655629139073,0.4813186813186814,418620.0,6863.851885301422
C,0.09098755400932924,0.3687821612349914,0.7119205298013245,0.48587570621468923,431640.0,6581.621133438699
C,0.0922170919680096,0.3717277486910995,0.7052980132450332,0.4868571428571428,438600.0,6468.72883269361
C,0.09505168436661718,0.3817204301075269,0.7052980132450332,0.49534883720930234,435900.0,6299.390381575977
C,0.10005471679061309,0.39219330855018586,0.6986754966887417,0.5023809523809525,441060.0,6073.605780085798
C,0.10198060456122311,0.39587242026266417,0.6986754966887417,0.5053892215568863,440160.0,6017.159629713254
C,0.10940557140770263,0.4094488188976378,0.6887417218543046,0.5135802469135802,448800.0,5734.928877850531
C,0.11060800897454914,0.4115308151093439,0.6854304635761589,0.5142857142857142,452280.0,5678.482727477986
C,0.11678372032145222,0.4244306418219462,0.6788079470198676,0.5222929936305732,457440.0,5452.6981259878075
C,0.1216814361485633,0.4346895074946467,0.6721854304635762,0.5279583875162549,463320.0,5272.070444795665
C,0.12484414504452081,0.4410480349344978,0.6688741721854304,0.531578947368421,466080.0,5170.4673741250845
C,0.13440288729648514,0.45958429561200925,0.6589403973509934,0.5414965986394559,474720.0,4888.236622262361
C,0.1344089641211114,0.46064814814814814,0.6589403973509934,0.542234332425068,474540.0,4876.9473921878525
C,0.14700520567767128,0.48284313725490197,0.652317880794702,0.5549295774647888,478980.0,4606.005870399639
C,0.15320238048607562,0.49370277078085645,0.6490066225165563,0.5608011444921316,481380.0,4481.824339580041
C,0.1610631658069993,0.5013054830287206,0.6357615894039735,0.5605839416058394,496380.0,4323.775118536915
C,0.16927546185092343,0.5165745856353591,0.6192052980132451,0.5632530120481928,514500.0,4086.701286972228
C,0.17127629755516074,0.5195530726256983,0.6158940397350994,0.5636363636363636,518160.0,4041.5443666741926
C,0.18743349155298802,0.5525525525525525,0.609271523178808,0.5795275590551181,522420.0,3759.31361481147
C,0.19085647527141772,0.5565749235474006,0.6026490066225165,0.5786963434022258,530100.0,3691.5782343644164
C,0.20167385004078964,0.5714285714285714,0.5827814569536424,0.5770491803278688,552960.0,3477.0828629487464
C,0.21464628989283005,0.5773195876288659,0.5562913907284768,0.566610455311973,584940.0,3285.165951682095
C,0.22003622817349566,0.5830388692579506,0.5463576158940397,0.5641025641025641,596640.0,3194.852111086024
C,0.24528246382067478,0.6046511627906976,0.5165562913907285,0.557142857142857,631560.0,2912.621359223301
C,0.24938220810749637,0.609375,0.5165562913907285,0.5591397849462365,631200.0,2890.042899074283
C,0.2876300085519356,0.6394849785407726,0.49337748344370863,0.5570093457943925,657720.0,2630.390607360578
C,0.30298576378226405,0.665158371040724,0.4867549668874172,0.5621414913957934,664320.0,2494.919846466471
C,0.3187283362550085,0.6778846153846154,0.46688741721854304,0.5529411764705883,688260.0,2348.159855497855
C,0.35371431775182827,0.7311827956989247,0.4503311258278146,0.5573770491803279,706200.0,2099.796793858659
C,0.37026471461227806,0.7377049180327869,0.4470198675496689,0.5567010309278351,710040.0,2065.929103635132
C,0.43254810218416595,0.7848101265822784,0.4105960264900662,0.5391304347826086,753720.0,1783.698351772409
C,0.46751053230345296,0.8066666666666666,0.40066225165562913,0.5353982300884956,765420.0,1693.384511176338
C,0.544482845321174,0.8120300751879699,0.3576158940397351,0.49655172413793097,819300.0,1501.4675999096862
C,0.599435007361951,0.8608695652173913,0.32781456953642385,0.47482014388489213,855480.0,1298.2614585685255
C,0.6313647488540238,0.8796296296296297,0.31456953642384106,0.4634146341463415,871740.0,1219.2368480469631
C,0.7458813900912074,0.9156626506024096,0.25165562913907286,0.39480519480519477,950460.0,937.0060961842402
C,0.7595362297723572,0.9125,0.24172185430463577,0.3821989528795812,963060.0,903.1384059607135
C,0.847753277060549,0.896551724137931,0.17218543046357615,0.28888888888888886,1051080.0,654.7753443215173
C,0.8752540604536503,0.9111111111111111,0.1357615894039735,0.23631123919308356,1096920.0,508.0153533529013
C,0.9085202489030652,0.9393939393939394,0.10264900662251655,0.18507462686567164,1138560.0,372.5445924587943
C,0.9727688392944523,1.0,0.026490066225165563,0.05161290322580646,1234800.0,90.31384059607134
D,0.0014600511199464575,0.034093474825016935,1.0,0.06593886462882095,1540080.0,100000.0
D,0.0034527509450781495,0.03418222976796831,1.0,0.06610484841851812,1535940.0,99740.3477082863
D,0.0041211172376516975,0.034267559287416316,1.0,0.06626439934174438,1531980.0,99491.9846466471
D,0.004158589541346761,0.034271448025419884,1.0,0.06627166995830591,1531800.0,99480.69541657259
D,0.00458681392987777,0.03436113323472523,1.0,0.06643933560664395,1527660.0,99221.04312485889
D,0.00482765138301122,0.03440419229892914,1.0,0.06651982378854625,1525680.0,99096.86159403929
D,0.004993371349076053,0.03433721195528177,0.9966887417218543,0.06638729598588443,1527900.0,98961.39083314518
D,0.005154550207222128,0.0344275420336269,0.9966887417218543,0.06655610834715311,1523760.0,98701.73854143148
D,0.005163539905444391,0.03443148021047815,0.9966887417218543,0.06656346749226004,1523580.0,98690.44931135696
D,0.0053925274109281815,0.034522307604083036,0.9966887417218543,0.0667331781398958,1519440.0,98430.79701964326
D,0.005510920362161605,0.03456591639871383,0.9966887417218543,0.06681465038845727,1517460.0,98306.61548882366
D,0.00558418434751798,0.03461759631972398,0.9966887417218543,0.06691119261976212,1515120.0,98159.85549785504
D,0.0058132110940116435,0.03470940959409594,0.9966887417218543,0.06708268330733229,1510980.0,97900.20320614135
D,0.005815674936440231,0.03470940959409594,0.9966887417218543,0.06708268330733229,1510980.0,97900.20320614135
D,0.0059719448346252065,0.03480573543015726,0.9966887417218543,0.06726256983240222,1506660.0,97629.26168435313
D,0.006073591025731427,0.03485006367951835,0.9966887417218543,0.06734534064212999,1504680.0,97505.08015353353
D,0.006156298852897707,0.034898550724637684,0.9966887417218543,0.06743586871289348,1502520.0,97369.60939263942
D,0.006284483539424892,0.03499186235759126,0.9966887417218543,0.06761006289308176,1498380.0,97109.95710092572
D,0.006295053154598162,0.035,0.9966887417218543,0.06762525275219052,1498020.0,97087.3786407767
D,0.006431214009239811,0.03497726477789437,0.9933774834437086,0.06757517738484063,1498260.0,96827.726349063
D,0.006491277224885019,0.03490136570561457,0.9900662251655629,0.06742586537377382,1500840.0,96714.8340483179
D,0.00659462395308129,0.034954407294832825,0.9900662251655629,0.06752484191508581,1498500.0,96568.07405734928
D,0.006756248545356804,0.03504864611417184,0.9900662251655629,0.06770066794973395,1494360.0,96308.42176563559
D,0.0067572378249854854,0.03504864611417184,0.9900662251655629,0.06770066794973395,1494360.0,96308.42176563559
D,0.006949656996878596,0.03515165765342111,0.9900662251655629,0.0678928247048138,1489860.0,96026.19101377287
D,0.0070280091476906175,0.03519303201506591,0.9900662251655629,0.06796999318026824,1488060.0,95913.29871302778
D,0.007087129251224384,0.03524696451726984,0.9900662251655629,0.06807057484348321,1485720.0,95766.53872205915
D,0.0072975186111576135,0.03533861245715637,0.9900662251655629,0.06824146981627296,1481760.0,95518.17566041996
D,0.007299455902769137,0.03534278959810875,0.9900662251655629,0.0682492581602374,1481580.0,95506.88643034545
D,0.007455083566747535,0.03544333807491702,0.9900662251655629,0.06843671320668346,1477260.0,95235.94490855724
D,0.007540257709773414,0.0354854023261334,0.9900662251655629,0.06851512373968835,1475460.0,95123.05260781215
D,0.0076107323715001104,0.03554023535005349,0.9900662251655629,0.06861732644865175,1473120.0,94976.29261684352
D,0.00776145372199291,0.03551424144917173,0.9867549668874173,0.06856091107787875,1473540.0,94727.92955520433
D,0.00777150450719974,0.03552694325226514,0.9867549668874173,0.06858457997698503,1473000.0,94694.0618649808
D,0.007925006198917445,0.035633146000239146,0.9867549668874173,0.06878245816503173,1468500.0,94411.83111311808
D,0.007954316863598215,0.03566726511071215,0.9867549668874173,0.06884602056139541,1467060.0,94321.51727252202
D,0.008039226214166605,0.035731414868105514,0.9867549668874173,0.06896551724137931,1464360.0,94152.17882140438
D,0.008115136905346338,0.03581730769230769,0.9867549668874173,0.06912549292507537,1460760.0,93926.3942199142
D,0.008188628388185555,0.03584315612220351,0.9867549668874173,0.06917363045496751,1459680.0,93858.65883946714
D,0.008290015198340203,0.03595559845559845,0.9867549668874173,0.06938300349243305,1455000.0,93565.13885752992
D,0.008309268106884315,0.03596861798430899,0.9867549668874173,0.06940724350762781,1454460.0,93531.27116730639
D,0.008447880401583247,0.03594771241830065,0.9834437086092715,0.06936011209715086,1454700.0,93271.61887559269
D,0.008540182502409148,0.03587878787878788,0.9801324503311258,0.06922357343311505,1456920.0,93136.14811469858
D,0.008651812119777051,0.03593541337865728,0.9801324503311258,0.06932896123667878,1454580.0,92989.38812372996
D,0.008793247814647027,0.03603164942178941,0.9801324503311258,0.0695080427380533,1450620.0,92741.02506209076
D,0.008800413331196622,0.036036036036036036,0.9801324503311258,0.06951620479098168,1450440.0,92729.73583201626
D,0.008990664950959706,0.036137223782199974,0.9801324503311258,0.06970446249852819,1446300.0,92470.08354030256
D,0.009030916482776843,0.03619024330602763,0.9801324503311258,0.06980308925834218,1444140.0,92334.61277940845
D,0.00911052179483762,0.036243418635974044,0.9801324503311258,0.06990199551304759,1441980.0,92199.14201851434
D,0.009239334819915276,0.036345776031434185,0.9801324503311258,0.07009235140895098,1437840.0,91939.48972680063
D,0.009255610324689235,0.036350239469482994,0.9801324503311258,0.07010065127294259,1437660.0,91928.20049672612
D,0.009367449382407373,0.0364576918339697,0.9801324503311258,0.0703004393777461,1433340.0,91657.25897493791
D,0.009408014103350248,0.03650265137501541,0.9801324503311258,0.07038402092497918,1431540.0,91544.36667419282
D,0.009476725308740188,0.036565781346510194,0.9801324503311258,0.07050136953673931,1429020.0,91386.31745314969
D,0.009594423457917004,0.03666088679712658,0.9801324503311258,0.07067812798471823,1425240.0,91149.243621585
D,0.009614867878048413,0.036669970267591674,0.9801324503311258,0.07069500835920706,1424880.0,91126.66516143599
D,0.009766837719061021,0.03677475462790409,0.9801324503311258,0.07088971380672973,1420740.0,90867.01286972228
D,0.009802836924722247,0.03682508086588704,0.9801324503311258,0.07098321342925659,1418760.0,90742.83133890269
D,0.009896258354411054,0.03688473520249221,0.9801324503311258,0.07109403146391256,1416420.0,90596.07134793408
D,0.01009645472796072,0.03686117705860303,0.9768211920529801,0.07104154124021675,1416840.0,90347.70828629487
D,0.010114060503458358,0.03686578355411147,0.9768211920529801,0.07105009633911367,1416660.0,90336.41905622036
D,0.010294363263381531,0.036972051635543304,0.9768211920529801,0.07124743388479653,1412520.0,90076.76676450667
D,0.010380618432600602,0.037023092369477914,0.9768211920529801,0.07134220072551392,1410540.0,89952.58523368706
D,0.01047678794474866,0.03708359522313011,0.9768211920529801,0.07145452343466151,1408200.0,89805.82524271845
D,0.010578142773434317,0.037186436404890964,0.9768211920529801,0.07164541590771098,1404240.0,89557.46218107925
D,0.010582048706980452,0.03719581389484302,0.9768211920529801,0.07166282035709948,1403880.0,89534.88372093023
D,0.010734906540481714,0.03731343283582089,0.9768211920529801,0.07188109161793371,1399380.0,89252.65296906751
D,0.010793149401919626,0.037351228159027604,0.9768211920529801,0.07195121951219512,1397940.0,89162.33912847143
D,0.01084185061580761,0.037427048972342045,0.9768211920529801,0.07209188660801563,1395060.0,88981.7114472793
D,0.010915151085572072,0.037522258967183926,0.9768211920529801,0.07226849583537483,1391460.0,88755.92684578912
D,0.010949740494037715,0.03754613720249459,0.9768211920529801,0.07231278342934183,1390560.0,88699.48069541658
D,0.01106245187357231,0.03765636967066632,0.9768211920529801,0.07251720747295967,1386420.0,88439.82840370286
D,0.011097965396565549,0.03769004727226268,0.9768211920529801,0.07257965309386148,1385160.0,88360.8037931813
D,0.011176164380342433,0.037767251312251955,0.9768211920529801,0.07272279058301492,1382280.0,88180.17611198916
D,0.011268009198732507,0.03785934291581109,0.9768211920529801,0.07289350135903139,1378860.0,87965.68074057349
D,0.01130011000259179,0.03789338471419396,0.9768211920529801,0.07295659700754296,1377600.0,87886.65613005194
D,0.011445097638399158,0.03800566864210255,0.9768211920529801,0.07316468253968253,1373460.0,87627.00383833822
D,0.011463119976120591,0.03803016630140518,0.9768211920529801,0.07321007569177318,1372560.0,87570.55768796567
D,0.011559857164470224,0.03811861997674118,0.9768211920529801,0.07337395846287775,1369320.0,87367.35154662452
D,0.011619686912979784,0.03819759160947818,0.9768211920529801,0.0735202492211838,1366440.0,87186.72386543237
D,0.011672024297843642,0.03824711525995073,0.9768211920529801,0.07361197754210855,1364640.0,87073.8315646873
D,0.011823587920427552,0.038366497593965404,0.9768211920529801,0.07383306219496934,1360320.0,86802.89004289907
D,0.011830678674493991,0.038381472807702315,0.9768211920529801,0.07386079118678017,1359780.0,86769.02235267556
D,0.011932385653181412,0.038486627527723416,0.9768211920529801,0.07405547885025732,1356000.0,86531.94852111085
D,0.011987570472225834,0.0384263494967978,0.9735099337748344,0.07393436439079593,1357860.0,86373.89930006773
D,0.012047712987090745,0.03848167539267016,0.9735099337748344,0.0740367665575422,1355880.0,86249.71776924813
D,0.012129912445993336,0.03860294117647059,0.9735099337748344,0.07426117706491538,1351560.0,85978.77624745991
D,0.012140609825206202,0.03860801050558109,0.9735099337748344,0.0742705570291777,1351380.0,85967.48701738541
D,0.012269120992473483,0.03873007508892109,0.9735099337748344,0.07449638920562522,1347060.0,85696.5454955972
D,0.012304269491071123,0.038781163434903045,0.9735099337748344,0.0745908917924648,1345260.0,85583.65319485212
D,0.012377655271529644,0.03885291396854764,0.9735099337748344,0.07472359893252001,1342740.0,85425.60397380899
D,0.012479314537647985,0.0389662027833002,0.9735099337748344,0.07493309545049065,1338780.0,85177.2409121698
D,0.012484817325042325,0.03897136797454931,0.9735099337748344,0.07494264593423401,1338600.0,85165.95168209527
D,0.012594879454794294,0.039095744680851065,0.9735099337748344,0.07517259013040145,1334280.0,84895.01016030707
D,0.012635927586426777,0.039014647137150464,0.9701986754966887,0.07501280081925242,1336860.0,84782.11785956197
D,0.012717234272456164,0.039082299586501265,0.9701986754966887,0.0751378381843826,1334520.0,84635.35786859336
D,0.012810884575496135,0.03919732441471572,0.9701986754966887,0.07535039218207536,1330560.0,84386.99480695416
D,0.01281752350563808,0.03907922912205567,0.9668874172185431,0.07512220221250321,1334400.0,84353.12711673064
D,0.012921226209353464,0.03919989260303396,0.9668874172185431,0.07534511675912786,1330260.0,84093.47482501694
D,0.012970108956110633,0.039112903225806454,0.9635761589403974,0.07517437354688711,1333020.0,83991.87175434636
D,0.0130685522925243,0.0391866415297603,0.9635761589403974,0.07531055900621118,1330500.0,83833.82253330323
D,0.013141536433664683,0.03929777177582714,0.9635761589403974,0.07551576488906189,1326720.0,83596.74870173854
D,0.013148037050340101,0.039324324324324325,0.9635761589403974,0.075564788366658,1325820.0,83540.302551366
D,0.01325662210996245,0.03944692964619764,0.9635761589403974,0.07579111863523898,1321680.0,83280.65025965229
D,0.01327265396565066,0.03948975437644185,0.9635761589403974,0.07587016034415331,1320240.0,83190.33641905623
D,0.013330469353191552,0.039575683394532844,0.9635761589403974,0.07602873938602223,1317360.0,83009.70873786407
D,0.013396013846721616,0.03967821107172075,0.9635761589403974,0.07621791513881614,1313940.0,82795.2133664484
D,0.013418275532115295,0.039716118465947865,0.9635761589403974,0.07628784899724735,1312680.0,82716.18875592685
D,0.01351784308712765,0.039852095316351685,0.9635761589403974,0.07653866386112573,1308180.0,82433.95800406412
D,0.013528680496165265,0.03986847513357994,0.9635761589403974,0.0765688725167741,1307640.0,82400.0903138406
D,0.013648423085405082,0.039978018958648165,0.9635761589403974,0.07677087455480808,1304040.0,82174.30571235041
D,0.013708912194665194,0.04006057268722467,0.9635761589403974,0.07692307692307693,1301340.0,82004.96726123278
D,0.01374339456502478,0.040115798180314306,0.9635761589403974,0.07702488088935945,1299540.0,81892.07496048769
D,0.01385168455310583,0.04025453036381242,0.9635761589403974,0.07728057362900013,1295040.0,81609.84420862497
D,0.013852727531240097,0.04025453036381242,0.9635761589403974,0.07728057362900013,1295040.0,81609.84420862497
D,0.013948239406074064,0.040411054020274964,0.9635761589403974,0.07756897241103558,1290000.0,81293.74576653873
D,0.013967983929247491,0.04045599888780759,0.9635761589403974,0.07765176784523016,1288560.0,81203.43192594266
D,0.01406224385129635,0.04054054054054054,0.9635761589403974,0.07780748663101605,1285860.0,81034.09347482501
D,0.014125017656296332,0.040653813914501256,0.9635761589403974,0.07801608579088472,1282260.0,80808.30887333483
D,0.014140426241005815,0.04067085953878407,0.9635761589403974,0.07804747217379644,1281720.0,80774.44118311131
D,0.014222895700783595,0.040802019068984854,0.9635761589403974,0.07828894269572235,1277580.0,80514.7888913976
D,0.014251908591946544,0.04085357293275305,0.9635761589403974,0.07838383838383838,1275960.0,80413.18582072703
D,0.014313739246590101,0.04093402728935153,0.9635761589403974,0.078531912022669,1273440.0,80255.1365996839
D,0.014401322146276587,0.04091422121896163,0.9602649006622517,0.07848443843031122,1274040.0,80018.06276811921
D,0.014413059372113034,0.0409373235460192,0.9602649006622517,0.07852694286487952,1273320.0,79972.90584782118
D,0.01451336223738904,0.04107648725212465,0.9602649006622517,0.07878293941863626,1269000.0,79701.96432603296
D,0.014532143691895661,0.04098128190584231,0.956953642384106,0.07859668207778081,1271940.0,79611.6504854369
D,0.014586296333900156,0.04107447413303013,0.956953642384106,0.0787680566911965,1269060.0,79431.02280424476
D,0.014637032701145879,0.04118569189112156,0.956953642384106,0.07897253723186229,1265640.0,79216.52743282907
D,0.014667130540464524,0.041215059897318884,0.956953642384106,0.07902652447361226,1264740.0,79160.08128245654
D,0.014773816527669766,0.041207611961654025,0.9536423841059603,0.0790015087093677,1264980.0,78900.42899074283
D,0.014788086189060825,0.04124892580922372,0.9536423841059603,0.07907742998352554,1263720.0,78821.40438022127
D,0.014825013524683447,0.041343669250646,0.9536423841059603,0.07925151348376444,1260840.0,78640.77669902913
D,0.014888728708551586,0.04145674391823809,0.9536423841059603,0.07945923575665609,1257420.0,78426.28132761345
D,0.01489650639885345,0.04148062797061789,0.9536423841059603,0.07950310559006211,1256700.0,78381.12440731542
D,0.014991553716395309,0.04162451221274751,0.9536423841059603,0.07976734524304113,1252380.0,78110.1828855272
D,0.015029600207522982,0.041666666666666664,0.9536423841059603,0.07984474632658718,1251120.0,78031.15827500564
D,0.01505831177678115,0.04176334106728538,0.9536423841059603,0.08002222839677688,1248240.0,77850.5305938135
D,0.015142056258037254,0.041878726188745094,0.9536423841059603,0.08023401587964898,1244820.0,77636.03522239784
D,0.015155206413251915,0.04191529617231844,0.9536423841059603,0.08030112923462986,1243740.0,77568.29984195078
D,0.015238214366963078,0.04206221702935592,0.9536423841059603,0.08057070919009651,1239420.0,77297.35832016257
D,0.015258771540058442,0.041952930858061684,0.9503311258278145,0.08035839283214334,1242720.0,77229.62293971551
D,0.015337358276048357,0.04206977425974787,0.9503311258278145,0.08057271195957327,1239300.0,77015.12756829985
D,0.015381220415304146,0.04216867469879518,0.9503311258278145,0.0807540799099606,1236420.0,76834.4998871077
D,0.015426484930801494,0.04209596702973212,0.9470198675496688,0.080608793686584,1238640.0,76699.02912621359
D,0.015533094455154151,0.04223272297696397,0.9470198675496688,0.08085948543963811,1234680.0,76450.6660645744
D,0.015538795938804053,0.04225768321513002,0.9470198675496688,0.0809052333804809,1233960.0,76405.50914427637
D,0.015624224151308106,0.042408066429418745,0.9470198675496688,0.08118081180811808,1229640.0,76134.56762248815
D,0.01565255773796174,0.04245843230403801,0.9470198675496688,0.08127308894572322,1228200.0,76044.25378189208
D,0.0157008151520802,0.042578532082775046,0.9470198675496688,0.08149309018378686,1224780.0,75829.7584104764
D,0.015744223778982772,0.0426865671641791,0.9470198675496688,0.08169094544415881,1221720.0,75637.84149920975
D,0.01579617126458722,0.04272482820436212,0.9470198675496688,0.08176100628930819,1220640.0,75570.1061187627
D,0.01588212092066228,0.042884990253411304,0.9470198675496688,0.08205422464495768,1216140.0,75287.87536689999
D,0.01589517125145627,0.04291072768192048,0.9470198675496688,0.08210133486436055,1215420.0,75242.71844660194
D,0.015962618775238833,0.043033403551008126,0.9470198675496688,0.08232584916522741,1212000.0,75028.22307518627
D,0.01603626044271667,0.043137254901960784,0.9470198675496688,0.08251586843623775,1209120.0,74847.59539399412
D,0.016071242404200086,0.04318936877076412,0.9470198675496688,0.08261120739456962,1207680.0,74757.28155339806
D,0.016142817496532562,0.04333989998484619,0.9470198675496688,0.08288653818287206,1203540.0,74497.62926168436
D,0.016153304708786873,0.043366186504927975,0.9470198675496688,0.08293460925039872,1202820.0,74452.47234138632
D,0.016237380844960236,0.04349809885931559,0.9470198675496688,0.0831758034026465,1199220.0,74226.68773989614
D,0.016287695902406425,0.04360420795853026,0.9470198675496688,0.08336977117038333,1196340.0,74046.060058704
D,0.016316981236215375,0.0436707894335013,0.9470198675496688,0.08349146110056926,1194540.0,73933.1677579589
D,0.01641050120015942,0.04383813611281422,0.9470198675496688,0.08379724582478758,1190040.0,73650.93700609618
D,0.01641388986240348,0.04384485666104553,0.9470198675496688,0.0838095238095238,1189860.0,73639.64777602168
D,0.016523873724143306,0.044006770272349595,0.9470198675496688,0.08410527863549479,1185540.0,73368.70625423346
D,0.0165690204341312,0.043920480813684694,0.9437086092715232,0.08393461934913855,1188120.0,73255.81395348837
D,0.016628465663019728,0.044015444015444015,0.9437086092715232,0.08410801239486498,1185600.0,73097.76473244524
D,0.01668026703915267,0.04415866129532073,0.9437086092715232,0.08436944937833037,1181820.0,72860.69090088057
D,0.01668551188346639,0.04419289812374012,0.9437086092715232,0.08443193600948008,1180920.0,72804.24475050802
D,0.016798298234965984,0.0443579766536965,0.9437086092715232,0.0847331648580348,1176600.0,72533.3032287198
D,0.01682738023650057,0.04439943916497897,0.9437086092715232,0.08480880821306352,1175520.0,72465.56784827275
D,0.016904729011012174,0.04452429307920638,0.9437086092715232,0.08503655079815009,1172280.0,72262.3617069316
D,0.01693714683871188,0.044649851167162774,0.9437086092715232,0.08526551982049364,1169040.0,72059.15556559042
D,0.016954338553274592,0.04469887076537014,0.9437086092715232,0.0853548966756514,1167780.0,71980.13095506886
D,0.017033003659886047,0.04486069573429876,0.9437086092715232,0.08564988730277986,1163640.0,71720.47866335516
D,0.017036861705516937,0.04489603024574669,0.9437086092715232,0.08571428571428572,1162740.0,71664.03251298261
D,0.017107673848872774,0.04505216566550743,0.9437086092715232,0.08599879299939651,1158780.0,71415.66945134342
D,0.017141888961086232,0.04514493901473151,0.9437086092715232,0.08616780045351476,1156440.0,71268.90946037481
D,0.017190408475801878,0.04507936507936508,0.9403973509933775,0.08603453498939716,1158480.0,71122.14946940618
D,0.017283335478134248,0.045078050334501435,0.9370860927152318,0.08601823708206686,1158900.0,70873.786407767
D,0.01730598862126669,0.04509241555130657,0.9370860927152318,0.08604439039221648,1158540.0,70851.20794761798
D,0.017442755302701472,0.04526551503518874,0.9370860927152318,0.08635947512969179,1154220.0,70580.26642582976
D,0.017476460541213518,0.04533077046291847,0.9370860927152318,0.08647822765469823,1152600.0,70478.66335515918
D,0.017504572688518287,0.045476458299855374,0.9370860927152318,0.08674329501915708,1149000.0,70252.878753669
D,0.017576772878941844,0.045593684549701946,0.9370860927152318,0.08695652173913043,1146120.0,70072.25107247685
D,0.01760531725140809,0.04565989028718941,0.9370860927152318,0.08707692307692307,1144500.0,69970.64800180627
D,0.017674550789681737,0.04585223590408295,0.9370860927152318,0.08742662959530428,1139820.0,69677.12801986905
D,0.017675343756095644,0.04585223590408295,0.9370860927152318,0.08742662959530428,1139820.0,69677.12801986905
D,0.017751726786623172,0.04586857514638907,0.9337748344370861,0.08744186046511628,1139880.0,69406.18649808083
D,0.017790961772409686,0.045950790288414534,0.9337748344370861,0.0875912408759124,1137900.0,69282.00496726124
D,0.01786030571149689,0.04604833442194644,0.9337748344370861,0.08776844070961717,1135560.0,69135.24497629263
D,0.01792243850591738,0.046214355948869225,0.9337748344370861,0.08806995627732667,1131600.0,68886.88191465342
D,0.017931656429509207,0.04608068219088226,0.9304635761589404,0.08781250000000002,1135260.0,68841.72499435538
D,0.018055010622136804,0.0462703770788737,0.9304635761589404,0.08815686274509803,1130760.0,68559.49424249266
D,0.018062416198799294,0.04632377184305968,0.9304635761589404,0.0882537688442211,1129500.0,68480.4696319711
D,0.018135978487051792,0.04644628099173554,0.9304635761589404,0.08847607052896726,1126620.0,68299.84195077897
D,0.018220318967830926,0.04659260487481346,0.9304635761589404,0.08874151271119532,1123200.0,68085.3465793633
D,0.01824034355100173,0.046654491117383366,0.9304635761589404,0.08885375494071146,1121760.0,67995.03273876722
D,0.018324479542027896,0.046841140190031674,0.9304635761589404,0.0891921917156007,1117440.0,67724.091216979
D,0.018328085734769444,0.046864576384256174,0.9304635761589404,0.08923467767545253,1116900.0,67690.22352675548
D,0.018416996378041235,0.04702928870292887,0.9304635761589404,0.0895332165046997,1113120.0,67453.14969519079
D,0.018469487044390206,0.04713974165408488,0.9304635761589404,0.08973335462238544,1110600.0,67295.10047414766
D,0.0185100025838357,0.04721895479751302,0.9304635761589404,0.08987685910762833,1108800.0,67182.20817340257
D,0.01861334750179044,0.04724940938238272,0.9271523178807947,0.08991650610147721,1108680.0,66899.97742153985
D,0.01861358871906305,0.04724940938238272,0.9271523178807947,0.08991650610147721,1108680.0,66899.97742153985
D,0.018722190326084687,0.047441545238902066,0.9271523178807947,0.09026434558349453,1104360.0,66629.03589975163
D,0.01875913906165162,0.04736842105263158,0.9238410596026491,0.09011627906976744,1106580.0,66493.56513885752
D,0.018797800808010977,0.047497446373850866,0.9238410596026491,0.09034974093264249,1103700.0,66312.9374576654
D,0.018877082093590052,0.04765157984628523,0.9238410596026491,0.09062855286665585,1100280.0,66098.44208624972
D,0.01889935738546263,0.04771677783478707,0.9238410596026491,0.09074646283948608,1098840.0,66008.12824565364
D,0.018982613217535485,0.04774171389318221,0.9205298013245033,0.09077551020408163,1098900.0,65737.18672386544
D,0.018991545033398203,0.04775811716199966,0.9205298013245033,0.09080516086885515,1098540.0,65714.6082637164
D,0.01906661722120135,0.04795583922718648,0.9205298013245033,0.0911624856533858,1094220.0,65443.666741928195
D,0.01910504276562368,0.04805531547104581,0.9205298013245033,0.09134220469853786,1092060.0,65308.19598103409
D,0.01914825825326014,0.04818859421043509,0.9205298013245033,0.09158293526601878,1089180.0,65127.56829984195
D,0.019211468110145995,0.04834782608695652,0.9205298013245033,0.09187045604758758,1085760.0,64913.072928426285
D,0.0192212321360293,0.0483983286908078,0.9205298013245033,0.0919616275223288,1084680.0,64845.33754797923
D,0.019312012679470796,0.04845198530697919,0.9172185430463576,0.09204186741983719,1084200.0,64540.52833596749
D,0.019316216771641713,0.04847742387119356,0.9172185430463576,0.0920877659574468,1083660.0,64506.66064574396
D,0.019415247571860292,0.048497627833421195,0.9139072847682119,0.0921074587018188,1083900.0,64247.00835403026
D,0.019461282362938433,0.04842401831308329,0.9105960264900662,0.0919578665774954,1086120.0,64111.53759313615
D,0.019535772761966726,0.04836716681376876,0.9072847682119205,0.09183844477962125,1087980.0,63953.48837209302
D,0.019668448261134636,0.048547129695251594,0.9072847682119205,0.09216279852001345,1084200.0,63716.414540528334
D,0.019683613081656753,0.04856433888691953,0.9072847682119205,0.09219380888290712,1083840.0,63693.83608037932
D,0.019766465894716315,0.048458934616069836,0.9006622516556292,0.0919695688926458,1087380.0,63366.44840821856
D,0.0197749358773425,0.04849349260117668,0.9006622516556292,0.09203180510911858,1086660.0,63321.29148792053
D,0.019846113021590485,0.048675733715103794,0.9006622516556292,0.09235993208828523,1082880.0,63084.21765635583
D,0.019896038278235145,0.048797990670972374,0.9006622516556292,0.09257998638529612,1080360.0,62926.16843531271
D,0.01993775564085607,0.04891206617514835,0.9006622516556292,0.09278526351697083,1078020.0,62779.408444344095
D,0.020020771007643243,0.04910633688391407,0.9006622516556292,0.09313473720253382,1074060.0,62531.0453827049
D,0.020049996362241227,0.04915070473436935,0.9006622516556292,0.09321453050034272,1073160.0,62474.59923233235
D,0.020144962990794164,0.0493737520421129,0.9006622516556292,0.09361555670280503,1068660.0,62192.36848046963
D,0.020167743219587534,0.04942758495366164,0.9006622516556292,0.09371231696813093,1067580.0,62124.63310002258
D,0.020211280335419222,0.0495897903372835,0.9006622516556292,0.09400380162433039,1064340.0,61921.42695868141
D,0.020251222665937412,0.04956108266276518,0.8973509933774835,0.09393414211438475,1065660.0,61729.51004741477
D,0.020292321340704095,0.04963369963369963,0.8973509933774835,0.09406456091634847,1064220.0,61639.19620681869
D,0.020384942417570495,0.04986200551977921,0.8973509933774835,0.09447446400557784,1059720.0,61356.96545495597
D,0.020386061463909717,0.04987118145012882,0.8973509933774835,0.09449093444909344,1059540.0,61345.67622488146
D,0.02047132882475096,0.05009242144177449,0.8973509933774835,0.09488795518207283,1055220.0,61074.73470309325
D,0.020527287796988345,0.049833271582067434,0.890728476821192,0.09438596491228071,1061820.0,60939.26394219914
D,0.020566457872176334,0.04994430003713331,0.890728476821192,0.09458509142053445,1059660.0,60803.79318130503
D,0.02062649898815922,0.05016784781797837,0.890728476821192,0.09498587570621468,1055340.0,60532.85165951682
D,0.02062727819345267,0.05016784781797837,0.890728476821192,0.09498587570621468,1055340.0,60532.85165951682
D,0.020713790476424764,0.050215476859658985,0.8874172185430463,0.09505231424011348,1055220.0,60250.6209076541
D,0.020744676771318388,0.050309742819598276,0.8874172185430463,0.09522117605258483,1053420.0,60137.72860690901
D,0.020791961542638297,0.05048031644377472,0.8874172185430463,0.09552664409196222,1050180.0,59934.522465567854
D,0.02086204452356938,0.050642479213907785,0.8874172185430463,0.09581694672863783,1047120.0,59742.6055543012
D,0.0208900992769661,0.05069996216420734,0.8874172185430463,0.09591982820329278,1046040.0,59674.87017385414
D,0.020976062027155497,0.0509408857631629,0.8874172185430463,0.09635088980765774,1041540.0,59392.63942199142
D,0.02098812123075804,0.05097964618603766,0.8874172185430463,0.09642021946393237,1040820.0,59347.48250169338
D,0.021074909924131177,0.05117433645216727,0.8874172185430463,0.09676836974183065,1037220.0,59121.69790020321
D,0.021116572183244867,0.05113962842367362,0.8841059602649006,0.09668658337859859,1038720.0,58941.07021901106
D,0.02117904626814504,0.051237766263673,0.8841059602649006,0.09686196263377471,1036920.0,58828.17791826598
D,0.02126258911604054,0.051291939838025456,0.8807947019867549,0.09693877551020409,1036800.0,58545.94716640325
D,0.021270461179060545,0.05110896817743491,0.8774834437086093,0.09659194459631858,1041000.0,58534.65793632874
D,0.021371091390520562,0.05134663824840147,0.8774834437086093,0.09701629141497346,1036680.0,58263.716414540526
D,0.02139850920013505,0.051446321102698506,0.8774834437086093,0.09719420502475702,1034880.0,58150.82411379544
D,0.021484691030502132,0.05120716510903427,0.8708609271523179,0.09672673777123944,1040940.0,57981.4856626778
D,0.021575048026195785,0.05140734949179046,0.8708609271523179,0.09708379475821337,1037340.0,57755.701061187625
D,0.021601488619216673,0.05144757433489828,0.8708609271523179,0.09715552271887698,1036620.0,57710.544140889586
D,0.021673499652169675,0.05172074729596853,0.8708609271523179,0.0976424726192686,1031760.0,57405.73492887785
D,0.021691298062648655,0.05177165354330709,0.8708609271523179,0.09773318468970643,1030860.0,57349.2887785053
D,0.02175514461857217,0.051976284584980235,0.8708609271523179,0.0980977247295785,1027260.0,57123.50417701513
D,0.021825176817279905,0.05213082259663033,0.8708609271523179,0.09837291939405274,1024560.0,56954.165725897496
D,0.02185471790274598,0.05222398729150119,0.8708609271523179,0.09853877856875233,1022940.0,56852.56265522691
D,0.02200419323418637,0.052474062250598565,0.8708609271523179,0.09898381633421152,1018620.0,56581.6211334387
D,0.02200643939329271,0.05249500998003992,0.8708609271523179,0.0990210843373494,1018260.0,56559.04267328968
D,0.022100744497863516,0.052737116502907556,0.8708609271523179,0.09945169219134052,1014120.0,56299.39038157598
D,0.022192762972002726,0.0528643216080402,0.8708609271523179,0.09967784726170172,1011960.0,56163.91962068187
D,0.022244979240964885,0.05303488606573906,0.8708609271523179,0.0999809922068048,1009080.0,55983.29193948973
D,0.022339886500374665,0.053238866396761134,0.8708609271523179,0.10034338038916445,1005660.0,55768.79656807405
D,0.022358516585392382,0.052908980336509225,0.8642384105960265,0.0997134670487106,1013160.0,55689.77195755249
D,0.02243901485931495,0.05316765125280098,0.8642384105960265,0.1001727115716753,1008840.0,55418.83043576428
D,0.022451956585877043,0.05322185970636215,0.8642384105960265,0.10026892047637341,1007940.0,55362.384285391745
D,0.022510574135625565,0.05345074749129634,0.8642384105960265,0.10067502410800387,1004160.0,55125.31045382705
D,0.02257222272474089,0.053593429158110883,0.8642384105960265,0.10092807424593966,1001820.0,54978.55046285843
D,0.02262427401790683,0.053736874613959235,0.8642384105960265,0.10118239968986238,999480.0,54831.79047188982
D,0.022729129689376976,0.05357881671493587,0.8576158940397351,0.10085669781931463,1004100.0,54572.13818017611
D,0.0227529816618323,0.053612088594493894,0.8576158940397351,0.10091564387297877,1003560.0,54538.27048995259
D,0.022882282124138044,0.05369406867845994,0.8543046357615894,0.1010377912668886,1003260.0,54244.75050801535
D,0.02289345915516634,0.05376120025005209,0.8543046357615894,0.10115663595373457,1002180.0,54177.015127568295
D,0.022983759654007462,0.05402010050251256,0.8543046357615894,0.10161480897991335,998040.0,53917.3628358546
D,0.02303745124683061,0.05415617128463476,0.8543046357615894,0.10185550730359258,995880.0,53781.89207496049
D,0.023096430448386173,0.05388339296990107,0.847682119205298,0.1013259449831783,1002300.0,53635.13208399188
D,0.02322312979328993,0.05414551607445008,0.847682119205298,0.10178926441351889,998160.0,53375.479792278165
D,0.023241818178314548,0.054168429961912824,0.847682119205298,0.10182975338106602,997800.0,53352.90133212914
D,0.023329055958508798,0.05427841634738186,0.8443708609271523,0.102,997140.0,53036.8028900429
D,0.023338486824749614,0.054336245471979544,0.8443708609271523,0.10210210210210209,996240.0,52980.35673967035
D,0.0234221514167054,0.05435480419430772,0.8410596026490066,0.1021105527638191,997020.0,52754.57213818018
D,0.023476851477176996,0.05452984113353371,0.8410596026490066,0.10241935483870969,994320.0,52585.23368706254
D,0.023548323298125215,0.05465891973316118,0.8410596026490066,0.10264699939381693,992340.0,52461.05215624295
D,0.023671683323454075,0.05494267791477395,0.8410596026490066,0.10314720812182741,988020.0,52190.11063445474
D,0.023676398262718966,0.05496645747673664,0.8410596026490066,0.10318911232988016,987660.0,52167.53217430571
D,0.02380319722718389,0.05525342614748749,0.8410596026490066,0.10369463155746068,983340.0,51896.590652517494
D,0.023881097130952465,0.055373882712012205,0.8410596026490066,0.1039067293925138,981540.0,51783.698351772415
D,0.023934241015212514,0.0553247321233326,0.8377483443708609,0.1037948717948718,983400.0,51625.64913072929
D,0.024018663908182452,0.05536028119507909,0.8344370860927153,0.10383189122373301,984000.0,51388.57529916459
D,0.024039286731825014,0.055421156806685724,0.8344370860927153,0.10393895648587337,983100.0,51332.129148792046
D,0.02412906873434541,0.05570291777188329,0.8344370860927153,0.10443431413178617,978960.0,51072.476857078356
D,0.024150653292437197,0.055776892430278883,0.8344370860927153,0.1045643153526971,977880.0,51004.7414766313
D,0.024222653605340597,0.05601244721049122,0.8344370860927153,0.10497812955634243,974460.0,50790.24610521562
D,0.02431677921152498,0.05622489959839357,0.8344370860927153,0.10535117056856187,971400.0,50598.32919394898
D,0.02434717386168503,0.05608938547486034,0.8311258278145696,0.10508687460749425,974520.0,50519.304583427416
D,0.02442953989752412,0.055992804137620866,0.8245033112582781,0.10486418193303852,978240.0,50203.206141341165
D,0.024430564746401744,0.055992804137620866,0.8245033112582781,0.10486418193303852,978240.0,50203.206141341165
D,0.02455622349930479,0.056309362279511534,0.8245033112582781,0.10541913632514818,973740.0,49920.97538947844
D,0.024597943378177358,0.05644978462933575,0.8245033112582781,0.10566518141311267,971760.0,49796.793858658835
D,0.024655230919276808,0.05662952012735956,0.8245033112582781,0.10597999574377527,969240.0,49638.74463761572
D,0.024789635686082688,0.05690127970749543,0.8245033112582781,0.10645575032064984,965460.0,49401.67080605103
D,0.024802201073969226,0.05696636925188744,0.8245033112582781,0.10656965546757971,964560.0,49345.22465567848
D,0.02488405100673523,0.0572940635066728,0.8245033112582781,0.10714285714285715,960060.0,49062.99390381576
D,0.024899398111225348,0.05736005528680028,0.8245033112582781,0.10725823820805513,959160.0,49006.547753443214
D,0.024998946918310436,0.057612216566404445,0.8245033112582781,0.10769896193771626,955740.0,48792.05238202755
D,0.02506092932218964,0.057826288899210404,0.8245033112582781,0.10807291666666667,952860.0,48611.42470083541
D,0.025111676365227036,0.05793392275476966,0.8245033112582781,0.10826086956521741,951420.0,48521.11086023933
D,0.0252512648806925,0.0580660266916413,0.8211920529801324,0.10846271594139514,950940.0,48216.301648227585
D,0.025251316750673502,0.0580660266916413,0.8211920529801324,0.10846271594139514,950940.0,48216.301648227585
D,0.02534154730329355,0.05840791333019312,0.8211920529801324,0.1090589270008795,946440.0,47934.070896364865
D,0.025404391662991414,0.05855962219598583,0.8211920529801324,0.10932334141503194,944460.0,47809.88936554527
D,0.025499526274404147,0.058503079109426814,0.8178807947019867,0.10919540229885058,946500.0,47663.12937457665
D,0.02559278057342832,0.05880952380952381,0.8178807947019867,0.10972900932918704,942540.0,47414.766312937456
D,0.025625077193943246,0.05889365760610396,0.8178807947019867,0.10987544483985766,941460.0,47347.0309324904
D,0.02573554672640495,0.0587952963762899,0.8112582781456954,0.10964421570821213,945360.0,47042.22172047866
D,0.02573732734412909,0.058823529411764705,0.8112582781456954,0.10969330646966645,945000.0,47019.64326032965
D,0.02584886366399086,0.05893719806763285,0.8079470198675497,0.10986042323277802,944880.0,46737.41250846692
D,0.02589369420677698,0.05883777239709443,0.804635761589404,0.10965703971119134,947460.0,46624.520207721835
D,0.025950903292366462,0.05879494655004859,0.8013245033112583,0.10955183340878226,949320.0,46466.47098667871
D,0.026032454413886543,0.05911089399120664,0.8013245033112583,0.11010009099181074,945360.0,46218.10792503951
D,0.026057290049925037,0.05915424101686629,0.8013245033112583,0.11017527885272024,944820.0,46184.24023481599
D,0.02613409103816153,0.059488692232055065,0.8013245033112583,0.11075514874141876,940680.0,45924.58794310228
D,0.026168509826129806,0.059374230105937426,0.7980132450331126,0.11052510891997248,943440.0,45822.9848724317
D,0.02621552707472405,0.05965346534653465,0.7980132450331126,0.1110087517273146,940020.0,45608.48950101603
D,0.026300169529325856,0.05964214711729622,0.7947019867549668,0.11095700416088766,941520.0,45427.86181982389
D,0.026323139112815447,0.05974607916355489,0.7947019867549668,0.11113683723084047,940260.0,45348.83720930232
D,0.026440127076299124,0.06010518407212622,0.7947019867549668,0.11175785797438884,935940.0,45077.895687514116
D,0.026470916710028988,0.059914765605414894,0.7913907284768212,0.11139594500116524,939600.0,45032.73876721608
D,0.026612015295969495,0.06027742749054225,0.7913907284768212,0.11202249824232483,935280.0,44761.797245427864
D,0.02668137066378839,0.060445118866970154,0.7913907284768212,0.11231203007518797,933300.0,44637.61571460826
D,0.026771383972946955,0.06065989847715736,0.7913907284768212,0.11268269684111268,930780.0,44479.56649356514
D,0.026867949415374338,0.06100051046452271,0.7913907284768212,0.11327014218009479,926820.0,44231.20343192594
D,0.02687887874632014,0.061078456427293634,0.7913907284768212,0.11340450771055753,925920.0,44174.7572815534
D,0.02700481598335873,0.06155034766932784,0.7913907284768212,0.1142174432497013,920520.0,43836.08037931813
D,0.027005571288782285,0.06155034766932784,0.7913907284768212,0.1142174432497013,920520.0,43836.08037931813
D,0.027184168381151976,0.06144672024889811,0.7847682119205298,0.11396970425583074,924600.0,43542.5603973809
D,0.027264813363857575,0.06157443491816056,0.7847682119205298,0.11418935196338233,923160.0,43452.24655678483
D,0.02734700570889506,0.061896056411595714,0.7847682119205298,0.11474219317356572,919560.0,43226.461955294646
D,0.027414986445018136,0.06215578284815106,0.7847682119205298,0.11518833535844472,916680.0,43045.834274102504
D,0.02748261657774432,0.062352012628255724,0.7847682119205298,0.11552522544479649,914520.0,42910.3635132084
D,0.027610572847502568,0.06273160402329275,0.7847682119205298,0.11617647058823531,910380.0,42650.71122149469
D,0.02761587853801904,0.06276483050847458,0.7847682119205298,0.11623344776851398,910020.0,42628.132761345674
D,0.027733239690684978,0.06295012003200853,0.7814569536423841,0.11651444087879537,909540.0,42323.32354933394
D,0.027766121357286004,0.06306787814003206,0.7814569536423841,0.11671612265084075,908280.0,42244.298938812375
D,0.027882768934522868,0.06340677055346589,0.7814569536423841,0.11729622266401593,904680.0,42018.514337322194
D,0.027966237079044328,0.06366333962773132,0.7814569536423841,0.11773509603392368,901980.0,41849.17588620456
D,0.02803667008248531,0.06354786371011358,0.7781456953642384,0.1175,904740.0,41747.57281553398
D,0.028148098096535797,0.0639803974952355,0.7781456953642384,0.11823899371069181,900240.0,41465.342063671254
D,0.02815436886013721,0.06372549019607843,0.7748344370860927,0.11776547559134372,904440.0,41454.05283359675
D,0.02828937279988149,0.06392318244170096,0.7715231788079471,0.11806435267291614,903960.0,41149.24362158501
D,0.028360566544086276,0.06406378883695353,0.7715231788079471,0.1183041381061183,902520.0,41058.92978098893
D,0.02842515501746447,0.06408839779005525,0.7682119205298014,0.11830698623151453,903840.0,40867.01286972228
D,0.028524758299821575,0.06442654818106082,0.7682119205298014,0.11888291058160388,900420.0,40652.51749830662
D,0.02855776092166971,0.06422018348623854,0.7649006622516556,0.118491921005386,904080.0,40607.36057800858
D,0.028728160687485117,0.0640917996081724,0.7582781456953642,0.11819354838709678,908520.0,40336.419056220366
D,0.028768073456885108,0.0641996075133165,0.7582781456953642,0.11837684156112689,907440.0,40268.68367577332
D,0.028885883567084766,0.06456160135325627,0.7582781456953642,0.11899194595998959,903840.0,40042.89907428313
D,0.028945739370544656,0.06481743560713275,0.7582781456953642,0.11942633637548894,901320.0,39884.849853240004
D,0.02901849034414539,0.06505681818181819,0.7582781456953642,0.11983254840397699,898980.0,39738.089862271394
D,0.02912670583887095,0.06521739130434782,0.7549668874172185,0.12006319115323855,899040.0,39467.148340483174
D,0.02913365240115018,0.06527340395075866,0.7549668874172185,0.12015810276679842,898500.0,39433.28065025965
D,0.02927279429049144,0.06543672528106083,0.7516556291390728,0.1203924688411562,898560.0,39162.33912847144
D,0.029308190915566735,0.06558798035249928,0.7516556291390728,0.12064841881477546,897120.0,39072.02528787537
D,0.029401439766669177,0.06589259796806966,0.7516556291390728,0.12116359754470243,894240.0,38891.397606683226
D,0.02948015682073208,0.06625802685347344,0.7516556291390728,0.12178111587982832,890820.0,38676.90223526756
D,0.029499731912447567,0.06613988879133743,0.7483443708609272,0.12153804786232858,893580.0,38575.299164596974
D,0.029671685323441294,0.06664700678265999,0.7483443708609272,0.12239371784457082,888900.0,38281.77918265974
D,0.029672774222366177,0.06666666666666667,0.7483443708609272,0.12242686890574214,888720.0,38270.48995258524
D,0.029828793662852682,0.06714200831847891,0.7483443708609272,0.1232279171210469,884400.0,37999.54843079702
D,0.0299188944599033,0.06706408345752608,0.7450331125827815,0.12305168170631664,886800.0,37875.366899977416
D,0.030004908722612675,0.06674648308889554,0.7384105960264901,0.12242657150699972,893040.0,37717.3176789343
D,0.03008318830086766,0.0671484492622704,0.7384105960264901,0.12310240132486888,889440.0,37491.53307744412
D,0.03010755761569712,0.0669481302774427,0.7350993377483444,0.12271973466003316,892920.0,37435.08692707158
D,0.030272997320660792,0.06713244228432563,0.7317880794701986,0.12298274902615469,892980.0,37164.14540528336
D,0.030307714847134,0.06727549467275494,0.7317880794701986,0.12322274881516586,891720.0,37085.1207947618
D,0.030383528330961976,0.06734006734006734,0.7284768211920529,0.12328383300644438,892860.0,36881.91465342064
D,0.03048587999512186,0.06771314250538628,0.7284768211920529,0.1239087580963109,889620.0,36678.70851207948
D,0.03053229200537787,0.06785934608266501,0.7284768211920529,0.12415349887133183,888360.0,36599.68390155791
D,0.03065787351765176,0.06838669567920423,0.7284768211920529,0.1250355214549588,883860.0,36317.45314969519
D,0.030668549333048113,0.06845052893590542,0.7284768211920529,0.12514220705346984,883320.0,36283.585459471666
D,0.03085158803670086,0.06892230576441102,0.7284768211920529,0.12593016599885518,879360.0,36035.22239783247
D,0.030941942226068973,0.06920415224913495,0.7284768211920529,0.12640045963803506,877020.0,35888.46240686385
D,0.030993903269978213,0.06946637196084622,0.7284768211920529,0.12683770539060246,874860.0,35752.99164596974
D,0.03109856219467348,0.06965648854961833,0.7251655629139073,0.12710388856645388,875100.0,35493.33935425604
D,0.03111295631933995,0.06972301814708691,0.7251655629139073,0.12721463839674702,874560.0,35459.47166403251
D,0.031282963196042915,0.07032755298651253,0.7251655629139073,0.12822014051522249,869700.0,35154.66245202078
D,0.031344222609307006,0.07046332046332046,0.7251655629139073,0.1284457478005865,868620.0,35086.92707157372
D,0.03143856560390471,0.07022653721682848,0.7185430463576159,0.12794811320754718,874140.0,34883.72093023256
D,0.03153852127380631,0.07061503416856492,0.7185430463576159,0.12859259259259256,871080.0,34691.80401896591
D,0.031575639186607274,0.07077625570776255,0.7185430463576159,0.12885985748218526,869820.0,34612.779408444345
D,0.03176166478952446,0.07107601184600197,0.7152317880794702,0.1293026040107752,869340.0,34307.9701964326
D,0.03176558229807681,0.07109940750493746,0.7152317880794702,0.12934131736526946,869160.0,34296.68096635809
D,0.031936163502311404,0.07178464606181456,0.7152317880794702,0.1304741769858049,863940.0,33969.293294197334
D,0.03197613962058403,0.0715950715950716,0.7119205298013245,0.13010590015128592,867240.0,33901.55791375028
D,0.032191376977243516,0.07202680067001675,0.7119205298013245,0.13081837541831456,864000.0,33698.35177240912
D,0.03235553643886457,0.07243935309973046,0.7119205298013245,0.13149847094801223,860940.0,33506.43486114247
D,0.032436494404003854,0.07265968232510983,0.7119205298013245,0.13186139221097823,859320.0,33404.831790471886
D,0.03257649479602564,0.07296283668598705,0.7086092715231788,0.1323029366306028,859020.0,33111.31180853466
D,0.03257668263269578,0.07298772169167804,0.7086092715231788,0.13234384662956092,858840.0,33100.02257846015
D,0.03272796367914944,0.07353951890034365,0.7086092715231788,0.13325031133250312,854880.0,32851.65951682095
D,0.03280447578301992,0.07386952019330342,0.7086092715231788,0.13379180994060647,852540.0,32704.89952585234
D,0.03285443352714564,0.07377900935226879,0.7052980132450332,0.13358419567262467,855120.0,32592.00722510725
D,0.03300587624862257,0.07442348008385745,0.7052980132450332,0.13463969658659924,850620.0,32309.77647324452
D,0.03301970393539514,0.0741777466759972,0.7019867549668874,0.1341772151898734,854280.0,32264.61955294649
D,0.033164631367508135,0.07450564971751412,0.6986754966887417,0.13465220165922145,853980.0,31971.09957100926
D,0.03317486344797847,0.07463742483197736,0.6986754966887417,0.13486736976669864,853080.0,31914.653420636714
D,0.033301786134606,0.07448325017818959,0.6920529801324503,0.13449163449163448,858060.0,31677.579589072026
D,0.03339873148699645,0.0748567335243553,0.6920529801324503,0.13510019392372336,855540.0,31519.530368028903
D,0.03344418744360999,0.07512580877066859,0.6920529801324503,0.13553826199740598,853740.0,31406.63806728381
D,0.033598115113063605,0.0758345428156749,0.6920529801324503,0.1366906474820144,849060.0,31113.11808534658
D,0.03359946222620468,0.0758345428156749,0.6920529801324503,0.1366906474820144,849060.0,31113.11808534658
D,0.033836322277324894,0.07576866764275256,0.6854304635761589,0.1364535266974291,853500.0,30842.176563558365
D,0.03394854824337186,0.07607497243660419,0.6854304635761589,0.13695004961958318,851520.0,30717.995032738767
D,0.034016570923540185,0.07578558225508318,0.6788079470198676,0.13634852011972065,857400.0,30537.367351546625
D,0.03420564590046954,0.07629326386304429,0.6788079470198676,0.13716962194713953,854160.0,30334.161210205464
D,0.03429141322598977,0.07620470676129996,0.6754966887417219,0.13695871097683787,856740.0,30221.268909460374
D,0.034444075725834924,0.07654600301659126,0.6721854304635762,0.13744075829383887,856620.0,29939.038157597653
D,0.03444920562009473,0.07657487740475293,0.6721854304635762,0.1374873010497799,856440.0,29927.748927523146
D,0.03465832597747214,0.07654226961157654,0.6655629139072847,0.1372950819672131,860700.0,29645.518175660418
D,0.03471703912237168,0.07686424474187381,0.6655629139072847,0.13781282139184092,858720.0,29521.336644840823
D,0.034837575875423916,0.07727797001153403,0.6655629139072847,0.13847743713399932,856200.0,29363.287423797698
D,0.035006024167717656,0.07745933384972889,0.6622516556291391,0.13869625520110956,857160.0,29148.79205238203
D,0.0350359210094203,0.07731157731157731,0.6589403973509934,0.1383866481223922,860100.0,29058.478211785954
D,0.03519075630932548,0.0769835035349568,0.6490066225165563,0.13764044943820225,868200.0,28742.379769699706
D,0.03519251281933245,0.07701375245579568,0.6490066225165563,0.1376887952230418,868020.0,28731.0905396252
D,0.03540338502583239,0.07771609833465504,0.6490066225165563,0.1388101983002833,863880.0,28471.43824791149
D,0.035497408368989715,0.07808764940239044,0.6490066225165563,0.13940256045519203,861720.0,28335.967487017384
D,0.03561207872521507,0.07846277021617294,0.6490066225165563,0.13999999999999999,859560.0,28200.49672612328
D,0.03581605375192468,0.07878787878787878,0.6456953642384106,0.14043932301044293,859800.0,27940.844434409573
D,0.03584322938104885,0.07891541885876163,0.6456953642384106,0.140641904075009,859080.0,27895.687514111538
D,0.03604381660432384,0.07975460122699386,0.6456953642384106,0.14197306152165998,854400.0,27602.167532174306
D,0.0361312060574318,0.07995079950799508,0.6456953642384106,0.14228383801532288,853320.0,27534.43215172725
D,0.036332450678104616,0.08071192052980132,0.6456953642384106,0.14348785871964678,849180.0,27274.779860013547
D,0.036470715566856264,0.0802828618968386,0.6390728476821192,0.1426459719142646,855780.0,27139.30909911944
D,0.03665371751750951,0.0807193642827269,0.6390728476821192,0.14333457111028594,853440.0,26992.549108150826
D,0.036839644131676744,0.08062473617560152,0.6324503311258278,0.1430175964058405,858240.0,26744.186046511626
D,0.036868837261593616,0.08069286016054077,0.6324503311258278,0.14312476582989883,857880.0,26721.60758636261
D,0.037127409673317666,0.08073472874839813,0.6258278145695364,0.14301929625425652,861960.0,26428.08760442538
D,0.03718351012378189,0.08097686375321336,0.6258278145695364,0.1433990895295903,860700.0,26349.062993903815
D,0.03735769214777302,0.08113940440224428,0.6225165562913907,0.14356624665903014,862020.0,26157.146082637162
D,0.0375040370081638,0.08133971291866028,0.6192052980132451,0.1437908496732026,863160.0,25953.939941296005
D,0.037603571562603307,0.08162374508948057,0.6192052980132451,0.14423447743925955,861720.0,25863.626100699934
D,0.03789014848731754,0.08259717314487633,0.6192052980132451,0.14575214341387374,856860.0,25558.81688868819
D,0.037891196317503845,0.0826336721166593,0.6192052980132451,0.14580896686159844,856680.0,25547.527658613682
D,0.03816621397217728,0.08359409924005365,0.6192052980132451,0.14730208743599843,852000.0,25254.00767667645
D,0.03823913950452912,0.08348294434470377,0.6158940397350994,0.14703557312252963,854760.0,25152.404606005868
D,0.03832932003634535,0.08367254635911352,0.6125827814569537,0.14723438121766813,856080.0,24960.48769473922
D,0.03846995599810025,0.08344733242134063,0.6059602649006622,0.1466933867735471,861600.0,24757.281553398057
D,0.03857566835253985,0.08333333333333333,0.6026490066225165,0.14641995172968622,864360.0,24655.67848272748
D,0.03879252946730411,0.08433734939759036,0.6026490066225165,0.14796747967479673,859680.0,24362.158500790247
D,0.03881082649240939,0.08441558441558442,0.6026490066225165,0.14808787632221318,859320.0,24339.580040641227
D,0.03898213734738963,0.0848968105065666,0.5993377483443708,0.1487263763352506,859380.0,24068.638518853015
D,0.03904742104457772,0.08529688972667294,0.5993377483443708,0.14933993399339934,857580.0,23955.746218107925
D,0.03916651162500253,0.08586337760910816,0.5993377483443708,0.15020746887966804,855060.0,23797.6969970648
D,0.03940966269574611,0.08576904647819837,0.5927152317880795,0.1498534951862704,860040.0,23560.623165500114
D,0.03943035939396928,0.08589251439539347,0.5927152317880795,0.15004191114836546,859500.0,23526.755475276586
D,0.039678058601907866,0.08689320388349514,0.5927152317880795,0.15156646909398816,855180.0,23255.81395348837
D,0.03980994370598156,0.08723196881091617,0.5927152317880795,0.15208156329651656,853740.0,23165.5001128923
D,0.039991259873849806,0.08791748526522593,0.5927152317880795,0.15312232677502138,850860.0,22984.872431700158
D,0.040225804763742705,0.08824987605354487,0.5894039735099338,0.15351444588184562,851820.0,22770.37706028449
D,0.04033180043207852,0.08864541832669323,0.5894039735099338,0.15411255411255412,850200.0,22668.773989613906
D,0.04065811131790721,0.08879919273461151,0.5827814569536424,0.15411558669001751,854280.0,22375.254007676675
D,0.04065886490877099,0.08879919273461151,0.5827814569536424,0.15411558669001751,854280.0,22375.254007676675
D,0.04093252795260349,0.08942258559018906,0.5794701986754967,0.15493581230633022,854160.0,22093.023255813954
D,0.04104110200351369,0.08885464817668208,0.5728476821192053,0.15384615384615385,861120.0,21980.130955068864
D,0.041251195305627014,0.08973029045643154,0.5728476821192053,0.15515695067264576,857700.0,21765.635583653195
D,0.04159409903353446,0.09000523286237572,0.5695364238410596,0.15544509715318572,859020.0,21573.718672386545
D,0.041736304058970344,0.09033613445378151,0.5695364238410596,0.1559383499546691,857760.0,21494.69406186498
D,0.04199960860259026,0.09100585417775413,0.5662251655629139,0.156808803301238,857640.0,21212.46331000226
D,0.042013259348218215,0.09115138592750532,0.5662251655629139,0.15702479338842973,857100.0,21178.59561977873
D,0.04226933281184445,0.09125269978401727,0.5596026490066225,0.15691736304549672,861540.0,20907.654097990515
D,0.04240357254761817,0.09125475285171103,0.5562913907284768,0.15678954736350909,863940.0,20783.47256717092
D,0.04254568714134326,0.0914567360350493,0.5529801324503312,0.1569548872180451,865620.0,20614.134116053283
D,0.04287038134591826,0.09080841638981174,0.543046357615894,0.1555977229601518,875160.0,20388.349514563106
D,0.04291398032816355,0.0904048807542984,0.5397350993377483,0.15486935866983373,879000.0,20354.48182433958
D,0.04314746276813806,0.09111361079865017,0.5364238410596026,0.15576923076923077,878880.0,20072.251072476858
D,0.04322920293269595,0.09152542372881356,0.5364238410596026,0.1563706563706564,877440.0,19981.937231880787
D,0.043493006512113755,0.09127210496292071,0.5298013245033113,0.15571776155717762,883140.0,19790.020320614134
D,0.04367054465261819,0.0904899135446686,0.5198675496688742,0.15414825724104075,893040.0,19586.814179272973
D,0.04382285744101632,0.09085648148148148,0.5198675496688742,0.15467980295566502,891780.0,19507.78956875141
D,0.04406916112145118,0.0916030534351145,0.5165562913907285,0.15561097256857853,891660.0,19225.55881688869
D,0.04407290097304816,0.09176470588235294,0.5165562913907285,0.15584415584415584,891120.0,19191.691126665162
D,0.044443809801895245,0.09177592371871275,0.5099337748344371,0.15555555555555553,895920.0,18943.328065025966
D,0.04456804121625398,0.0918918918918919,0.5066225165562914,0.15556685307574988,897960.0,18796.568074057348
D,0.04477031962231092,0.09206541490006057,0.5033112582781457,0.155657962109575,899820.0,18638.518853014226
D,0.04502161683586356,0.09269490484960098,0.5,0.15639564992232005,900240.0,18390.15579137503
D,0.04505546972587586,0.09298029556650246,0.5,0.15680166147455868,899340.0,18333.709641002482
D,0.045325810086181126,0.09193245778611632,0.4867549668874172,0.15465544450289323,912360.0,18051.478889139762
D,0.0454025038632966,0.09222082810539524,0.4867549668874172,0.1550632911392405,911460.0,17995.032738767215
D,0.04574161171917292,0.09275730622617535,0.48344370860927155,0.1556503198294243,912240.0,17769.248137277038
D,0.045847731066355,0.09300833867864015,0.48013245033112584,0.15583019881783988,913920.0,17599.909686159404
D,0.04593486579556116,0.09302325581395349,0.4768211920529801,0.1556756756756757,916320.0,17475.728155339806
D,0.04628502891500425,0.09448818897637795,0.4768211920529801,0.15772179627601313,912000.0,17204.78663355159
D,0.04632042998033762,0.09414088215931533,0.4735099337748344,0.15705656232839096,915480.0,17148.340483179047
D,0.04659177838535474,0.09431438127090301,0.46688741721854304,0.15692821368948248,919920.0,16877.398961390834
D,0.04665920645323368,0.09469442578912021,0.46688741721854304,0.1574539363484087,918840.0,16809.66358094378
D,0.046950784277396705,0.09462219196732471,0.4602649006622517,0.15697346132128742,924000.0,16583.878979453602
D,0.04709259745511804,0.09497591190640055,0.45695364238410596,0.15726495726495726,925500.0,16403.25129826146
D,0.047204726491855836,0.09487534626038781,0.45364238410596025,0.15693012600229095,928260.0,16301.648227590878
D,0.04775804945019783,0.09513742071881606,0.4470198675496689,0.15688553166763508,932520.0,16019.417475728156
D,0.04775866834840811,0.09520451339915374,0.4470198675496689,0.1569767441860465,932340.0,16008.128245653646
D,0.048125751295851595,0.09345794392523364,0.4304635761589404,0.1535735380980508,949380.0,15703.319033641905
D,0.04820147982767065,0.09327548806941431,0.4271523178807947,0.15311572700296736,952320.0,15613.005193045834
D,0.04836908088998363,0.093841642228739,0.423841059602649,0.15366146458583435,953280.0,15398.509821630167
D,0.04860283140898688,0.09495548961424333,0.423841059602649,0.15515151515151515,950400.0,15217.882140438021
D,0.04878551442090925,0.09505988023952096,0.4205298013245033,0.15506715506715504,952620.0,15082.411379543913
D,0.049121768401714554,0.09444021325209444,0.4105960264900662,0.15356037151702787,961620.0,14822.759087830209
D,0.049139702424244605,0.09458428680396644,0.4105960264900662,0.15375077495350278,961260.0,14800.180627681191
D,0.049389537220980856,0.09571984435797666,0.40728476821192056,0.15500945179584122,960960.0,14506.66064574396
D,0.04949499768691966,0.09631949882537197,0.40728476821192056,0.155794806839772,959520.0,14416.346805147889
D,0.04987262416527852,0.09682539682539683,0.40397350993377484,0.15620998719590268,960840.0,14224.429893881237
D,0.05027887507386311,0.09822866344605476,0.40397350993377484,0.15803108808290156,957600.0,14021.223752540076
D,0.05039953040642838,0.09862570735650768,0.40397350993377484,0.1585445094217024,956700.0,13964.777602167533
D,0.05081465776995261,0.10107705053852527,0.40397350993377484,0.1616964877402253,951300.0,13626.100699932264
D,0.0508630535816979,0.1011608623548922,0.40397350993377484,0.16180371352785144,951120.0,13614.811469857754
D,0.05131148364777339,0.10076206604572396,0.39403973509933776,0.1604855023600809,959760.0,13332.580717995032
D,0.05143453250706079,0.1015358361774744,0.39403973509933776,0.1614654002713704,958140.0,13230.977647324451
D,0.05170687467748878,0.10207612456747404,0.39072847682119205,0.16186556927297666,959640.0,13050.34996613231
D,0.052075976767340354,0.10211267605633803,0.3841059602649007,0.16133518776077885,964800.0,12824.565364642132
D,0.05223531393807393,0.10256410256410256,0.3841059602649007,0.16189811584089323,963900.0,12768.119214269589
D,0.05258743028231839,0.10298102981029811,0.37748344370860926,0.1618168914123492,968340.0,12497.177692481373
D,0.05264404835723886,0.10354223433242507,0.37748344370860926,0.16250890947968638,967260.0,12429.44231203432
D,0.052931644762054184,0.10526315789473684,0.37748344370860926,0.16462093862815882,964020.0,12226.236170693159
D,0.05326157800047601,0.10600375234521577,0.3741721854304636,0.1652046783625731,965340.0,12034.319259426507
D,0.0534583516396685,0.10606060606060606,0.3708609271523179,0.16494845360824742,967920.0,11921.426958681417
D,0.054098848054651476,0.10852713178294573,0.3708609271523179,0.1679160419790105,963600.0,11650.485436893205
D,0.05410905871361432,0.10863239573229874,0.3708609271523179,0.16804201050262565,963420.0,11639.196206818695
D,0.05454865106223947,0.11022840119165839,0.3675496688741722,0.16959511077158135,963480.0,11368.25468503048
D,0.05472333068147158,0.11144578313253012,0.3675496688741722,0.17103235747303544,961500.0,11244.073154210882
D,0.05518389980773785,0.11213047910295616,0.36423841059602646,0.17147310989867498,963180.0,11074.734703093249
D,0.055577129551714226,0.11458333333333333,0.36423841059602646,0.17432646592709986,959400.0,10837.660871528562
D,0.05565111873272414,0.11530398322851153,0.36423841059602646,0.1751592356687898,958320.0,10769.925491081509
D,0.0562868213911495,0.11745689655172414,0.3609271523178808,0.1772357723577236,958020.0,10476.405509144277
D,0.05635338029096481,0.11675675675675676,0.3576158940397351,0.17603911980440098,961860.0,10442.53781892075
D,0.056834543279125044,0.11836283185840708,0.3543046357615894,0.17744610281923717,962460.0,10205.463987356063
D,0.05725637735732644,0.12022471910112359,0.3543046357615894,0.17953020134228187,959940.0,10047.414766312937
D,0.05748772005423607,0.1215909090909091,0.3543046357615894,0.18104906937394247,958140.0,9934.522465567848
D,0.05841166596691869,0.1239766081871345,0.3509933774834437,0.1832324978392394,958020.0,9652.291713705126
D,0.05842319253200386,0.1239766081871345,0.3509933774834437,0.1832324978392394,958020.0,9652.291713705126
D,0.059153196309541536,0.12665862484921592,0.347682119205298,0.18567639257294427,957720.0,9358.771731767894
D,0.059449142725979114,0.12804878048780488,0.347682119205298,0.18716577540106952,956100.0,9257.168661097314
D,0.06022777393981269,0.12795031055900621,0.34105960264900664,0.1860885275519422,962160.0,9087.830209979678
D,0.061539745315366365,0.13010204081632654,0.33774834437086093,0.1878453038674033,962760.0,8850.756378414992
D,0.06176767545017217,0.13060179257362356,0.33774834437086093,0.1883656509695291,962220.0,8816.888688191466
D,0.06287684699256946,0.13112582781456952,0.32781456953642385,0.18732261116367077,970680.0,8523.368706254234
D,0.06301247812068307,0.1321762349799733,0.32781456953642385,0.18839200761179828,969600.0,8455.633325807179
D,0.06448600204420886,0.1304945054945055,0.31456953642384106,0.18446601941747573,983340.0,8218.559494242492
D,0.06540964799923954,0.13025210084033614,0.3079470198675497,0.18307086614173232,989580.0,8060.5102731993675
D,0.06585565927091339,0.13229018492176386,0.3079470198675497,0.18507462686567164,987600.0,7936.328742379769
D,0.06709895513479977,0.1325478645066274,0.2980132450331126,0.18348623853211007,996420.0,7665.387220591556
D,0.06713232063518348,0.13274336283185842,0.2980132450331126,0.1836734693877551,996240.0,7654.097990517046
D,0.06864105619234848,0.13608562691131498,0.2947019867549669,0.18619246861924685,996300.0,7383.156468728833
D,0.06940798822693149,0.1368584758942457,0.2913907284768212,0.1862433862433862,998700.0,7258.9749379092345
D,0.07041388839720172,0.13672496025437203,0.2847682119205298,0.18474758324382384,1004940.0,7100.925716866109
D,0.07195097817262146,0.13980263157894737,0.2814569536423841,0.18681318681318684,1005540.0,6863.851885301422
D,0.07228619018743852,0.1378737541528239,0.27483443708609273,0.18362831858407078,1013220.0,6796.116504854369
D,0.07414423039156633,0.14211438474870017,0.271523178807947,0.18657565415244595,1013100.0,6513.885752991647
D,0.07452215244975126,0.1431064572425829,0.271523178807947,0.18742857142857142,1012380.0,6468.72883269361
D,0.07642863312412748,0.148014440433213,0.271523178807947,0.19158878504672897,1008960.0,6254.2334612779405
D,0.07741281249957956,0.1524163568773234,0.271523178807947,0.19523809523809524,1006080.0,6073.605780085798
D,0.07811642626696741,0.1553030303030303,0.271523178807947,0.19759036144578312,1004280.0,5960.713479340709
D,0.08025604856736716,0.1626984126984127,0.271523178807947,0.20347394540942929,999960.0,5689.771957552494
D,0.08032354167863939,0.16302186878727634,0.271523178807947,0.20372670807453414,999780.0,5678.482727477986
D,0.08165191869200893,0.1683991683991684,0.2682119205298013,0.20689655172413793,1000200.0,5430.11966583879
D,0.08256971433726655,0.1670235546038544,0.2582781456953642,0.20286085825747724,1010820.0,5272.070444795665
D,0.08333378104507978,0.17105263157894737,0.2582781456953642,0.2058047493403694,1008840.0,5147.888913976067
D,0.08593692816282686,0.17782909930715934,0.25496688741721857,0.20952380952380953,1009080.0,4888.236622262361
D,0.08598784196223692,0.17592592592592593,0.25165562913907286,0.20708446866485014,1013280.0,4876.9473921878525
D,0.08924482749543292,0.18337408312958436,0.24834437086092714,0.21097046413502113,1013520.0,4617.295100474147
D,0.09143787412116124,0.1889168765743073,0.24834437086092714,0.2145922746781116,1011360.0,4481.824339580041
D,0.09289390641359488,0.195822454308094,0.24834437086092714,0.21897810218978103,1008840.0,4323.775118536915
D,0.09610232197619223,0.19889502762430938,0.23841059602649006,0.21686746987951808,1018200.0,4086.701286972228
D,0.09671758860879297,0.2,0.23841059602649006,0.21752265861027192,1017840.0,4064.1228268232103
D,0.10149375376137595,0.2125748502994012,0.23509933774834438,0.22327044025157233,1017540.0,3770.6028448859784
D,0.10273109658726041,0.21712538226299694,0.23509933774834438,0.22575516693163752,1016280.0,3691.5782343644164
D,0.10471614962615816,0.22580645161290322,0.23178807947019867,0.22875816993464052,1017600.0,3499.661323097765
D,0.10776788918264069,0.24054982817869416,0.23178807947019867,0.23608768971332209,1014180.0,3285.165951682095
D,0.10896666139256866,0.24210526315789474,0.22847682119205298,0.23509369676320271,1017480.0,3217.4305712350415
D,0.11474873725963305,0.2596899224806202,0.22185430463576158,0.2392857142857143,1021380.0,2912.621359223301
D,0.1149435481048878,0.26171875,0.22185430463576158,0.24014336917562723,1021020.0,2890.042899074283
D,0.12268383807214546,0.2801724137931034,0.2152317880794702,0.24344569288389512,1025460.0,2619.1013772860692
D,0.1274651780234871,0.29411764705882354,0.2152317880794702,0.248565965583174,1023480.0,2494.919846466471
D,0.13250523539300055,0.3062200956937799,0.2119205298013245,0.25048923679060664,1025700.0,2359.449085572364
D,0.13955825586595239,0.3333333333333333,0.2052980132450331,0.25409836065573765,1030320.0,2099.796793858659
D,0.14294601799062154,0.3370165745856354,0.20198675496688742,0.2525879917184265,1033800.0,2043.350643486114
D,0.15391608741944252,0.36075949367088606,0.18874172185430463,0.24782608695652172,1047180.0,1783.698351772409
D,0.15683366996832773,0.37333333333333335,0.18543046357615894,0.24778761061946902,1050120.0,1693.384511176338
D,0.1664504485693325,0.4,0.17218543046357615,0.24074074074074073,1064040.0,1467.5999096861594
D,0.17991512862516723,0.40869565217391307,0.15562913907284767,0.22541966426858515,1083240.0,1298.2614585685255
D,0.1834093140380386,0.4392523364485981,0.15562913907284767,0.22982885085574573,1081800.0,1207.9476179724543
D,0.20943963706211866,0.4878048780487805,0.13245033112582782,0.20833333333333334,1107960.0,925.7168661097313
D,0.21494656201444962,0.5,0.13245033112582782,0.20942408376963353,1107600.0,903.1384059607135
D,0.27071932591627307,0.6727272727272727,0.12251655629139073,0.20728291316526612,1116240.0,620.9076540979905
D,0.2969937574536609,0.7391304347826086,0.11258278145695365,0.1954022988505747,1127760.0,519.3045834274102
D,0.3567008029762298,0.7666666666666667,0.076158940397351,0.13855421686746988,1173060.0,338.67690223526756
D,0.6794765282946537,0.75,0.009933774834437087,0.0196078431372549,1255980.0,45.15692029803567
A_V6_control,0.00035662023998519495,0.034093474825016935,1.0,0.06593886462882095,1540080.0,100000.0
A_V6_control,0.000564273720453588,0.03418996943280878,1.0,0.06611932129173509,1535580.0,99717.76924813728
A_V6_control,0.0006213573080671701,0.034267559287416316,1.0,0.06626439934174438,1531980.0,99491.9846466471
A_V6_control,0.0006319392131394532,0.034287011807447774,1.0,0.06630076838638858,1531080.0,99435.53849627456
A_V6_control,0.0006836956528766637,0.034384606626437435,1.0,0.06648321408915794,1526580.0,99153.30774441184
A_V6_control,0.0006887089044784655,0.03440419229892914,1.0,0.06651982378854625,1525680.0,99096.86159403929
A_V6_control,0.0007269449707049413,0.034482758620689655,1.0,0.06666666666666667,1522080.0,98871.07699254912
A_V6_control,0.0007374329308230596,0.034541919249685464,1.0,0.06677722498618022,1519380.0,98701.73854143148
A_V6_control,0.000756075009781425,0.03458147257528913,1.0,0.06685113447703375,1517580.0,98588.84624068638
A_V6_control,0.000786106012077738,0.034680753330271014,1.0,0.06703662597114317,1513080.0,98306.61548882366
A_V6_control,0.0007861373079364135,0.034680753330271014,1.0,0.06703662597114317,1513080.0,98306.61548882366
A_V6_control,0.0008176750932680977,0.034780605781411955,1.0,0.06722314969393434,1508580.0,98024.38473696093
A_V6_control,0.0008286264635802531,0.03470940959409594,0.9966887417218543,0.06708268330733229,1510980.0,97900.20320614135
A_V6_control,0.0008417604418956816,0.03476553476553477,0.9966887417218543,0.06718750000000001,1508460.0,97742.15398509821
A_V6_control,0.0008684376419201708,0.03485006367951835,0.9966887417218543,0.06734534064212999,1504680.0,97505.08015353353
A_V6_control,0.0008743551304076037,0.03486621105061972,0.9966887417218543,0.06737548964745384,1503960.0,97459.92323323549
A_V6_control,0.000897329762269485,0.034967472118959106,0.9966887417218543,0.06756453423120089,1499460.0,97177.69248137277
A_V6_control,0.0009041074160069267,0.03499186235759126,0.9966887417218543,0.06761006289308176,1498380.0,97109.95710092572
A_V6_control,0.000921457070282036,0.03506932308050798,0.9966887417218543,0.06775464265616207,1494960.0,96895.46172951005
A_V6_control,0.0009425616987226443,0.03513481965682269,0.9966887417218543,0.06787687450670876,1492080.0,96714.8340483179
A_V6_control,0.0009536410049210775,0.035171769104931055,0.9966887417218543,0.06794582392776523,1490460.0,96613.23097764733
A_V6_control,0.0009849695747580901,0.03527481542247744,0.9966887417218543,0.06813808715336729,1485960.0,96331.0002257846
A_V6_control,0.000987044465927637,0.035283085218614466,0.9966887417218543,0.0681535152269897,1485600.0,96308.42176563559
A_V6_control,0.0010100742309547873,0.03537846732487071,0.9966887417218543,0.06833144154370036,1481460.0,96048.76947392189
A_V6_control,0.0010206308431660802,0.03542843691148776,0.9966887417218543,0.06842464196408275,1479300.0,95913.29871302778
A_V6_control,0.0010347859054949653,0.03548273016621478,0.9966887417218543,0.06852589641434263,1476960.0,95766.53872205915
A_V6_control,0.0010490946607254708,0.03557499113579955,0.9966887417218543,0.06869793449731827,1473000.0,95518.17566041996
A_V6_control,0.001051785486327816,0.03558760936391582,0.9966887417218543,0.06872146118721462,1472460.0,95484.30797019643
A_V6_control,0.001078688375690333,0.03569311039962054,0.9966887417218543,0.06891814539210074,1467960.0,95202.07721833371
A_V6_control,0.0010894125424398841,0.03572276287680987,0.9966887417218543,0.06897341888175985,1466700.0,95123.05260781215
A_V6_control,0.0010995320755752987,0.03579923882017127,0.9966887417218543,0.06911595866819749,1463460.0,94919.84646647099
A_V6_control,0.001118679428932037,0.03587176736980098,0.9966887417218543,0.0692511215920856,1460400.0,94727.92955520433
A_V6_control,0.0011266279376376863,0.035906000238578074,0.9966887417218543,0.06931491076568796,1458960.0,94637.61571460826
A_V6_control,0.0011531298959960672,0.036013400335008376,0.9966887417218543,0.0695150115473441,1454460.0,94355.38496274553
A_V6_control,0.0011539411241992983,0.036026331538001194,0.9966887417218543,0.06953910130530205,1453920.0,94321.51727252202
A_V6_control,0.0011731024192253,0.03612144485779431,0.9966887417218543,0.06971627099015633,1449960.0,94073.15421088281
A_V6_control,0.0011870906746450265,0.03617788461538462,0.9966887417218543,0.06982138714915334,1447620.0,93926.3942199142
A_V6_control,0.001204096831779688,0.036230139624458355,0.9966887417218543,0.06991869918699188,1445460.0,93790.9234590201
A_V6_control,0.0012157597707520857,0.036330718165359085,0.9966887417218543,0.07010597414696636,1441320.0,93531.27116730639
A_V6_control,0.0012176726574180962,0.03633949052275746,0.9966887417218543,0.0701223063482819,1440960.0,93508.69270715737
A_V6_control,0.0012396662156130358,0.03644950351174619,0.9966887417218543,0.07032710280373833,1436460.0,93226.46195529465
A_V6_control,0.0012458450403461385,0.03648484848484849,0.9966887417218543,0.07039289055191769,1435020.0,93136.14811469858
A_V6_control,0.0012620013451299869,0.036560184622859225,0.9966887417218543,0.07053309900410076,1431960.0,92944.23120343193
A_V6_control,0.001275659499103502,0.03664029214850883,0.9966887417218543,0.07068216508160151,1428720.0,92741.02506209076
A_V6_control,0.0012789449010538107,0.03667153996101365,0.9966887417218543,0.07074030552291422,1427460.0,92662.0004515692
A_V6_control,0.0013009307304104563,0.036783575705731396,0.9966887417218543,0.07094873305833824,1422960.0,92379.76969970648
A_V6_control,0.0013032674160551845,0.036801564983494316,0.9966887417218543,0.07098219549581417,1422240.0,92334.61277940845
A_V6_control,0.001322366149105066,0.03689629811228242,0.9966887417218543,0.07115839243498819,1418460.0,92097.53894784376
A_V6_control,0.0013408257520498071,0.036959724950884086,0.9966887417218543,0.07127634383139948,1415940.0,91939.48972680063
A_V6_control,0.001356459893612286,0.03700971351284889,0.9966887417218543,0.07136929460580912,1413960.0,91815.30819598104
A_V6_control,0.0013811110368725215,0.03711925021580959,0.9966887417218543,0.07157294019736059,1409640.0,91544.36667419282
A_V6_control,0.0013814880465196973,0.037123828317710904,0.9966887417218543,0.07158145065398336,1409460.0,91533.07744411832
A_V6_control,0.0014019930194033444,0.03723864901645429,0.9966887417218543,0.07179487179487179,1404960.0,91250.84669225558
A_V6_control,0.0014125991658576332,0.03728015853356453,0.9966887417218543,0.07187201528175739,1403340.0,91149.243621585
A_V6_control,0.0014292028049209923,0.03735418217920079,0.9966887417218543,0.07200956937799043,1400460.0,90968.61594039286
A_V6_control,0.0014450849417239264,0.03744712615078378,0.9966887417218543,0.07218225419664269,1396860.0,90742.83133890269
A_V6_control,0.0014502268871067476,0.03747043445786132,0.9966887417218543,0.0722255548890222,1395960.0,90686.38518853014
A_V6_control,0.0014754469888334026,0.037587412587412584,0.9966887417218543,0.0724428399518652,1391460.0,90404.15443666742
A_V6_control,0.00148321373879315,0.03761089591403224,0.9966887417218543,0.07248645394340758,1390560.0,90347.70828629487
A_V6_control,0.0015052068566278024,0.037705123387197795,0.9966887417218543,0.07266143633071817,1386960.0,90121.9236848047
A_V6_control,0.0015232071674893093,0.03777610441767068,0.9966887417218543,0.07279322853688028,1384260.0,89952.58523368706
A_V6_control,0.0015374740434646544,0.03782357376225182,0.9966887417218543,0.07288135593220339,1382460.0,89839.69293294197
A_V6_control,0.0015697575871146292,0.037942770704651456,0.9966887417218543,0.07310261080752885,1377960.0,89557.46218107925
A_V6_control,0.0015703178769018245,0.037942770704651456,0.9966887417218543,0.07310261080752885,1377960.0,89557.46218107925
A_V6_control,0.0015959076946408949,0.03806272129489125,0.9966887417218543,0.0733252131546894,1373460.0,89275.23142921652
A_V6_control,0.0016048071389304444,0.0381109141554824,0.9966887417218543,0.07341463414634146,1371660.0,89162.33912847143
A_V6_control,0.001621029038656566,0.03818343270328555,0.9966887417218543,0.07354917532070862,1368960.0,88993.0006773538
A_V6_control,0.0016391296587119012,0.03828542355634699,0.9966887417218543,0.07373836354728075,1365180.0,88755.92684578912
A_V6_control,0.0016449593440094864,0.038304912191397304,0.9966887417218543,0.07377450980392157,1364460.0,88710.76992549108
A_V6_control,0.0016735214762086453,0.03842716711349419,0.9966887417218543,0.07400122925629994,1359960.0,88428.53917362836
A_V6_control,0.0016776458132043558,0.03845662450491887,0.9966887417218543,0.07405584942797393,1358880.0,88360.8037931813
A_V6_control,0.001707724215160917,0.038550204918032786,0.9966887417218543,0.07422934648581998,1355460.0,88146.30842176564
A_V6_control,0.0017175448220173933,0.03862936344969199,0.9966887417218543,0.07437608104768964,1352580.0,87965.68074057349
A_V6_control,0.0017252802226769798,0.03867403314917127,0.9966887417218543,0.07445887445887446,1350960.0,87864.07766990292
A_V6_control,0.0017488777533378724,0.03879865944831142,0.9966887417218543,0.07468982630272952,1346460.0,87581.84691804019
A_V6_control,0.0017498415310145613,0.03880366120923037,0.9966887417218543,0.07469909418041941,1346280.0,87570.55768796567
A_V6_control,0.0017704235946027441,0.038924091555670504,0.9966887417218543,0.07492221530802738,1341960.0,87299.61616617747
A_V6_control,0.0017810305804546235,0.03897953897953898,0.9966887417218543,0.07502492522432702,1339980.0,87175.43463535787
A_V6_control,0.001800349573962794,0.03905033731188376,0.9966887417218543,0.07515605493133584,1337460.0,87017.38541431475
A_V6_control,0.001824085769702622,0.039162112932604735,0.9966887417218543,0.07536304456685028,1333500.0,86769.02235267556
A_V6_control,0.0018286901866834259,0.03917740465963816,0.9966887417218543,0.07539135879774578,1332960.0,86735.15466245201
A_V6_control,0.001853364127452704,0.03930530164533821,0.9966887417218543,0.07562814070351759,1328460.0,86452.92391058929
A_V6_control,0.0018632468514966124,0.039341262580054895,0.9966887417218543,0.07569470640010059,1327200.0,86373.89930006773
A_V6_control,0.0018808872380878144,0.039434036420804404,0.9966887417218543,0.07586641461877756,1323960.0,86170.69315872657
A_V6_control,0.0018980562238592627,0.03952205882352941,0.9966887417218543,0.07602930032836576,1320900.0,85978.77624745991
A_V6_control,0.0019076735620115178,0.039563617245005255,0.9966887417218543,0.07610619469026549,1319460.0,85888.46240686385
A_V6_control,0.0019345695778799838,0.039694052485823555,0.9966887417218543,0.07634749524413445,1314960.0,85606.23165500113
A_V6_control,0.0019350240518399382,0.03970452446906741,0.9966887417218543,0.07636686540657112,1314600.0,85583.65319485212
A_V6_control,0.001953353585403399,0.03982535062185764,0.9966887417218543,0.07659033078880408,1310460.0,85324.00090313841
A_V6_control,0.001971146909561717,0.039893969516235916,0.9966887417218543,0.07671721677074039,1308120.0,85177.2409121698
A_V6_control,0.001982889361681043,0.039957520244258596,0.9966887417218543,0.07683471601786854,1305960.0,85041.77015127569
A_V6_control,0.0020102276415502767,0.040079893475366175,0.9966887417218543,0.07706093189964157,1301820.0,84782.11785956197
A_V6_control,0.00201133975247343,0.040090570058604155,0.9966887417218543,0.07708066581306017,1301460.0,84759.53939941297
A_V6_control,0.0020325350580102275,0.040224508886810104,0.9966887417218543,0.07732819524727039,1296960.0,84477.30864755024
A_V6_control,0.0020366407905651343,0.040267558528428095,0.9966887417218543,0.07740774077407742,1295520.0,84386.99480695416
A_V6_control,0.002050228438185689,0.040359345669080185,0.9966887417218543,0.07757731958762887,1292460.0,84195.07789568751
A_V6_control,0.0020666835624504947,0.04045698924731183,0.9966887417218543,0.07775768535262206,1289220.0,83991.87175434636
A_V6_control,0.00207344922392589,0.040495089465895334,0.9966887417218543,0.07782805429864252,1287960.0,83912.84714382478
A_V6_control,0.0020996172410244324,0.0406317494600432,0.9966887417218543,0.0780804150453956,1283460.0,83630.61639196206
A_V6_control,0.0021018140211580905,0.04064821066846725,0.9966887417218543,0.07811080835603997,1282920.0,83596.74870173854
A_V6_control,0.00212946024948466,0.04076933495868888,0.9966887417218543,0.07833441769681196,1278960.0,83348.38564009934
A_V6_control,0.002148150385642,0.04084679060930927,0.9966887417218543,0.07847738234910703,1276440.0,83190.33641905623
A_V6_control,0.0021595101515801216,0.040907855395487906,0.9966887417218543,0.07859007832898172,1274460.0,83066.15488823662
A_V6_control,0.002188881439770899,0.04104172347968366,0.9966887417218543,0.0788370874803562,1270140.0,82795.2133664484
A_V6_control,0.0021895449953461634,0.041047320332742394,0.9966887417218543,0.07884741322855271,1269960.0,82783.9241363739
A_V6_control,0.0022216231451265005,0.04118773946360153,0.9966887417218543,0.07910643889618924,1265460.0,82501.69338451118
A_V6_control,0.0022268053047320587,0.04123852582545554,0.9966887417218543,0.07920010524930929,1263840.0,82400.0903138406
A_V6_control,0.002241812346987225,0.04132912261430729,0.9966887417218543,0.07936717205009888,1260960.0,82219.46263264846
A_V6_control,0.00227000306840808,0.04143722466960353,0.9966887417218543,0.07956648162833732,1257540.0,82004.96726123278
A_V6_control,0.0022762942884293398,0.041471479746486635,0.9966887417218543,0.07962962962962963,1256460.0,81937.23188078574
A_V6_control,0.002307040904995374,0.04161482095949122,0.9966887417218543,0.07989382879893829,1251960.0,81655.00112892302
A_V6_control,0.0023108805611319065,0.04163784755844515,0.9966887417218543,0.07993626344442968,1251240.0,81609.84420862497
A_V6_control,0.0023313458412269616,0.0417591564927858,0.9966887417218543,0.08015978695073236,1247460.0,81372.77037706028
A_V6_control,0.0023457444711422197,0.0418462393994161,0.9966887417218543,0.08032021347565044,1244760.0,81203.43192594266
A_V6_control,0.0023629463994814357,0.04190449672838647,0.9966887417218543,0.08042752171008684,1242960.0,81090.53962519756
A_V6_control,0.0023854203598721317,0.0420508521933501,0.9966887417218543,0.0806970509383378,1238460.0,80808.30887333483
A_V6_control,0.0023867430536961805,0.0420508521933501,0.9966887417218543,0.0806970509383378,1238460.0,80808.30887333483
A_V6_control,0.0024150902047966175,0.042198233562315994,0.9966887417218543,0.08096839273705446,1233960.0,80526.0781214721
A_V6_control,0.002423860560300937,0.04225747578267584,0.9966887417218543,0.08107744107744108,1232160.0,80413.18582072703
A_V6_control,0.002441348210688042,0.04234665166010129,0.9966887417218543,0.08124156545209177,1229460.0,80243.84736960939
A_V6_control,0.002458580091823543,0.04246613995485327,0.9966887417218543,0.08146143437077132,1225860.0,80018.06276811921
A_V6_control,0.002465765986068188,0.042496117464351266,0.9966887417218543,0.08151658767772511,1224960.0,79961.61661774667
A_V6_control,0.0025056315275211617,0.04264664210824596,0.9966887417218543,0.08179347826086955,1220460.0,79679.38586588395
A_V6_control,0.00251009083620451,0.042682926829268296,0.9966887417218543,0.08186021212945338,1219380.0,79611.6504854369
A_V6_control,0.0025436278752299485,0.04279823688326461,0.9966887417218543,0.08207225630538514,1215960.0,79397.15511402123
A_V6_control,0.002558590412502618,0.042895824426393045,0.9966887417218543,0.08225167372591884,1213080.0,79216.52743282907
A_V6_control,0.002567539901677768,0.042950913242009135,0.9966887417218543,0.0823529411764706,1211460.0,79114.9243621585
A_V6_control,0.0025945251532685618,0.04310468280108836,0.9966887417218543,0.08263555250514758,1206960.0,78832.69361029578
A_V6_control,0.0025948475977533984,0.04311085648811229,0.9966887417218543,0.08264689730917078,1206780.0,78821.40438022127
A_V6_control,0.002620477205589182,0.043259557344064385,0.9966887417218543,0.08292011019283746,1202460.0,78550.46285843305
A_V6_control,0.0026308071978802497,0.043328055275658556,0.9966887417218543,0.08304593737067181,1200480.0,78426.28132761345
A_V6_control,0.0026479155914112744,0.04341554882446271,0.9966887417218543,0.08320663441603317,1197960.0,78268.23210657033
A_V6_control,0.002665359989297914,0.043547453703703706,0.9966887417218543,0.08344884945938454,1194180.0,78031.15827500564
A_V6_control,0.002669486589564625,0.04357266936884771,0.9966887417218543,0.08349514563106795,1193460.0,77986.00135470761
A_V6_control,0.0027029108816552954,0.04373093127996513,0.9966887417218543,0.083785664578984,1188960.0,77703.77060284489
A_V6_control,0.002709989786128592,0.04377545084351367,0.9966887417218543,0.08386737252716633,1187700.0,77624.74599232333
A_V6_control,0.002732603842537605,0.04389034703995334,0.9966887417218543,0.0840782122905028,1184460.0,77421.53985098217
A_V6_control,0.0027571460813640577,0.043999415290162255,0.9966887417218543,0.08427831443371131,1181400.0,77229.62293971551
A_V6_control,0.0027714013254210735,0.04405092931362505,0.9966887417218543,0.08437281009110022,1179960.0,77139.30909911943
A_V6_control,0.0027994192947478785,0.044212690951821385,0.9966887417218543,0.08466947960618847,1175460.0,76857.07834725671
A_V6_control,0.0028002712363366937,0.04422568322068763,0.9966887417218543,0.08469330332020258,1175100.0,76834.4998871077
A_V6_control,0.002826072550556979,0.04437564499484004,0.9966887417218543,0.0849682427664079,1170960.0,76574.84759539399
A_V6_control,0.0028418278693897524,0.0444542903559297,0.9966887417218543,0.08511239926480985,1168800.0,76439.37683449988
A_V6_control,0.0028577841782505076,0.044539804675939626,0.9966887417218543,0.08526912181303116,1166460.0,76292.61684353127
A_V6_control,0.002876275718533966,0.044685273159144896,0.9966887417218543,0.08553566354077864,1162500.0,76044.25378189208
A_V6_control,0.002880335402528298,0.044705183424922024,0.9966887417218543,0.08557213930348258,1161960.0,76010.38609166855
A_V6_control,0.00291185148325242,0.04487179487179487,0.9966887417218543,0.08587731811697576,1157460.0,75728.15533980583
A_V6_control,0.002918245984057565,0.04492537313432836,0.9966887417218543,0.08597543558983148,1156020.0,75637.84149920975
A_V6_control,0.0029463663815386563,0.04503965285051623,0.9966887417218543,0.086184681460272,1152960.0,75445.9245879431
A_V6_control,0.002962727541165539,0.04486121530382595,0.9900662251655629,0.08583321372183148,1158480.0,75242.71844660194
A_V6_control,0.0029719722270805664,0.04490838089516371,0.9900662251655629,0.08591954022988506,1157220.0,75163.69383608038
A_V6_control,0.0030006121757835845,0.04507764209256747,0.9900662251655629,0.08622927180966114,1152720.0,74881.46308421766
A_V6_control,0.0030043538086142745,0.045098039215686274,0.9900662251655629,0.086266589728794,1152180.0,74847.59539399412
A_V6_control,0.0030242212843559504,0.04524818401937046,0.9900662251655629,0.08654124457308249,1148220.0,74599.23233235494
A_V6_control,0.003052027356219882,0.04533737680060652,0.9900662251655629,0.08670436421632592,1145880.0,74452.47234138632
A_V6_control,0.0030746013584188143,0.04542002126689959,0.9900662251655629,0.08685548293391429,1143720.0,74317.00158049221
A_V6_control,0.003116459293074802,0.04558621741119073,0.9900662251655629,0.08715930622358256,1139400.0,74046.060058704
A_V6_control,0.0031194167233807857,0.04559316864897835,0.9900662251655629,0.08717201166180756,1139220.0,74034.7708286295
A_V6_control,0.003155393389028575,0.04576764120618399,0.9900662251655629,0.08749085588880762,1134720.0,73752.54007676676
A_V6_control,0.0031763434838773764,0.04583077866339669,0.9900662251655629,0.08760621154409609,1133100.0,73650.93700609618
A_V6_control,0.003200789351660368,0.04594345421020283,0.9900662251655629,0.08781204111600588,1130220.0,73470.30932490404
A_V6_control,0.003229068171244236,0.04607797811681307,0.9900662251655629,0.0880577234575173,1126800.0,73255.81395348837
A_V6_control,0.0032330803391881708,0.04612062316828629,0.9900662251655629,0.08813559322033898,1125720.0,73188.07857304132
A_V6_control,0.0032598957800021523,0.04629916382781047,0.9900662251655629,0.08846153846153847,1121220.0,72905.8478211786
A_V6_control,0.003265825732790124,0.046327858692283855,0.9900662251655629,0.08851391355831853,1120500.0,72860.69090088057
A_V6_control,0.003296901832616061,0.04647909218094202,0.9900662251655629,0.08878990348923534,1116720.0,72623.61706931588
A_V6_control,0.003311116019573575,0.04658046424676741,0.9900662251655629,0.08897485493230174,1114200.0,72465.56784827275
A_V6_control,0.0033243586652737115,0.046660424469413236,0.9900662251655629,0.08912071535022356,1112220.0,72341.38631745314
A_V6_control,0.003356881915990101,0.04684317718940937,0.9900662251655629,0.08945400149588631,1107720.0,72059.15556559042
A_V6_control,0.003357519058173753,0.04684317718940937,0.9900662251655629,0.08945400149588631,1107720.0,72059.15556559042
A_V6_control,0.0033812019852029972,0.04702736709657125,0.9900662251655629,0.0897897897897898,1103220.0,71776.9248137277
A_V6_control,0.003390154195158699,0.04710144927536232,0.9900662251655629,0.08992481203007517,1101420.0,71664.03251298261
A_V6_control,0.003407004156410542,0.047213011211116374,0.9900662251655629,0.09012810851544839,1098720.0,71494.69406186498
A_V6_control,0.003431722089753014,0.04736258514177095,0.9900662251655629,0.09040060468631896,1095120.0,71268.90946037481
A_V6_control,0.0034391064252402128,0.0474001268230818,0.9900662251655629,0.09046898638426626,1094220.0,71212.46331000226
A_V6_control,0.003472894411197021,0.04758873149769219,0.9900662251655629,0.09081245254365983,1089720.0,70930.23255813954
A_V6_control,0.0034816556582493744,0.04762663268556865,0.9900662251655629,0.09088145896656535,1088820.0,70873.786407767
A_V6_control,0.0035104943667018293,0.0477788430808565,0.9900662251655629,0.09115853658536585,1085220.0,70648.00180627682
A_V6_control,0.0035297186722490718,0.04789364087778312,0.9900662251655629,0.09136745607333843,1082520.0,70478.66335515918
A_V6_control,0.003548753463688723,0.047810043317824485,0.9867549668874173,0.09120122417750574,1085100.0,70365.77105441409
A_V6_control,0.0035972070218498204,0.04784149484536082,0.9834437086092715,0.0912442396313364,1084980.0,70083.54030255137
A_V6_control,0.0035974987076169947,0.047849202513291444,0.9834437086092715,0.0912582577968966,1084800.0,70072.25107247685
A_V6_control,0.0036488545054241,0.048034934497816595,0.9834437086092715,0.09159599074787973,1080480.0,69801.30955068865
A_V6_control,0.0036687556159357513,0.04812054439403759,0.9834437086092715,0.0917516218721038,1078500.0,69677.12801986905
A_V6_control,0.003685953435465363,0.048229944787268594,0.9834437086092715,0.09195046439628483,1075980.0,69519.07879882591
A_V6_control,0.003710694483115279,0.04839498126120254,0.9834437086092715,0.0922503494331418,1072200.0,69282.00496726124
A_V6_control,0.0037148375074408453,0.04842654492091961,0.9834437086092715,0.0923076923076923,1071480.0,69236.84804696319
A_V6_control,0.003762701765049193,0.04862475442043222,0.9834437086092715,0.09266770670826834,1066980.0,68954.61729510047
A_V6_control,0.003767635346754053,0.048672566371681415,0.9834437086092715,0.09275452841973766,1065900.0,68886.88191465342
A_V6_control,0.0037992871808634936,0.048824593128390596,0.9834437086092715,0.09303054032889584,1062480.0,68672.38654323775
A_V6_control,0.0038232459952632454,0.04896142433234421,0.9834437086092715,0.0932788944723618,1059420.0,68480.4696319711
A_V6_control,0.0038427188982755787,0.04902608121492242,0.9834437086092715,0.09339622641509435,1057980.0,68390.15579137503
A_V6_control,0.0038893744960413353,0.04922923918448533,0.9834437086092715,0.09376479873717443,1053480.0,68107.92503951231
A_V6_control,0.003889530516853007,0.04924556458298789,0.9834437086092715,0.09379441023211747,1053120.0,68085.3465793633
A_V6_control,0.003932499662990284,0.0494340878828229,0.9834437086092715,0.0941362916006339,1048980.0,67825.69428764959
A_V6_control,0.003962805713253772,0.04953302201467645,0.9834437086092715,0.09431565576373453,1046820.0,67690.22352675548
A_V6_control,0.003985900042488311,0.049640648504094935,0.9834437086092715,0.0945107398568019,1044480.0,67543.46353578687
A_V6_control,0.004017945315470193,0.049656097970139236,0.9801324503311258,0.09452339134600032,1044900.0,67295.10047414766
A_V6_control,0.0040200292584331755,0.04968110104061766,0.9801324503311258,0.09456869009584666,1044360.0,67261.23278392415
A_V6_control,0.004063824561015303,0.049890443283330525,0.9801324503311258,0.09494787489975942,1039860.0,66979.00203206141
A_V6_control,0.004086793571180243,0.04994937563280459,0.9801324503311258,0.09505459216441876,1038600.0,66899.97742153985
A_V6_control,0.004120054284578338,0.05010155721056195,0.9801324503311258,0.09533011272141707,1035360.0,66696.77128019869
A_V6_control,0.004146833371271028,0.05025466893039049,0.9801324503311258,0.09560723514211884,1032120.0,66493.56513885752
A_V6_control,0.004157802209307831,0.050314465408805034,0.9801324503311258,0.09571544058205335,1030860.0,66414.54052833596
A_V6_control,0.00421565444536235,0.0505291908501195,0.9801324503311258,0.09610389610389611,1026360.0,66132.30977647324
A_V6_control,0.004219081534715573,0.05055508112724168,0.9801324503311258,0.09615072275458827,1025820.0,66098.44208624972
A_V6_control,0.004254495955704166,0.05074575690039431,0.9801324503311258,0.0964955175224124,1021860.0,65850.07902461052
A_V6_control,0.004282253863709877,0.05085910652920962,0.9801324503311258,0.09670042469781118,1019520.0,65703.3190336419
A_V6_control,0.0042975081273725685,0.05096418732782369,0.9801324503311258,0.09689034369885434,1017360.0,65567.8482727478
A_V6_control,0.004333085397236025,0.05099394987035436,0.9768211920529801,0.09692787908657793,1017600.0,65308.19598103409
A_V6_control,0.004341430906344651,0.05101158568217188,0.9768211920529801,0.09695973705834018,1017240.0,65285.61752088508
A_V6_control,0.004411269980660705,0.05123306703716568,0.9768211920529801,0.09735973597359736,1012740.0,65003.386769022356
A_V6_control,0.0044229235272750175,0.051304347826086956,0.9768211920529801,0.09748843357567745,1011300.0,64913.072928426285
A_V6_control,0.0044495345756758245,0.0514564800279086,0.9768211920529801,0.09776304888152443,1008240.0,64721.15601715963
A_V6_control,0.004469534513293931,0.051627581379068956,0.9768211920529801,0.0980718085106383,1004820.0,64506.66064574396
A_V6_control,0.004479966177830403,0.05168185003503854,0.9768211920529801,0.09816971713810317,1003740.0,64438.92526529691
A_V6_control,0.004538960559054216,0.051909202885799755,0.9768211920529801,0.09857978279030911,999240.0,64156.69451343419
A_V6_control,0.004557653157917197,0.051945765099489345,0.9768211920529801,0.09864571141949506,998520.0,64111.53759313615
A_V6_control,0.004602896257338483,0.05213856486390951,0.9768211920529801,0.09899328859060404,994740.0,63874.46376157147
A_V6_control,0.0046299208806709225,0.05226789510985117,0.9768211920529801,0.09922637066935755,992220.0,63716.414540528334
A_V6_control,0.004655791180028919,0.05236996271968756,0.9768211920529801,0.09941027801179443,990240.0,63592.23300970874
A_V6_control,0.004698891067690316,0.05259404528436441,0.9768211920529801,0.09981390627643376,985920.0,63321.29148792053
A_V6_control,0.004700245854328898,0.05260342368045649,0.9768211920529801,0.09983079526226735,985740.0,63310.00225784601
A_V6_control,0.004759897183380488,0.052838975461221564,0.9768211920529801,0.10025488530161426,981240.0,63027.771505983284
A_V6_control,0.004773920543538692,0.052933787905975235,0.9768211920529801,0.10042553191489362,979440.0,62914.879205238205
A_V6_control,0.0047954897768670455,0.05307664627563872,0.9768211920529801,0.1006825938566553,976740.0,62745.540754120564
A_V6_control,0.004837771776408321,0.05326832791621524,0.9768211920529801,0.10102739726027399,973140.0,62519.75615263039
A_V6_control,0.004846820333349048,0.053316464847279955,0.9768211920529801,0.10111396743787489,972240.0,62463.310002257844
A_V6_control,0.004889004840401522,0.05355846042120552,0.9768211920529801,0.10154905335628227,967740.0,62181.07925039512
A_V6_control,0.004903031912429047,0.05360712338724332,0.9768211920529801,0.1016365202411714,966840.0,62124.63310002258
A_V6_control,0.004954879881325636,0.05380266277585263,0.9768211920529801,0.10198789974070872,963240.0,61898.8484985324
A_V6_control,0.0049800944229090975,0.053950256035113386,0.9768211920529801,0.10225303292894282,960540.0,61729.51004741477
A_V6_control,0.005004097287005021,0.05404910223525101,0.9768211920529801,0.10243055555555557,958740.0,61616.617746669675
A_V6_control,0.005056856558522444,0.054297809681575555,0.9768211920529801,0.1028770706190061,954240.0,61334.386994806955
A_V6_control,0.005057037553761596,0.054297809681575555,0.9768211920529801,0.1028770706190061,954240.0,61334.386994806955
A_V6_control,0.005102696972504375,0.05454881656804734,0.9768211920529801,0.10332749562171627,949740.0,61052.156242944235
A_V6_control,0.005126310446640193,0.05465999629423754,0.9768211920529801,0.10352693454992103,947760.0,60927.97471212463
A_V6_control,0.005146532477134065,0.054802154932193946,0.9768211920529801,0.10378188214599825,945240.0,60769.925491081514
A_V6_control,0.00518371036735644,0.05483028720626632,0.9735099337748344,0.1038135593220339,945840.0,60532.85165951682
A_V6_control,0.00519296528572246,0.054871220604703244,0.9735099337748344,0.103886925795053,945120.0,60487.69473921879
A_V6_control,0.005235665817182543,0.05512844552784549,0.9735099337748344,0.10434782608695652,940620.0,60205.463987356066
A_V6_control,0.005248819964722331,0.05519053876478318,0.9735099337748344,0.10445905134126843,939540.0,60137.72860690901
A_V6_control,0.005288706733894584,0.055199698568198945,0.9701986754966887,0.10445632798573976,940500.0,59923.23323549333
A_V6_control,0.005321373634384926,0.0553665910808768,0.9701986754966887,0.10475509474436898,937620.0,59742.6055543012
A_V6_control,0.005340681983661302,0.055460912360401286,0.9701986754966887,0.10492390331244406,936000.0,59641.00248363061
A_V6_control,0.005393158928328076,0.05572461011791556,0.9701986754966887,0.10539568345323741,931500.0,59358.77173176789
A_V6_control,0.005393763650910447,0.05573521019592924,0.9701986754966887,0.10541464292138875,931320.0,59347.48250169338
A_V6_control,0.005435474088393839,0.055990827441238296,0.9701986754966887,0.10587172538392049,927000.0,59076.54097990517
A_V6_control,0.005462917022596259,0.05611951733384409,0.9701986754966887,0.10610175629187037,924840.0,58941.07021901106
A_V6_control,0.005510427991044728,0.056259600614439326,0.9701986754966887,0.10635208711433757,922500.0,58794.31022804244
A_V6_control,0.005547913867568505,0.056498264558426534,0.9701986754966887,0.10677842565597669,918540.0,58545.94716640325
A_V6_control,0.005550991976180125,0.056530966621647694,0.9701986754966887,0.10683682771194167,918000.0,58512.07947617972
A_V6_control,0.00559460748921182,0.056804963164017064,0.9701986754966887,0.10732600732600733,913500.0,58229.848724317
A_V6_control,0.005612553579178437,0.05688215880411571,0.9701986754966887,0.10746378140473134,912240.0,58150.82411379544
A_V6_control,0.005658093905709873,0.05708162867718683,0.9701986754966887,0.10781968721251149,909000.0,57947.61797245428
A_V6_control,0.005691249017530526,0.05727130570758405,0.9701986754966887,0.10815799187892211,905940.0,57755.701061187625
A_V6_control,0.005717367852655806,0.05736100234925607,0.9701986754966887,0.10831792975970424,904500.0,57665.387220591554
A_V6_control,0.005764115485468504,0.05764312413928782,0.9701986754966887,0.10882079851439182,900000.0,57383.156468728834
A_V6_control,0.00577436693085355,0.057677165354330706,0.9701986754966887,0.10888145670754366,899460.0,57349.2887785053
A_V6_control,0.005811425673879019,0.0579280347963622,0.9701986754966887,0.10932835820895523,895500.0,57100.92571686611
A_V6_control,0.005838454904189021,0.058077304261645195,0.9701986754966887,0.10959416495230972,893160.0,56954.165725897496
A_V6_control,0.005879460768068051,0.058215775879197296,0.9701986754966887,0.1098406747891284,891000.0,56818.69496500339
A_V6_control,0.005932904755811968,0.058283433133732535,0.9668874172185431,0.10993975903614459,891240.0,56559.04267328968
A_V6_control,0.005944687178657178,0.05810702875399361,0.9635761589403974,0.1096045197740113,895260.0,56536.46421314067
A_V6_control,0.005989219030600524,0.058398555087296806,0.9635761589403974,0.11012298959318825,890760.0,56254.23346127794
A_V6_control,0.006001979922247414,0.05849246231155779,0.9635761589403974,0.11028993746446844,889320.0,56163.91962068187
A_V6_control,0.006041740428969777,0.058693021379588546,0.9635761589403974,0.11064638783269962,886260.0,55972.00270941522
A_V6_control,0.006088519953460549,0.05890688259109312,0.9635761589403974,0.11102632582983595,883020.0,55768.79656807405
A_V6_control,0.00610886173047463,0.05899047232921143,0.9635761589403974,0.11117478510028653,881760.0,55689.77195755249
A_V6_control,0.0061586515392747345,0.059290953545232276,0.9635761589403974,0.11170825335892515,877260.0,55407.54120568977
A_V6_control,0.006163820327070006,0.05933931484502447,0.9635761589403974,0.1117940837495198,876540.0,55362.384285391745
A_V6_control,0.006199472818958407,0.05959451157075568,0.9635761589403974,0.11224686595949854,872760.0,55125.31045382705
A_V6_control,0.006231427578551168,0.05976586568083796,0.9635761589403974,0.11255076387545931,870240.0,54967.26123278392
A_V6_control,0.006252625363580123,0.0599011939069576,0.9635761589403974,0.1127906976744186,868260.0,54843.07970196433
A_V6_control,0.00629774327475703,0.06019859329747621,0.9635761589403974,0.11331775700934581,863940.0,54572.13818017611
A_V6_control,0.0063007092032568435,0.06021104903786468,0.9635761589403974,0.11333982473222978,863760.0,54560.8489501016
A_V6_control,0.006359205432911339,0.060524126455906824,0.9635761589403974,0.11389432485322896,859260.0,54278.61819823888
A_V6_control,0.006376628960153761,0.06063763284017504,0.9635761589403974,0.11409527543618897,857640.0,54177.015127568295
A_V6_control,0.006425225791295944,0.06084047668827096,0.9635761589403974,0.11445427728613569,854760.0,53996.38744637616
A_V6_control,0.006486520680484511,0.06087321578505458,0.9602649006622517,0.11448874851954205,855720.0,53781.89207496049
A_V6_control,0.006503084636620249,0.06094997898276587,0.9602649006622517,0.11462450592885376,854640.0,53714.15669451344
A_V6_control,0.006574319206361031,0.06127192055778576,0.9602649006622517,0.11519364448857994,850140.0,53431.92594265071
A_V6_control,0.006593190407790486,0.06133671742808799,0.9602649006622517,0.11530815109343938,849240.0,53375.479792278165
A_V6_control,0.0066496458490583835,0.06159728122344945,0.9602649006622517,0.11576846307385229,845640.0,53149.69519078799
A_V6_control,0.006705581842295775,0.06179416151715321,0.9602649006622517,0.11611611611611612,842940.0,52980.35673967035
A_V6_control,0.006735678037821899,0.06192611573777493,0.9602649006622517,0.11634904714142429,841140.0,52867.46443892526
A_V6_control,0.0068171301695257105,0.06225848003434951,0.9602649006622517,0.11693548387096774,836640.0,52585.23368706254
A_V6_control,0.006818872843472823,0.06225848003434951,0.9602649006622517,0.11693548387096774,836640.0,52585.23368706254
A_V6_control,0.006892491716195782,0.06259443125404705,0.9602649006622517,0.11752786220871328,832140.0,52303.00293519982
A_V6_control,0.006915027059488113,0.0627298291152931,0.9602649006622517,0.11776649746192892,830340.0,52190.11063445474
A_V6_control,0.006968994761592258,0.06293402777777778,0.9602649006622517,0.11812627291242363,827640.0,52020.772183337096
A_V6_control,0.007021888232929606,0.0632221495530848,0.9602649006622517,0.1186336674166496,823860.0,51783.698351772415
A_V6_control,0.007035058698518005,0.06327732926030984,0.9602649006622517,0.11873080859774819,823140.0,51738.54143147437
A_V6_control,0.007102432899074531,0.06362439666520403,0.9602649006622517,0.11934156378600823,818640.0,51456.31067961165
A_V6_control,0.007122648722839778,0.06370826010544815,0.9602649006622517,0.11948908117016893,817560.0,51388.57529916459
A_V6_control,0.007196420269335641,0.06397529230090448,0.9602649006622517,0.11995863495346434,814140.0,51174.07992774893
A_V6_control,0.007240385889411769,0.06420190391852999,0.9602649006622517,0.12035692052293007,811260.0,50993.45224655678
A_V6_control,0.007263156062169046,0.06433007985803017,0.9602649006622517,0.12058212058212059,809640.0,50891.84917588621
A_V6_control,0.007330674977255303,0.06468882444791434,0.9602649006622517,0.1212121212121212,805140.0,50609.61842402349
A_V6_control,0.00733323286099489,0.06470325747434182,0.9602649006622517,0.12123745819397994,804960.0,50598.32919394898
A_V6_control,0.007412462674625021,0.06505159264244055,0.9602649006622517,0.12184873949579829,800640.0,50327.38767216076
A_V6_control,0.0074452139500909825,0.06521250281088374,0.9602649006622517,0.12213097494209309,798660.0,50203.206141341165
A_V6_control,0.007495087805163179,0.06541845251522671,0.9602649006622517,0.1224920802534319,796140.0,50045.15692029804
A_V6_control,0.00754352787398732,0.06574472908637498,0.9602649006622517,0.12306386590282198,792180.0,49796.793858658835
A_V6_control,0.007554644230369582,0.06578947368421052,0.9602649006622517,0.12314225053078555,791640.0,49762.92616843531
A_V6_control,0.007637485568181549,0.06616472735569245,0.9602649006622517,0.12379935965848454,787140.0,49480.69541657259
A_V6_control,0.007677790138496299,0.06627056672760512,0.9602649006622517,0.12398460880718255,785880.0,49401.67080605103
A_V6_control,0.007758122229644831,0.06654428636989444,0.9602649006622517,0.12446351931330472,782640.0,49198.46466470987
A_V6_control,0.007798741527235651,0.06680488366735775,0.9602649006622517,0.12491923325436138,779580.0,49006.547753443214
A_V6_control,0.00783740511745298,0.06692822524809601,0.9602649006622517,0.12513484358144553,778140.0,48916.23391284714
A_V6_control,0.007894552445027769,0.06731662024141133,0.9602649006622517,0.12581344902386118,773640.0,48634.003160984415
A_V6_control,0.007897482988502113,0.06711565257779842,0.956953642384106,0.12543402777777776,777660.0,48611.42470083541
A_V6_control,0.007974353574247639,0.06747606817651179,0.956953642384106,0.12606324972737187,773520.0,48351.772409121695
A_V6_control,0.008016831772251386,0.06766565207211427,0.956953642384106,0.12639405204460968,771360.0,48216.301648227585
A_V6_control,0.00807952304212235,0.06787224048849225,0.956953642384106,0.12675438596491226,769020.0,48069.541657258975
A_V6_control,0.008136299552592933,0.06824085005903188,0.956953642384106,0.1273969583425171,764880.0,47809.88936554527
A_V6_control,0.008151634721504996,0.06827309236947791,0.956953642384106,0.1274531422271224,764520.0,47787.310905396254
A_V6_control,0.008248251223947454,0.0686787072243346,0.956953642384106,0.12815964523281595,760020.0,47505.08015353353
A_V6_control,0.008270481941221977,0.0688095238095238,0.956953642384106,0.12838738338516215,758580.0,47414.766312937456
A_V6_control,0.008312385704829431,0.06908917045182883,0.956953642384106,0.12887402452619842,755520.0,47222.84940167081
A_V6_control,0.008382387428183745,0.06938775510204082,0.956953642384106,0.1293933288560555,752280.0,47019.64326032965
A_V6_control,0.008398850038661811,0.0695045695045695,0.956953642384106,0.1295964125560538,751020.0,46940.618649808086
A_V6_control,0.008493742618764314,0.06992499395112509,0.956953642384106,0.1303269447576099,746520.0,46658.38789794536
A_V6_control,0.008500069618741437,0.06997578692493947,0.956953642384106,0.13041516245487364,745980.0,46624.520207721835
A_V6_control,0.008565432826216074,0.07035053554040896,0.956953642384106,0.1310657596371882,742020.0,46376.15714608264
A_V6_control,0.008632120154078039,0.07059110893991206,0.956953642384106,0.13148316651501363,739500.0,46218.10792503951
A_V6_control,0.008688625800439328,0.07078128826843008,0.956953642384106,0.13181299885974915,737520.0,46093.92639421991
A_V6_control,0.008751643135090394,0.07119980290711998,0.956953642384106,0.13253840862187571,733200.0,45822.9848724317
A_V6_control,0.008758074002583608,0.07121734844751108,0.956953642384106,0.13256880733944953,733020.0,45811.69564235719
A_V6_control,0.008881285293851491,0.07165881477808084,0.956953642384106,0.13333333333333333,728520.0,45529.46489049447
A_V6_control,0.008902070375871077,0.07181908548707754,0.956953642384106,0.13361072584373554,726900.0,45427.86181982389
A_V6_control,0.008988104961593428,0.0721057884231537,0.956953642384106,0.13410672853828307,724020.0,45247.23413863175
A_V6_control,0.009044635846285525,0.07244923539734269,0.956953642384106,0.1347005360055931,720600.0,45032.73876721608
A_V6_control,0.009074583256515788,0.07255837308561386,0.956953642384106,0.13488914819136524,719520.0,44965.00338676902
A_V6_control,0.00919560712912395,0.0730166750884285,0.956953642384106,0.1356807511737089,715020.0,44682.7726349063
A_V6_control,0.009205114061094371,0.07309054122407689,0.956953642384106,0.13580827067669174,714300.0,44637.61571460826
A_V6_control,0.009301521151146033,0.07348080345792016,0.956953642384106,0.13648170011806374,710520.0,44400.541883043574
A_V6_control,0.009347961157040325,0.0737621235324145,0.956953642384106,0.1369668246445498,707820.0,44231.20343192594
A_V6_control,0.009379251070206011,0.07395087001023541,0.956953642384106,0.13729216152019,706020.0,44118.31113118085
A_V6_control,0.009475229909288518,0.07442698944115375,0.956953642384106,0.13811230585424136,701520.0,43836.08037931813
A_V6_control,0.009475548469422557,0.07442698944115375,0.956953642384106,0.13811230585424136,701520.0,43836.08037931813
A_V6_control,0.009562078018143346,0.07490927941938828,0.956953642384106,0.1389423076923077,697020.0,43553.84962745541
A_V6_control,0.009605792516409075,0.0751039501039501,0.956953642384106,0.13927710843373498,695220.0,43440.95732671032
A_V6_control,0.009669051052923252,0.0753978606835377,0.956953642384106,0.13978234582829507,692520.0,43271.618875592685
A_V6_control,0.009735513908985036,0.07579333857854707,0.956953642384106,0.1404617253948967,688920.0,43045.834274102504
A_V6_control,0.0097597250331263,0.07589285714285714,0.956953642384106,0.14063260340632602,688020.0,42989.38812372996
A_V6_control,0.009867648820336427,0.07639439598202485,0.956953642384106,0.1414932680538556,683520.0,42707.15737186724
A_V6_control,0.009877699869017384,0.07649550026469032,0.956953642384106,0.14166666666666666,682620.0,42650.71122149469
A_V6_control,0.009934266584341893,0.07690260777009048,0.956953642384106,0.14236453201970445,679020.0,42424.92662000452
A_V6_control,0.009998769473677706,0.0772314270443613,0.956953642384106,0.1429277942631058,676140.0,42244.298938812375
A_V6_control,0.010066746505245213,0.07741762657380123,0.956953642384106,0.14324659231722428,674520.0,42142.6958681418
A_V6_control,0.010160916536270973,0.0779395900755124,0.956953642384106,0.14413965087281796,670020.0,41860.46511627907
A_V6_control,0.010161063030440579,0.07796061505260318,0.956953642384106,0.14417560488899975,669840.0,41849.17588620456
A_V6_control,0.010253473500187606,0.07846863969590008,0.956953642384106,0.14504391468005018,665520.0,41578.23436441634
A_V6_control,0.010270567569149458,0.0787037037037037,0.956953642384106,0.14544539506794163,663540.0,41454.05283359675
A_V6_control,0.010325007052312006,0.07873154729360306,0.9536423841059603,0.14545454545454545,665400.0,41296.00361255362
A_V6_control,0.010410218187283556,0.07918614242507561,0.9536423841059603,0.1462300076161462,661620.0,41058.92978098893
A_V6_control,0.01043412291627105,0.07927332782824112,0.9536423841059603,0.14637865311308765,660900.0,41013.7728606909
A_V6_control,0.010525284632182481,0.07982261640798226,0.9536423841059603,0.14731457800511508,656400.0,40731.54210882818
A_V6_control,0.010567908702894431,0.07997778394890308,0.9536423841059603,0.14757878554957723,655140.0,40652.51749830662
A_V6_control,0.010655356207519406,0.08037957019257605,0.9536423841059603,0.14826254826254825,651900.0,40449.31135696546
A_V6_control,0.0107371516649201,0.08076275939427931,0.9536423841059603,0.1489141675284385,648840.0,40257.3944456988
A_V6_control,0.01076318452198657,0.08094435075885328,0.9536423841059603,0.14922279792746113,647400.0,40167.08060510273
A_V6_control,0.01088191106621024,0.08151712425700537,0.9536423841059603,0.15019556714471968,642900.0,39884.849853240004
A_V6_control,0.010886897634391815,0.08156329651656755,0.9536423841059603,0.15027393686407514,642540.0,39862.271393090996
A_V6_control,0.01101823731521302,0.08209806157354618,0.9536423841059603,0.15118110236220472,638400.0,39602.619101377284
A_V6_control,0.011073148974403105,0.08237986270022883,0.9536423841059603,0.15165876777251183,636240.0,39467.148340483174
A_V6_control,0.011128805805724265,0.082687338501292,0.9536423841059603,0.1521796565389696,633900.0,39320.388349514564
A_V6_control,0.011264764889740526,0.08321294423577001,0.9536423841059603,0.1530693595535477,629940.0,39072.02528787537
A_V6_control,0.011285127869517348,0.08328513591671487,0.9536423841059603,0.15319148936170213,629400.0,39038.15759765184
A_V6_control,0.011390745866497123,0.08360034954849986,0.9503311258278145,0.15368139223560912,629280.0,38755.926845789116
A_V6_control,0.011417010987131174,0.0837956204379562,0.9503311258278145,0.15401126911725246,627840.0,38665.613005193045
A_V6_control,0.011519277974906636,0.08421361502347417,0.9503311258278145,0.15471698113207547,624780.0,38473.696093926395
A_V6_control,0.011604736214804671,0.08466076696165192,0.9503311258278145,0.15547128927410617,621540.0,38270.48995258524
A_V6_control,0.01164113266583075,0.08483594442802246,0.9503311258278145,0.15576662143826323,620280.0,38191.46534206367
A_V6_control,0.011789109051446041,0.08546754020250148,0.9503311258278145,0.15683060109289618,615780.0,37909.23459020095
A_V6_control,0.01181997346424642,0.08554396423248882,0.9503311258278145,0.15695925622094611,615240.0,37875.366899977416
A_V6_control,0.011914879693084631,0.0858085808580858,0.9470198675496688,0.1573590096286107,615660.0,37627.00383833823
A_V6_control,0.011964450028361948,0.086144578313253,0.9470198675496688,0.15792379900607398,613320.0,37480.24384736961
A_V6_control,0.012031675925986524,0.08645707376058041,0.9470198675496688,0.1584487534626039,611160.0,37344.7730864755
A_V6_control,0.012155249757458828,0.08706240487062405,0.9470198675496688,0.15946473376080292,607020.0,37085.1207947618
A_V6_control,0.01215877495808922,0.08711544319220225,0.9470198675496688,0.15955369595536958,606660.0,37062.54233461278
A_V6_control,0.012298094293256826,0.08778391651319828,0.9470198675496688,0.16067415730337076,602160.0,36780.31158275006
A_V6_control,0.012364288033633342,0.08802708525700216,0.9470198675496688,0.16108138552520418,600540.0,36678.70851207948
A_V6_control,0.012416926158408288,0.08846272811630065,0.9470198675496688,0.1618104667609618,597660.0,36498.08083088734
A_V6_control,0.012480307761261088,0.08898568761667704,0.9470198675496688,0.1626848691695108,594240.0,36283.585459471666
A_V6_control,0.012503647463729705,0.08915211970074813,0.9470198675496688,0.16296296296296298,593160.0,36215.85007902461
A_V6_control,0.01262134833108672,0.08985234055922087,0.9470198675496688,0.16413199426111907,588660.0,35933.61932716188
A_V6_control,0.01264845122104912,0.08996539792387544,0.9470198675496688,0.16432059752944556,587940.0,35888.46240686385
A_V6_control,0.012852613596020798,0.09056364787840405,0.9470198675496688,0.16531791907514454,584160.0,35651.38857529916
A_V6_control,0.012953108150988367,0.09096692111959287,0.9470198675496688,0.16598955310504931,581640.0,35493.33935425604
A_V6_control,0.01299558278556094,0.0912863070539419,0.9470198675496688,0.16652110625909752,579660.0,35369.15782343644
A_V6_control,0.013155836868758267,0.0916988416988417,0.9437086092715232,0.16715542521994134,579540.0,35086.92707157372
A_V6_control,0.013157496923483575,0.0916988416988417,0.9437086092715232,0.16715542521994134,579540.0,35086.92707157372
A_V6_control,0.013281216959133856,0.09244242620823873,0.9437086092715232,0.16838995568685375,575040.0,34804.696319711
A_V6_control,0.013363676861591896,0.09274324764074195,0.9437086092715232,0.1688888888888889,573240.0,34691.80401896591
A_V6_control,0.01345236083760225,0.09319816873773708,0.9437086092715232,0.16964285714285715,570540.0,34522.465567848274
A_V6_control,0.013555985134588085,0.09381171823568137,0.9437086092715232,0.17065868263473052,566940.0,34296.68096635809
A_V6_control,0.01358057316793638,0.09396636993076163,0.9437086092715232,0.1709145427286357,566040.0,34240.23481598555
A_V6_control,0.013757029509514138,0.09474734042553191,0.9437086092715232,0.17220543806646527,561540.0,33958.004064122826
A_V6_control,0.013777955702635925,0.09490509490509491,0.9437086092715232,0.17246596066565809,560640.0,33901.55791375028
A_V6_control,0.013896858028809182,0.09554140127388536,0.9437086092715232,0.17351598173515984,557040.0,33675.773312260106
A_V6_control,0.013984784692709867,0.09602425876010781,0.9437086092715232,0.17431192660550457,554340.0,33506.43486114247
A_V6_control,0.014075842436670719,0.09634888438133875,0.9437086092715232,0.17484662576687118,552540.0,33393.542560397385
A_V6_control,0.014287969457050092,0.09717013296965564,0.9437086092715232,0.17619783616692425,548040.0,33111.31180853466
A_V6_control,0.01428805637438115,0.09720327421555253,0.9437086092715232,0.17625231910946196,547860.0,33100.02257846015
A_V6_control,0.01442791152536526,0.09800550206327373,0.9437086092715232,0.17757009345794392,543540.0,32829.08105667193
A_V6_control,0.014511932611688606,0.09837763203313774,0.9437086092715232,0.17818068146295718,541560.0,32704.89952585234
A_V6_control,0.014590106039811725,0.09885535900104059,0.9437086092715232,0.17896389324960754,539040.0,32546.85030480921
A_V6_control,0.014740408063381606,0.09958071278825996,0.9437086092715232,0.18015170670037928,535260.0,32309.77647324452
A_V6_control,0.014753519585917581,0.09972008397480756,0.9437086092715232,0.18037974683544303,534540.0,32264.61955294649
A_V6_control,0.014957009267813005,0.10060007059654077,0.9437086092715232,0.18181818181818182,530040.0,31982.388801083765
A_V6_control,0.014993275727293557,0.10081358330385568,0.9437086092715232,0.18216682646212848,528960.0,31914.653420636714
A_V6_control,0.015135042423721452,0.1014957264957265,0.9437086092715232,0.18327974276527328,525540.0,31700.158049221045
A_V6_control,0.015248352180418907,0.10207736389684814,0.9437086092715232,0.18422753716871362,522660.0,31519.530368028903
A_V6_control,0.015302089988317037,0.10240747394897592,0.9437086092715232,0.1847649918962723,521040.0,31417.92729735832
A_V6_control,0.015526039562492794,0.10333575054387237,0.9437086092715232,0.18627450980392157,516540.0,31135.696545495593
A_V6_control,0.015527211696933732,0.10341074020319303,0.9437086092715232,0.18639633747547418,516180.0,31113.11808534658
A_V6_control,0.01571316166300474,0.1035492133186974,0.9370860927152318,0.18649093904448105,520800.0,30853.465793632873
A_V6_control,0.015797608523124226,0.10400588019110621,0.9370860927152318,0.18723122725769104,518640.0,30717.995032738767
A_V6_control,0.015924389320009058,0.10450516986706056,0.9370860927152318,0.18803986710963455,516300.0,30571.23504177015
A_V6_control,0.016081881974353743,0.10498883097542815,0.9337748344370861,0.18875502008032127,516720.0,30322.871980130956
A_V6_control,0.016096215425274032,0.10510622437569885,0.9337748344370861,0.18894472361809042,516180.0,30289.00428990743
A_V6_control,0.016237996516091445,0.10609480812641084,0.9337748344370861,0.19054054054054054,511680.0,30006.773538044705
A_V6_control,0.01629285150100063,0.10637495284798189,0.9337748344370861,0.19099221131053165,510420.0,29927.748927523146
A_V6_control,0.01643379350941328,0.10672236992024307,0.9304635761589404,0.19148211243611585,511560.0,29724.542786181984
A_V6_control,0.016568993801755635,0.10745697896749522,0.9304635761589404,0.19266369557764826,508320.0,29521.336644840823
A_V6_control,0.016608852228752958,0.10774539877300614,0.9304635761589404,0.193127147766323,507060.0,29442.312034319257
A_V6_control,0.016844779457246103,0.10878823073945025,0.9304635761589404,0.1948006932409012,502560.0,29160.081282456536
A_V6_control,0.016867224860281017,0.10852713178294573,0.9271523178807947,0.1943095072866065,506400.0,29126.21359223301
A_V6_control,0.01702296418212328,0.10946051602814699,0.9271523178807947,0.19580419580419578,502440.0,28877.850530593812
A_V6_control,0.01713309549769746,0.1100196463654224,0.9271523178807947,0.1966982788900597,500100.0,28731.0905396252
A_V6_control,0.017257991668096023,0.11054086063955784,0.9271523178807947,0.19753086419753085,497940.0,28595.619778731092
A_V6_control,0.017480469640037313,0.11035856573705179,0.9172185430463576,0.19701280227596019,506940.0,28335.967487017384
A_V6_control,0.017519256817029427,0.11044657097288677,0.9172185430463576,0.19715302491103204,506580.0,28313.389026868368
A_V6_control,0.017676385200426338,0.11155859846959323,0.9172185430463576,0.19892280071813287,502080.0,28031.158275005648
A_V6_control,0.01775315115141503,0.11191919191919192,0.9172185430463576,0.19949585884047535,500640.0,27940.844434409573
A_V6_control,0.01795068957954631,0.11228641171684296,0.9139072847682119,0.2,501960.0,27748.92752314292
A_V6_control,0.018152887686786346,0.11316113161131611,0.9139072847682119,0.20138635534476468,498540.0,27534.43215172725
A_V6_control,0.018208255548056114,0.11344019728729964,0.9139072847682119,0.20182815356489947,497460.0,27466.696771280196
A_V6_control,0.018463965733883134,0.11461794019933555,0.9139072847682119,0.20369003690036902,492960.0,27184.466019417476
A_V6_control,0.018484095500494496,0.11480865224625623,0.9139072847682119,0.20399113082039913,492240.0,27139.30909911944
A_V6_control,0.01863892631497906,0.11582039446076374,0.9139072847682119,0.20558659217877098,488460.0,26902.23526755475
A_V6_control,0.018734500404052355,0.11650485436893204,0.9139072847682119,0.20666417072257584,485940.0,26744.186046511626
A_V6_control,0.01880438803761316,0.11704834605597965,0.9139072847682119,0.2075187969924812,483960.0,26620.00451569203
A_V6_control,0.01901854715851161,0.11825192802056556,0.9139072847682119,0.2094081942336874,479640.0,26349.062993903815
A_V6_control,0.019022664891265216,0.11830261465923704,0.9139072847682119,0.2094876660341556,479460.0,26337.773763829307
A_V6_control,0.019237103562191292,0.1195840554592721,0.9139072847682119,0.21149425287356322,474960.0,26055.543011966587
A_V6_control,0.019357561613875227,0.12005219660722052,0.9139072847682119,0.21222606689734716,473340.0,25953.939941296005
A_V6_control,0.01950145549166627,0.12089356110381078,0.9139072847682119,0.21353965183752416,470460.0,25773.31226010386
A_V6_control,0.019778434535494178,0.12196199734865223,0.9139072847682119,0.2152046783625731,466860.0,25547.527658613682
A_V6_control,0.01980957526650795,0.12223206377325066,0.9139072847682119,0.215625,465960.0,25491.081508241135
A_V6_control,0.020072224747682447,0.12360053739364084,0.9139072847682119,0.21775147928994082,461460.0,25208.850756378415
A_V6_control,0.020108135567785675,0.12387791741472172,0.9139072847682119,0.21818181818181817,460560.0,25152.404606005868
A_V6_control,0.02035177498912764,0.125,0.9139072847682119,0.2199203187250996,456960.0,24926.62000451569
A_V6_control,0.020537661047229424,0.12585499316005472,0.9139072847682119,0.22124248496993987,454260.0,24757.281553398057
A_V6_control,0.02066829718588395,0.12643151626202473,0.9139072847682119,0.22213279678068412,452460.0,24644.389252652967
A_V6_control,0.020978534492580823,0.1278962001853568,0.9139072847682119,0.22439024390243903,447960.0,24362.158500790247
A_V6_control,0.020978782291666796,0.1278962001853568,0.9139072847682119,0.22439024390243903,447960.0,24362.158500790247
A_V6_control,0.021329984237317894,0.12939521800281295,0.9139072847682119,0.226694045174538,443460.0,24079.927748927523
A_V6_control,0.02142283231754494,0.12959472196041472,0.9105960264900662,0.22689768976897692,445860.0,23955.746218107925
A_V6_control,0.02157938691354319,0.12998102466793168,0.9072847682119205,0.2273858921161826,447720.0,23797.6969970648
A_V6_control,0.021865573572238433,0.13128893148059415,0.9072847682119205,0.2293846797823357,443940.0,23560.623165500114
A_V6_control,0.021913114863716058,0.1315410465674508,0.9072847682119205,0.22976939203354302,443220.0,23515.46624520208
A_V6_control,0.022169573412378747,0.13313896987366375,0.9072847682119205,0.23220338983050845,438720.0,23233.235493339354
A_V6_control,0.02222403783637097,0.13352826510721247,0.9072847682119205,0.2327952421410365,437640.0,23165.5001128923
A_V6_control,0.022477550862530886,0.13477619281849484,0.9072847682119205,0.23468950749464665,434220.0,22951.00474147663
A_V6_control,0.022770509352450796,0.13584531482399603,0.9072847682119205,0.23630875377317812,431340.0,22770.37706028449
A_V6_control,0.022901864493322464,0.13645418326693226,0.9072847682119205,0.23722943722943718,429720.0,22668.773989613906
A_V6_control,0.023279275545678338,0.13817448310640443,0.9072847682119205,0.23982494529540477,425220.0,22386.543237751186
A_V6_control,0.023293919730349326,0.13824419778002017,0.9072847682119205,0.23992994746059543,425040.0,22375.254007676675
A_V6_control,0.02362320437198036,0.1394279877425945,0.9039735099337748,0.2415929203539823,425100.0,22104.312485888462
A_V6_control,0.023864630658352922,0.14028776978417265,0.9039735099337748,0.2428825622775801,422940.0,21968.841724994356
A_V6_control,0.024053668182843733,0.14123124676668392,0.9039735099337748,0.2442953020134228,420600.0,21822.081734025738
A_V6_control,0.024391495363278594,0.1423338566195709,0.9006622516556292,0.24582015363759602,421020.0,21573.718672386545
A_V6_control,0.024436776223368175,0.14255765199161424,0.9006622516556292,0.24615384615384614,420480.0,21539.850982163018
A_V6_control,0.024772575698558983,0.14445034519383962,0.9006622516556292,0.24897025171624718,415980.0,21257.620230300294
A_V6_control,0.024886416248371283,0.14498933901918976,0.9006622516556292,0.24977043158861342,414720.0,21178.59561977873
A_V6_control,0.025165064763559036,0.14639397201291712,0.9006622516556292,0.2518518518518519,411480.0,20975.38947843757
A_V6_control,0.0253613592055163,0.14774579033134166,0.9006622516556292,0.2538497433504433,408420.0,20783.47256717092
A_V6_control,0.02555837664308487,0.14839061647572285,0.9006622516556292,0.25480093676814985,406980.0,20693.15872657485
A_V6_control,0.025973900816761392,0.14988938053097345,0.8973509933774835,0.25687203791469193,406860.0,20410.927974712125
A_V6_control,0.025976980955647655,0.15005537098560354,0.8973509933774835,0.25711574952561667,406500.0,20388.349514563106
A_V6_control,0.026306198469849152,0.1514301738642737,0.8940397350993378,0.25899280575539574,406740.0,20128.6972228494
A_V6_control,0.02646110272806648,0.15254237288135594,0.8940397350993378,0.26061776061776065,404400.0,19981.937231880787
A_V6_control,0.026738880282845105,0.15358361774744028,0.8940397350993378,0.2621359223300971,402240.0,19846.466470986677
A_V6_control,0.027171608831524807,0.15504322766570605,0.890728476821192,0.26411389297987237,402480.0,19586.814179272973
A_V6_control,0.027216984994235787,0.15522215810732834,0.890728476821192,0.26437346437346443,402120.0,19564.235719123957
A_V6_control,0.027877547850341498,0.15690866510538642,0.8874172185430463,0.26666666666666666,402000.0,19282.004967261233
A_V6_control,0.02796310993688042,0.15764705882352942,0.8874172185430463,0.26773226773226777,400560.0,19191.691126665162
A_V6_control,0.028210472924815495,0.1592394533571004,0.8874172185430463,0.2700251889168766,397500.0,18999.77421539851
A_V6_control,0.028600177071397215,0.16096096096096096,0.8874172185430463,0.27249618708693446,394260.0,18796.568074057348
A_V6_control,0.028821791115121086,0.16164053075995174,0.8874172185430463,0.27346938775510204,393000.0,18717.54346353579
A_V6_control,0.029302378248990863,0.16411512553582364,0.8874172185430463,0.27700258397932814,388500.0,18435.312711673065
A_V6_control,0.029367530729042253,0.16451810926949048,0.8874172185430463,0.2775763852925945,387780.0,18390.15579137503
A_V6_control,0.02986009845036271,0.166044776119403,0.8841059602649006,0.27958115183246074,388380.0,18153.08195981034
A_V6_control,0.030178539597716807,0.16750313676286072,0.8841059602649006,0.28164556962025317,385860.0,17995.032738767215
A_V6_control,0.030354727565790385,0.16803537586860393,0.8807947019867549,0.2822281167108754,388260.0,17870.85120794762
A_V6_control,0.030926034952849072,0.17062219371391918,0.8807947019867549,0.2858678130037614,383940.0,17599.909686159404
A_V6_control,0.030972261708194324,0.17073170731707318,0.8807947019867549,0.28602150537634413,383760.0,17588.620456084893
A_V6_control,0.0314241902025891,0.1735159817351598,0.8807947019867549,0.2899182561307902,379260.0,17306.389704222172
A_V6_control,0.03156261002812362,0.17454068241469817,0.8807947019867549,0.2913472070098576,377640.0,17204.78663355159
A_V6_control,0.031899641071087385,0.17639257294429708,0.8807947019867549,0.29392265193370165,374760.0,17024.15895235945
A_V6_control,0.032312149401265415,0.1786433848220282,0.8807947019867549,0.2970407593523171,371340.0,16809.66358094378
A_V6_control,0.03260373078677786,0.17936614969656103,0.8807947019867549,0.29803921568627456,370260.0,16741.928200496724
A_V6_control,0.033406698921189755,0.18106995884773663,0.8741721854304636,0.3,374520.0,16459.697448634004
A_V6_control,0.03352881313114051,0.18169304886441845,0.8741721854304636,0.3008547008547009,373620.0,16403.25129826146
A_V6_control,0.0340573863901232,0.18283321702721564,0.8675496688741722,0.3020172910662825,378780.0,16177.46669677128
A_V6_control,0.034276817952412865,0.1847672778561354,0.8675496688741722,0.30465116279069765,376080.0,16008.128245653646
A_V6_control,0.034541206067708975,0.18607954545454544,0.8675496688741722,0.30643274853801167,374280.0,15895.235944908556
A_V6_control,0.03529080280043852,0.18944323933477947,0.8675496688741722,0.31097922848664683,369780.0,15613.005193045834
A_V6_control,0.03529640093893954,0.18944323933477947,0.8675496688741722,0.31097922848664683,369780.0,15613.005193045834
A_V6_control,0.0359534466736066,0.19293078055964655,0.8675496688741722,0.31566265060240967,365280.0,15330.774441183112
A_V6_control,0.03618155558150847,0.1943620178041543,0.8675496688741722,0.31757575757575757,363480.0,15217.882140438021
A_V6_control,0.03652455451941328,0.19579894973743436,0.8642384105960265,0.3192660550458716,365160.0,15048.543689320388
A_V6_control,0.03732044198119481,0.19801980198019803,0.8609271523178808,0.32198142414860687,365940.0,14822.759087830209
A_V6_control,0.0375181224923155,0.19877675840978593,0.8609271523178808,0.3229813664596273,365040.0,14766.312937457666
A_V6_control,0.038357331627727476,0.20109119251753702,0.8543046357615894,0.3255520504731861,369300.0,14484.082185594943
A_V6_control,0.03860691474527249,0.20203602192638997,0.8543046357615894,0.32678910702976566,368220.0,14416.346805147889
A_V6_control,0.03929752360823751,0.20270270270270271,0.8443708609271523,0.326923076923077,377940.0,14201.851433732218
A_V6_control,0.039996863661052415,0.20531400966183574,0.8443708609271523,0.33031088082901555,375060.0,14021.223752540076
A_V6_control,0.040384364513695564,0.2060016220600162,0.8410596026490066,0.3309446254071661,377820.0,13919.620681869495
A_V6_control,0.041401999489949624,0.20860927152317882,0.8344370860927153,0.33377483443708605,382080.0,13637.389930006773
A_V6_control,0.0414213913877482,0.2087821043910522,0.8344370860927153,0.3339960238568588,381900.0,13626.100699932264
A_V6_control,0.04249418362963872,0.21132713440405748,0.8278145695364238,0.33670033670033667,386340.0,13355.15917814405
A_V6_control,0.04282343078260598,0.21331058020477817,0.8278145695364238,0.33921302578018997,384360.0,13230.977647324451
A_V6_control,0.04339995168174457,0.2158894645941278,0.8278145695364238,0.3424657534246575,381840.0,13072.928426281327
A_V6_control,0.044119886562988625,0.21919014084507044,0.8245033112582781,0.34631432545201674,382260.0,12824.565364642132
A_V6_control,0.04439344041770314,0.21977052074139453,0.8245033112582781,0.3470383275261324,381720.0,12790.697674418605
A_V6_control,0.04546031532269687,0.22382671480144403,0.8211920529801324,0.35177304964539,381600.0,12508.466922555881
A_V6_control,0.04584333623459378,0.22524977293369663,0.8211920529801324,0.35352815395580894,380340.0,12429.44231203432
A_V6_control,0.04669162560910346,0.22899353647276086,0.8211920529801324,0.3581227436823105,377100.0,12226.236170693159
A_V6_control,0.04742717160892971,0.23076923076923078,0.8145695364238411,0.35964912280701755,382800.0,12034.319259426507
A_V6_control,0.04781525917078347,0.23251417769376181,0.8145695364238411,0.36176470588235293,381360.0,11944.005418830437
A_V6_control,0.049361827220326206,0.2371732817037754,0.8112582781456954,0.3670411985018726,381240.0,11661.774666967713
A_V6_control,0.04937822504041807,0.2376333656644035,0.8112582781456954,0.36759189797449365,380880.0,11639.196206818695
A_V6_control,0.05106424658985392,0.24107142857142858,0.804635761589404,0.3709923664122137,385500.0,11379.543915104989
A_V6_control,0.051726967790163655,0.2429718875502008,0.8013245033112583,0.37288135593220334,387720.0,11244.073154210882
A_V6_control,0.052520961536394566,0.2451678535096643,0.7980132450331126,0.37509727626459144,389760.0,11097.313163242266
A_V6_control,0.053483517536492775,0.25,0.7947019867549668,0.38034865293185416,390000.0,10837.660871528562
A_V6_control,0.05360750594073535,0.25052192066805845,0.7947019867549668,0.38095238095238093,389640.0,10815.082411379544
A_V6_control,0.05537758062417533,0.2572347266881029,0.7947019867549668,0.388663967611336,385140.0,10532.85165951682
A_V6_control,0.05580350048259124,0.2594594594594595,0.7947019867549668,0.3911980440097799,383700.0,10442.53781892075
A_V6_control,0.05693883643412075,0.2643171806167401,0.7947019867549668,0.39669421487603307,380640.0,10250.620907654098
A_V6_control,0.05836736729430929,0.26853932584269663,0.7913907284768212,0.40100671140939603,381780.0,10047.414766312937
A_V6_control,0.05865936422600424,0.2706681766704417,0.7913907284768212,0.4033755274261604,380520.0,9968.390155791374
A_V6_control,0.06072648025080227,0.27855477855477856,0.7913907284768212,0.4120689655172414,376020.0,9686.159403928652
A_V6_control,0.06090811173506796,0.2795321637426901,0.7913907284768212,0.41313742437337947,375480.0,9652.291713705126
A_V6_control,0.06222516351792693,0.2857142857142857,0.7880794701986755,0.4193832599118942,375900.0,9403.92865206593
A_V6_control,0.06282987437746207,0.2890243902439024,0.7847682119205298,0.42245989304812837,377940.0,9257.168661097314
A_V6_control,0.06346112906569773,0.2933168316831683,0.7847682119205298,0.427027027027027,375780.0,9121.697900203206
A_V6_control,0.06536173741019077,0.2997448979591837,0.7781456953642384,0.4327808471454881,380220.0,8850.756378414992
A_V6_control,0.06543015472352783,0.3001277139208174,0.7781456953642384,0.43317972350230416,380040.0,8839.467148340484
A_V6_control,0.06772944857309805,0.3073878627968338,0.7715231788079471,0.439622641509434,384300.0,8557.23639647776
A_V6_control,0.06872139357028019,0.3097463284379172,0.7682119205298014,0.44148430066603234,387060.0,8455.633325807179
A_V6_control,0.07071014155741023,0.3165075034106412,0.7682119205298014,0.4483091787439614,384180.0,8275.005644615037
A_V6_control,0.0731933246970488,0.32072829131652664,0.7582781456953642,0.45078740157480324,393900.0,8060.5102731993675
A_V6_control,0.07399445523856889,0.3234463276836158,0.7582781456953642,0.45346534653465354,392820.0,7992.774892752315
A_V6_control,0.07634293937608021,0.33382137628111275,0.7549668874172185,0.46294416243654823,392700.0,7710.544140889591
A_V6_control,0.07696655390503969,0.33578792341678937,0.7549668874172185,0.4648318042813455,391980.0,7665.387220591556
A_V6_control,0.08004765788865069,0.34194528875379937,0.7450331125827815,0.46875,401340.0,7428.313389026868
A_V6_control,0.08223549577826851,0.3499222395023328,0.7450331125827815,0.47619047619047616,398640.0,7258.9749379092345
A_V6_control,0.08379296276570147,0.353870458135861,0.7417218543046358,0.479144385026738,401220.0,7146.082637164146
A_V6_control,0.08674187256363225,0.3618421052631579,0.7284768211920529,0.4835164835164835,414240.0,6863.851885301422
A_V6_control,0.08682316396580092,0.3618421052631579,0.7284768211920529,0.4835164835164835,414240.0,6863.851885301422
A_V6_control,0.09267064907667133,0.37392795883361923,0.7218543046357616,0.4926553672316385,418500.0,6581.621133438699
A_V6_control,0.09390204441225082,0.38045375218150085,0.7218543046357616,0.4982857142857142,416700.0,6468.72883269361
A_V6_control,0.09599528786248283,0.3888888888888889,0.7185430463576159,0.5046511627906978,418380.0,6299.390381575977
A_V6_control,0.10074296908372354,0.395910780669145,0.7052980132450332,0.5071428571428571,432300.0,6073.605780085798
A_V6_control,0.10199479957342031,0.399624765478424,0.7052980132450332,0.5101796407185628,431400.0,6017.159629713254
A_V6_control,0.10765434016378468,0.41338582677165353,0.695364238410596,0.5185185185185185,440040.0,5734.928877850531
A_V6_control,0.10897619565655917,0.41749502982107356,0.695364238410596,0.5217391304347826,439140.0,5678.482727477986
A_V6_control,0.11504017142316147,0.432712215320911,0.6920529801324503,0.532484076433121,439920.0,5452.6981259878075
A_V6_control,0.11905285150813279,0.44539614561027835,0.6887417218543046,0.5409622886866059,441420.0,5272.070444795665
A_V6_control,0.12087058257422814,0.4519650655021834,0.6854304635761589,0.5447368421052632,444180.0,5170.4673741250845
A_V6_control,0.12832544098293866,0.4780600461893764,0.6854304635761589,0.563265306122449,439680.0,4888.236622262361
A_V6_control,0.1285620384859283,0.4791666666666667,0.6854304635761589,0.5640326975476839,439500.0,4876.9473921878525
A_V6_control,0.1364779535515341,0.4950980392156863,0.6688741721854304,0.5690140845070423,457080.0,4606.005870399639
A_V6_control,0.14075486957119301,0.5062972292191436,0.6655629139072847,0.5751072961373391,459480.0,4481.824339580041
A_V6_control,0.15135406411176672,0.5169712793733682,0.6556291390728477,0.5781021897810219,470100.0,4323.775118536915
A_V6_control,0.1664590522021962,0.5303867403314917,0.6357615894039735,0.5783132530120481,492600.0,4086.701286972228
A_V6_control,0.16777780750849663,0.5363128491620112,0.6357615894039735,0.5818181818181818,491880.0,4041.5443666741926
A_V6_control,0.18710210612214523,0.5555555555555556,0.6125827814569537,0.5826771653543307,518040.0,3759.31361481147
A_V6_control,0.19073693172846026,0.5596330275229358,0.6059602649006622,0.5818759936406994,525720.0,3691.5782343644164
A_V6_control,0.2041474421467181,0.5714285714285714,0.5827814569536424,0.5770491803278688,552960.0,3477.0828629487464
A_V6_control,0.21458663215916432,0.5910652920962199,0.5695364238410596,0.5801011804384486,567420.0,3285.165951682095
A_V6_control,0.22134610294724763,0.5971731448763251,0.5596026490066225,0.5777777777777778,579120.0,3194.852111086024
A_V6_control,0.24517716490761984,0.624031007751938,0.5331125827814569,0.575,609660.0,2912.621359223301
A_V6_control,0.24737495313732985,0.62890625,0.5331125827814569,0.5770609318996416,609300.0,2890.042899074283
A_V6_control,0.28870261745655296,0.648068669527897,0.5,0.5644859813084112,648960.0,2630.390607360578
A_V6_control,0.3072539014761493,0.669683257918552,0.4900662251655629,0.5659655831739961,659940.0,2494.919846466471
A_V6_control,0.3289691036938267,0.7115384615384616,0.4900662251655629,0.5803921568627451,657600.0,2348.159855497855
A_V6_control,0.3665455495862502,0.7419354838709677,0.45695364238410596,0.5655737704918032,697440.0,2099.796793858659
A_V6_control,0.37222150885600763,0.7431693989071039,0.4503311258278146,0.5608247422680412,705660.0,2065.929103635132
A_V6_control,0.4270319210266897,0.7911392405063291,0.4139072847682119,0.5434782608695653,749340.0,1783.698351772409
A_V6_control,0.4598250873396865,0.7933333333333333,0.39403973509933776,0.5265486725663717,774180.0,1693.384511176338
A_V6_control,0.5243889284804476,0.8421052631578947,0.3708609271523179,0.5149425287356321,801780.0,1501.4675999096862
A_V6_control,0.6138552539083016,0.8782608695652174,0.3344370860927152,0.48441247002398075,846720.0,1298.2614585685255
A_V6_control,0.6636147763459609,0.8796296296296297,0.31456953642384106,0.4634146341463415,871740.0,1219.2368480469631
A_V6_control,0.7689460352424867,0.8795180722891566,0.24172185430463577,0.3792207792207792,963600.0,937.0060961842402
A_V6_control,0.7732230012180017,0.9125,0.24172185430463577,0.3821989528795812,963060.0,903.1384059607135
A_V6_control,0.8250953154718629,0.9310344827586207,0.17880794701986755,0.3,1042320.0,654.7753443215173
A_V6_control,0.8561667441789412,0.9555555555555556,0.1423841059602649,0.2478386167146974,1088160.0,508.0153533529013
A_V6_control,0.8980262341950214,0.9393939393939394,0.10264900662251655,0.18507462686567164,1138560.0,372.5445924587943
A_V6_control,0.9535299402275923,1.0,0.026490066225165563,0.05161290322580646,1234800.0,90.31384059607134
