modelo,threshold,precision,recall,f1,cost_q,alertas_por_100k
A,0.00035640406151983897,0.034093474825016935,1.0,0.06593886462882095,1540080.0,100000.0
A,0.0005745452749583813,0.03420545928191188,1.0,0.0661482860584821,1534860.0,99672.61232783923
A,0.0006455745555388696,0.03431818181818182,1.0,0.06635904196879806,1529640.0,99345.22465567848
A,0.0007035448796979002,0.03443164975487402,1.0,0.06657114515595725,1524420.0,99017.83698351773
A,0.0007080999849109666,0.03443950279393317,1.0,0.06658582295226545,1524060.0,98995.2585233687
A,0.0007382274967810072,0.03454587051018074,1.0,0.06678460858027423,1519200.0,98690.44931135696
A,0.0007683734461289298,0.03461318051575931,1.0,0.06691037997119752,1516140.0,98498.5324000903
A,0.0007795416669522454,0.03466085160105589,1.0,0.06699944536882974,1513980.0,98363.06163919621
A,0.0008163851679711986,0.03477660064486412,1.0,0.06721566881816159,1508760.0,98035.67396703546
A,0.0008189462343211881,0.03478861882271628,1.0,0.06723811644216854,1508220.0,98001.80627681193
A,0.0008440401380657635,0.03477758521086077,0.9966887417218543,0.0672100033493357,1507920.0,97708.28629487469
A,0.0008679589409762051,0.03485006367951835,0.9966887417218543,0.06734534064212999,1504680.0,97505.08015353353
A,0.0008775490377043114,0.034894504984929284,0.9966887417218543,0.06742831541218638,1502700.0,97380.89862271392
A,0.0009076331028216807,0.03501221356287077,0.9966887417218543,0.06764805034273513,1497480.0,97053.51095055317
A,0.0009112117124710456,0.03502443565278101,0.9966887417218543,0.06767086330935251,1496940.0,97019.64326032964
A,0.0009414780660213572,0.035130718954248366,0.9966887417218543,0.06786922209695603,1492260.0,96726.12327839242
A,0.0009624291636440303,0.0352046783625731,0.9966887417218543,0.06800723000451876,1489020.0,96522.91713705126
A,0.0009761532395644485,0.035250029277432954,0.9966887417218543,0.06809184481393507,1487040.0,96398.73560623165
A,0.0010086013858667045,0.03537015276145711,0.9966887417218543,0.06831593281888335,1481820.0,96071.34793407089
A,0.0010102555053428945,0.03538678579826005,0.9966887417218543,0.06834695731153496,1481100.0,96026.19101377287
A,0.0010381677735605333,0.03549109774790709,0.9966887417218543,0.06854150062620971,1476600.0,95743.96026191014
A,0.0010472522141653496,0.035570787047979203,0.9966887417218543,0.06869009584664537,1473180.0,95529.46489049446
A,0.001057404495618684,0.035612872692853764,0.9966887417218543,0.06876856294265478,1471380.0,95416.57258974938
A,0.001091884860061903,0.03573548616882346,0.9966887417218543,0.06899713467048711,1466160.0,95089.18491758862
A,0.0010938941582976885,0.03575671180803041,0.9966887417218543,0.06903669724770643,1465260.0,95032.73876721607
A,0.0011146368960747138,0.03585894686680963,0.9966887417218543,0.06922723091076356,1460940.0,94761.79724542786
A,0.0011330476543395633,0.035944590398853594,0.9966887417218543,0.0693868142000922,1457340.0,94536.01264393768
A,0.0011466003684712897,0.03598326359832636,0.9966887417218543,0.06945886696665514,1455720.0,94434.40957326711
A,0.0011701681131216994,0.0361084452975048,0.9966887417218543,0.06969205834683956,1450500.0,94107.02190110635
A,0.001174084123073063,0.036130116432601125,0.9966887417218543,0.06973242210123942,1449600.0,94050.5757507338
A,0.0012038086204421469,0.03623450102323342,0.9966887417218543,0.06992682076896271,1445280.0,93779.63422894558
A,0.001214541066057322,0.036321950042234825,0.9966887417218543,0.07008964955175223,1441680.0,93553.8496274554
A,0.00122102435578644,0.03636143996134332,0.9966887417218543,0.07016317016317017,1440060.0,93452.24655678483
A,0.001245866350814382,0.036489271426839616,0.9966887417218543,0.07040112267571044,1434840.0,93124.85888462407
A,0.0012498597872791556,0.036515831614703384,0.9966887417218543,0.07045055588063195,1433760.0,93057.12350417701
A,0.001272402831336852,0.03661800486618005,0.9966887417218543,0.07064069467261207,1429620.0,92797.47121246331
A,0.001284395272858093,0.0367117941212343,0.9966887417218543,0.07081519821197506,1425840.0,92560.39738089862
A,0.0012944030421880679,0.036747649859602,0.9966887417218543,0.07088190274343575,1424400.0,92470.08354030256
A,0.0013171510025954633,0.03687821612349914,0.9966887417218543,0.07112476370510397,1419180.0,92142.69586814179
A,0.001326066792935356,0.03690987124463519,0.9966887417218543,0.07118363485869693,1417920.0,92063.67125762023
A,0.0013558173155843215,0.03700971351284889,0.9966887417218543,0.07136929460580912,1413960.0,91815.30819598104
A,0.0013792120580502533,0.0371100973985945,0.9966887417218543,0.0715559253536194,1410000.0,91566.94513434183
A,0.0013838533162452114,0.037142152023692004,0.9966887417218543,0.07161551272900309,1408740.0,91487.92052382027
A,0.0014108161851438049,0.03727554179566563,0.9966887417218543,0.07186343559746926,1403520.0,91160.53285165952
A,0.001416413780003911,0.037307882994546356,0.9966887417218543,0.07192353643966547,1402260.0,91081.50824113796
A,0.0014431108544634569,0.0374098931145911,0.9966887417218543,0.07211308097747963,1398300.0,90833.14517949875
A,0.001457061968871992,0.03751246261216351,0.9966887417218543,0.0723036271919289,1394340.0,90584.78211785956
A,0.0014616071804353459,0.03754521641511788,0.9966887417218543,0.07236446688303882,1393080.0,90505.757507338
A,0.0015001007674460473,0.03768152228342514,0.9966887417218543,0.07261761158021714,1387860.0,90178.36983517725
A,0.0015063766946103471,0.037719298245614034,0.9966887417218543,0.07268775658053611,1386420.0,90088.05599458117
A,0.001534800435711264,0.03781882145998241,0.9966887417218543,0.07287253359157486,1382640.0,89850.98216301648
A,0.0015617375455369558,0.037928427419354836,0.9966887417218543,0.07307598931779558,1378500.0,89591.32987130278
A,0.001570866481554892,0.037957124842370744,0.9966887417218543,0.07312925170068027,1377420.0,89523.59449085573
A,0.0016015215109909864,0.03809644348816606,0.9966887417218543,0.07338778495672316,1372200.0,89196.20681869496
A,0.001609528536846895,0.038139888494678156,0.9966887417218543,0.07346839150598,1370580.0,89094.60374802438
A,0.0016321160361046718,0.03823678861788618,0.9966887417218543,0.07364815267922682,1366980.0,88868.81914653421
A,0.0016539288290189369,0.03835372069317024,0.9966887417218543,0.07386503067484664,1362660.0,88597.87762474599
A,0.001659445099754869,0.03837817161800332,0.9966887417218543,0.07391037446286067,1361760.0,88541.43147437344
A,0.0016953694540879833,0.03852060404402355,0.9966887417218543,0.07417447018235584,1356540.0,88214.04380221269
A,0.001707379706249078,0.03856502242152467,0.9966887417218543,0.07425681509806341,1354920.0,88112.44073154211
A,0.0017233390481540818,0.038664097623635194,0.9966887417218543,0.0744404599975269,1351320.0,87886.65613005194
A,0.0017453710364928549,0.03878366189923979,0.9966887417218543,0.07466203646285503,1347000.0,87615.71460826372
A,0.0017502697103912617,0.0388086642599278,0.9966887417218543,0.0747083643584016,1346100.0,87559.26845789117
A,0.001774306340892537,0.03895431603468358,0.9966887417218543,0.07497820401046208,1340880.0,87231.8807857304
A,0.0017846428982161962,0.03900479460930413,0.9966887417218543,0.07507170470133433,1339080.0,87118.98848498533
A,0.0018095462965290261,0.03910106521174331,0.9966887417218543,0.07525,1335660.0,86904.49311356965
A,0.0018380334514530156,0.03922846344324254,0.9966887417218543,0.0754858934169279,1331160.0,86622.26236170693
A,0.0018422048545230902,0.03924892424044856,0.9966887417218543,0.07552377367958851,1330440.0,86577.1054414089
A,0.0018688951738803793,0.039397905759162306,0.9966887417218543,0.07579954671367414,1325220.0,86249.71776924813
A,0.0018817502820844434,0.03945471228208153,0.9966887417218543,0.0759046778464254,1323240.0,86125.53623842854
A,0.0019017684863446053,0.03954802259887006,0.9966887417218543,0.07607734108429166,1320000.0,85922.33009708737
A,0.0019314836244431937,0.03968358602504944,0.9966887417218543,0.07632813490554077,1315320.0,85628.81011515015
A,0.0019340258450788346,0.03969928778686362,0.9966887417218543,0.07635717909690512,1314780.0,85594.94242492663
A,0.001955105971133911,0.03985171455050973,0.9966887417218543,0.07663908338637812,1309560.0,85267.55475276586
A,0.0019751237976778076,0.039915130619281265,0.9966887417218543,0.07675634323600664,1307400.0,85132.08399187175
A,0.0019924420822580633,0.040005316321105794,0.9966887417218543,0.07692307692307693,1304340.0,84940.1670806051
A,0.0020175999917257264,0.04014403841024273,0.9966887417218543,0.07717948717948718,1299660.0,84646.64709866788
A,0.002021576649954899,0.04016010673782522,0.9966887417218543,0.07720918301910992,1299120.0,84612.77940844434
A,0.002044183618332517,0.040316099651754624,0.9966887417218543,0.0774974253347065,1293900.0,84285.3917362836
A,0.0020541510835439293,0.040381003488060105,0.9966887417218543,0.07761732851985559,1291740.0,84149.92097538948
A,0.0020687386794590585,0.040473309130025545,0.9966887417218543,0.07778782788473963,1288680.0,83958.00406412283
A,0.002097296304231318,0.040620782726045884,0.9966887417218543,0.07806016597510372,1283820.0,83653.19485211109
A,0.002098713921502237,0.0406317494600432,0.9966887417218543,0.0780804150453956,1283460.0,83630.61639196206
A,0.002135806256512839,0.04079143515381488,0.9966887417218543,0.07837521156099465,1278240.0,83303.22871980131
A,0.002148478756961425,0.040863426554439315,0.9966887417218543,0.07850808555033907,1275900.0,83156.46872883268
A,0.002170161991395267,0.040952380952380955,0.9966887417218543,0.07867224255096707,1273020.0,82975.84104764056
A,0.002200958413347242,0.04110898661567878,0.9966887417218543,0.07896117523609654,1267980.0,82659.7426055543
A,0.002202216323628483,0.041114601830351045,0.9966887417218543,0.07897153351698806,1267800.0,82648.45337547979
A,0.0022312180222919782,0.041278113000548546,0.9966887417218543,0.07927311035027654,1262580.0,82321.06570331904
A,0.0022435166864402147,0.04135751580104424,0.9966887417218543,0.07941952506596306,1260060.0,82163.01648227591
A,0.0022698522538761798,0.04144292991876635,0.9966887417218543,0.07957699933906147,1257360.0,81993.67803115828
A,0.002305207016081092,0.041603317208016584,0.9966887417218543,0.07987262836672415,1252320.0,81677.57958907202
A,0.0023053999792125436,0.041609068288636995,0.9966887417218543,0.0798832271762208,1252140.0,81666.29035899752
A,0.0023384568205023397,0.0417765440666204,0.9966887417218543,0.08019182096709739,1246920.0,81338.90268683675
A,0.0023528670640050754,0.04185787790293422,0.9966887417218543,0.08034165220872815,1244400.0,81180.85346579364
A,0.002369621929586648,0.0419453734671126,0.9966887417218543,0.08050280823749666,1241700.0,81011.515014676
A,0.002398088846436596,0.04211557296767875,0.9966887417218543,0.0808162169418714,1236480.0,80684.12734251525
A,0.002398620986173877,0.04211557296767875,0.9966887417218543,0.0808162169418714,1236480.0,80684.12734251525
A,0.002426106915664469,0.04228715931441416,0.9966887417218543,0.08113207547169811,1231260.0,80356.73967035448
A,0.002444572815790787,0.042376460650429396,0.9966887417218543,0.0812964213369345,1228560.0,80187.40121923685
A,0.0024572402109279885,0.042460149527436875,0.9966887417218543,0.08145041266405087,1226040.0,80029.35199819373
A,0.002500328125481666,0.04263456090651558,0.9966887417218543,0.08177125781037761,1220820.0,79701.96432603296
A,0.0025003990922067647,0.04264060065165037,0.9966887417218543,0.08178236652628719,1220640.0,79690.67509595845
A,0.0025442890103475856,0.042810411036836866,0.9966887417218543,0.08209464066548479,1215600.0,79374.57665387221
A,0.0025600590095555126,0.04290805416963649,0.9966887417218543,0.08227415607489409,1212720.0,79193.94897268007
A,0.0025709961601033922,0.04298771779491574,0.9966887417218543,0.08242059145673604,1210380.0,79047.18898171144
A,0.0026031485803684863,0.043166499354653665,0.9966887417218543,0.0827491408934708,1205160.0,78719.80130955069
A,0.0026033139687722407,0.04317269076305221,0.9966887417218543,0.08276051690954084,1204980.0,78708.51207947618
A,0.0026346134740960793,0.04334677419354839,0.9966887417218543,0.0830803201766492,1199940.0,78392.41363738994
A,0.002649719883131565,0.04344688221709007,0.9966887417218543,0.08326417704011065,1197060.0,78211.78595619778
A,0.0026625604923376993,0.04352856109906002,0.9966887417218543,0.08341416100872939,1194720.0,78065.02596522917
A,0.0027007765370226726,0.04371187917513796,0.9966887417218543,0.08375069560378408,1189500.0,77737.6382930684
A,0.0027012677085553223,0.0437245787332946,0.9966887417218543,0.08377400500974116,1189140.0,77715.0598329194
A,0.002731862986200104,0.043896747848913516,0.9966887417218543,0.08408995669786282,1184280.0,77410.25062090765
A,0.0027580180556197173,0.044005847953216375,0.9966887417218543,0.08429011481377767,1181220.0,77218.33370964101
A,0.0027777419442918277,0.04408318687756298,0.9966887417218543,0.0844319775596073,1179060.0,77082.8629487469
A,0.0028087265523915324,0.04427121635534637,0.9966887417218543,0.08477679200112659,1173840.0,76755.47527658613
A,0.0028110058771444422,0.044290759270158915,0.9966887417218543,0.08481262327416172,1173300.0,76721.6075863626
A,0.0028418018716380128,0.044460856720827176,0.9966887417218543,0.08512443438914026,1168620.0,76428.08760442538
A,0.0028597798790440526,0.04457938388625592,0.9966887417218543,0.08534165012758718,1165380.0,76224.88146308421
A,0.002869011009498112,0.0446521287642783,0.9966887417218543,0.08547493965639642,1163400.0,76100.69993226462
A,0.0029079130696956557,0.044845053635280095,0.9966887417218543,0.08582834331337326,1158180.0,75773.31226010386
A,0.0029098198677515847,0.0448651065732598,0.9966887417218543,0.08586506917700756,1157640.0,75739.44456988033
A,0.002945198401728902,0.04503965285051623,0.9966887417218543,0.086184681460272,1152960.0,75445.9245879431
A,0.002961557762886821,0.04486121530382595,0.9900662251655629,0.08583321372183148,1158480.0,75242.71844660194
A,0.0029726555178898684,0.04493537721671175,0.9900662251655629,0.08596894767107532,1156500.0,75118.53691578234
A,0.0030059021706333264,0.04513207547169811,0.9900662251655629,0.0863288580915259,1151280.0,74791.14924362158
A,0.003009824062038541,0.045159341489201026,0.9900662251655629,0.08637873754152824,1150560.0,74745.99232332355
A,0.0030505883534896415,0.04533050333535476,0.9900662251655629,0.08669179472310815,1146060.0,74463.76157146083
A,0.003090940634464154,0.04546145659115098,0.9900662251655629,0.0869312400058148,1142640.0,74249.26620004517
A,0.0031073107057390317,0.045530683721638494,0.9900662251655629,0.08705779589459892,1140840.0,74136.37389930007
A,0.003149997282067484,0.04573263995105537,0.9900662251655629,0.08742690058479531,1135620.0,73808.9862271393
A,0.003152911334367446,0.04576764120618399,0.9900662251655629,0.08749085588880762,1134720.0,73752.54007676676
A,0.0031983237816268716,0.045936395759717315,0.9900662251655629,0.08779914843635296,1130400.0,73481.59855497855
A,0.0032276719936834646,0.04607797811681307,0.9900662251655629,0.0880577234575173,1126800.0,73255.81395348837
A,0.0032343244961731956,0.046141975308641975,0.9900662251655629,0.08817457976997936,1125180.0,73154.21088281779
A,0.0032702754435667484,0.046349403193303364,0.9900662251655629,0.08855323559899304,1119960.0,72826.82321065704
A,0.003275957850030408,0.046385355259075396,0.9900662251655629,0.0886188500296384,1119060.0,72770.37706028449
A,0.0033079012889879376,0.0465587044534413,0.9900662251655629,0.08893515764425937,1114740.0,72499.43553849627
A,0.003326814142765742,0.046704154951577634,0.9900662251655629,0.08920047732696898,1111140.0,72273.6509370061
A,0.003340548415945107,0.04676990458313781,0.9900662251655629,0.08932038834951456,1109520.0,72172.04786633552
A,0.0033743489447513103,0.04698302954116908,0.9900662251655629,0.0897089708970897,1104300.0,71844.66019417476
A,0.0033796771529766754,0.04702736709657125,0.9900662251655629,0.0897897897897898,1103220.0,71776.9248137277
A,0.003403457702753574,0.04719810576164167,0.9900662251655629,0.090100949224047,1099080.0,71517.272522014
A,0.0034290456376460396,0.047355083940449794,0.9900662251655629,0.09038694074969769,1095300.0,71280.19869044931
A,0.0034439678282012667,0.047415160164922296,0.9900662251655629,0.09049636803874091,1093860.0,71189.88484985323
A,0.0034816312268633946,0.04763422016887048,0.9900662251655629,0.09089527283781729,1088640.0,70862.49717769248
A,0.0034932834054928904,0.047687400318979264,0.9900662251655629,0.09099208764455265,1087380.0,70783.47256717093
A,0.0035180802397808074,0.04785531370038412,0.9900662251655629,0.09129770992366411,1083420.0,70535.10950553173
A,0.003569925127220114,0.04786379698040476,0.9867549668874173,0.09129901960784315,1083840.0,70286.74644389252
A,0.0035858995616197004,0.0479176716513909,0.9867549668874173,0.09139702499616624,1082580.0,70207.72183337096
A,0.0036432184085587256,0.04798061389337641,0.9834437086092715,0.09149722735674676,1081740.0,69880.3341612102
A,0.003647482019493404,0.048034934497816595,0.9834437086092715,0.09159599074787973,1080480.0,69801.30955068865
A,0.003681144260482079,0.048206459990261324,0.9834437086092715,0.09190778276342255,1076520.0,69552.94648904946
A,0.00370799966237238,0.048379214855839715,0.9834437086092715,0.09222170470423847,1072560.0,69304.58342741025
A,0.0037148797871425043,0.048434442270058706,0.9834437086092715,0.0923220391669257,1071300.0,69225.55881688869
A,0.003765316840136765,0.04866459118466328,0.9834437086092715,0.09274004683840749,1066080.0,68898.17114472792
A,0.0037758440961516548,0.04872846595570139,0.9834437086092715,0.09285602626231045,1064640.0,68807.85730413186
A,0.0038137180220669587,0.04889693776753375,0.9834437086092715,0.09316185696361357,1060860.0,68570.78347256717
A,0.0038501443570140674,0.04908279623202776,0.9834437086092715,0.09349913426727531,1056720.0,68311.13118085347
A,0.0038616467207754604,0.04913151364764268,0.9834437086092715,0.09358752166377816,1055640.0,68243.39580040642
A,0.0039209213030014295,0.049368351063829786,0.9834437086092715,0.094017094017094,1050420.0,67916.00812824565
A,0.003931716754651541,0.04944231729648743,0.9834437086092715,0.094151212553495,1048800.0,67814.40505757507
A,0.0039778860389926216,0.04960748287957241,0.9834437086092715,0.09445062808077596,1045200.0,67588.62045608489
A,0.004011954752779509,0.049639443233271845,0.9801324503311258,0.09449321628092579,1045260.0,67317.67893429668
A,0.00401856069352811,0.04968110104061766,0.9801324503311258,0.09456869009584666,1044360.0,67261.23278392415
A,0.004079272212979385,0.04992410187215382,0.9801324503311258,0.09500882683357406,1039140.0,66933.84511176338
A,0.004101138285076055,0.05000844737286704,0.9801324503311258,0.09516154959009805,1037340.0,66820.95281101829
A,0.004135697109967713,0.05016949152542373,0.9801324503311258,0.09545307965172524,1033920.0,66606.45743960261
A,0.004177144351489656,0.05037440435670524,0.9801324503311258,0.09582389122693427,1029600.0,66335.51591781441
A,0.004189491112671857,0.05041730539942088,0.9801324503311258,0.09590150656082941,1028700.0,66279.06976744186
A,0.00423198628256774,0.05066757959602876,0.9801324503311258,0.09635416666666666,1023480.0,65951.68209528111
A,0.004253130792083438,0.05075445816186557,0.9801324503311258,0.09651124877730681,1021680.0,65838.78979453602
A,0.004292098586754584,0.05092035093755376,0.9801324503311258,0.09681112019623875,1018260.0,65624.29442312034
A,0.004327996260756511,0.0509675190048376,0.9768211920529801,0.09688013136288999,1018140.0,65342.06367125762
A,0.004338547960070589,0.05100276625172891,0.9768211920529801,0.09694380545514295,1017420.0,65296.906750959584
A,0.0044151601640899174,0.051259774109470024,0.9768211920529801,0.09740795773485224,1012200.0,64969.51907879882
A,0.0044274444542684145,0.051357938718662954,0.9768211920529801,0.09758518028448561,1010220.0,64845.33754797923
A,0.004455187714476655,0.05151938526021656,0.9768211920529801,0.09787657597876577,1006980.0,64642.13140663807
A,0.004495450837463237,0.05175438596491228,0.9768211920529801,0.09830056647784072,1002300.0,64348.61142470083
A,0.004505596998555026,0.05178163945936458,0.9768211920529801,0.09834972495415903,1001760.0,64314.743734477306
A,0.004584736180921133,0.05204657727593508,0.9768211920529801,0.09882747068676717,996540.0,63987.35606231655
A,0.004605933388596674,0.052157001414427154,0.9768211920529801,0.09902651896609599,994380.0,63851.88530142244
A,0.004633371275802358,0.0523142401134953,0.9768211920529801,0.09930988049149975,991320.0,63659.968390155795
A,0.004688810046278532,0.05255656511669339,0.9768211920529801,0.09974640743871513,986640.0,63366.44840821856
A,0.004693533477143107,0.05258467023172905,0.9768211920529801,0.09979702300405954,986100.0,63332.580717995035
A,0.004760152620740908,0.05285791076867945,0.9768211920529801,0.1002889682134965,980880.0,63005.193045834276
A,0.004778239529487327,0.05297180822409769,0.9768211920529801,0.10049395332992675,978720.0,62869.722284940166
A,0.004803400567565576,0.05313400576368876,0.9768211920529801,0.1007857874957294,975660.0,62677.80537367351
A,0.004860461267283947,0.05339366515837104,0.9768211920529801,0.10125278874206281,970800.0,62372.99616166177
A,0.00486241648124475,0.053413000181061016,0.9768211920529801,0.10128755364806866,970440.0,62350.417701512764
A,0.004929263449030364,0.053694939934473974,0.9768211920529801,0.10179434092477571,965220.0,62023.030029352
A,0.0049545565804088665,0.053822295201605544,0.9768211920529801,0.10202317136434376,962880.0,61876.27003838339
A,0.004987024863367816,0.053979871912168347,0.9768211920529801,0.10230622507369519,960000.0,61695.64235719124
A,0.005048327112381252,0.054257862791980874,0.9768211920529801,0.10280536678863912,954960.0,61379.543915104994
A,0.005050989024214231,0.05426784400294334,0.9768211920529801,0.10282328337399792,954780.0,61368.25468503048
A,0.005102080587373039,0.05455890512298872,0.9768211920529801,0.10334559467507445,949560.0,61040.86701286973
A,0.005127563361286122,0.05470053773409976,0.9768211920529801,0.1035996488147498,947040.0,60882.817791826594
A,0.00515168621830885,0.05485310524358498,0.9768211920529801,0.10387323943661972,944340.0,60713.47934070897
A,0.005203604309532677,0.05495327102803738,0.9735099337748344,0.10403397027600848,943680.0,60397.38089862271
A,0.005207382667789022,0.054963544587773416,0.9735099337748344,0.10405238010971511,943500.0,60386.0916685482
A,0.005261519110723489,0.05526315789473684,0.9735099337748344,0.10458911419423693,938280.0,60058.70399638744
A,0.005290626563604151,0.05522050508857897,0.9701986754966887,0.10449358059914407,940140.0,59900.65477534432
A,0.005322878668419293,0.055377055377055374,0.9701986754966887,0.10477382442338637,937440.0,59731.31632422669
A,0.005383393969578464,0.0556822500950209,0.9701986754966887,0.10531991373112869,932220.0,59403.92865206593
A,0.005384847940064746,0.0556822500950209,0.9701986754966887,0.10531991373112869,932220.0,59403.92865206593
A,0.005433653112998853,0.055990827441238296,0.9701986754966887,0.10587172538392049,927000.0,59076.54097990517
A,0.00546524007271574,0.056151782292065924,0.9701986754966887,0.10615942028985507,924300.0,58907.20252878754
A,0.0055169481298708,0.056302843966179864,0.9701986754966887,0.10642934980021794,921780.0,58749.15330774442
A,0.00556910033190952,0.0566183574879227,0.9701986754966887,0.1069928793134928,916560.0,58421.76563558366
A,0.005569259536274278,0.05662930034789331,0.9701986754966887,0.10701241782322864,916380.0,58410.47640550915
A,0.0056309519043637474,0.05693742712786631,0.9701986754966887,0.10756240822320119,911340.0,58094.37796342289
A,0.005661722763154951,0.057115009746588695,0.9701986754966887,0.10787923416789397,908460.0,57913.75028223075
A,0.005686983970552831,0.05726011334766465,0.9701986754966887,0.10813803284738881,906120.0,57766.99029126213
A,0.005743633930158774,0.057586477987421385,0.9701986754966887,0.10871985157699444,900900.0,57439.60261910138
A,0.0057450559530060645,0.05759779830941616,0.9701986754966887,0.10874002597884579,900720.0,57428.313389026865
A,0.005808841898798289,0.05791658430519866,0.9701986754966887,0.10930796493191569,895680.0,57112.21494694062
A,0.005841354828320826,0.05810033710093199,0.9701986754966887,0.10963517305893357,892800.0,56931.58726574847
A,0.005879345703372598,0.058250497017892644,0.9701986754966887,0.1099024756189047,890460.0,56784.82727477986
A,0.005958639042319831,0.05818836232753449,0.9635761589403974,0.10974919856684896,894000.0,56457.439602619095
A,0.005959309592513571,0.05821164232846569,0.9635761589403974,0.10979060554612338,893640.0,56434.86114247009
A,0.006003129539976765,0.0585277554304103,0.9635761589403974,0.11035267349260522,888780.0,56130.05193045834
A,0.006046068754342847,0.05872855701311806,0.9635761589403974,0.11070953015027582,885720.0,55938.13501919169
A,0.006081094383704508,0.05887113089217075,0.9635761589403974,0.11096282173498571,883560.0,55802.664258297584
A,0.006133326097950848,0.059218559218559216,0.9635761589403974,0.111579754601227,878340.0,55475.276586136824
A,0.006141469021500103,0.05925473427000611,0.9635761589403974,0.111643967005563,877800.0,55441.4088959133
A,0.006193705546085293,0.059570112589559875,0.9635761589403974,0.1122035858877964,873120.0,55147.888913976065
A,0.006231905811370686,0.0597904253133347,0.9635761589403974,0.11259431224608242,869880.0,54944.682772634915
A,0.006253659994124799,0.05992586490939045,0.9635761589403974,0.11283443195036837,867900.0,54820.50124181531
A,0.006315068736313794,0.06028589185829708,0.9635761589403974,0.1134724117761747,862680.0,54493.11356965455
A,0.006317697190434999,0.06032338308457712,0.9635761589403974,0.11353882169332813,862140.0,54459.245879431015
A,0.006377062055939819,0.060650270946227595,0.9635761589403974,0.11411764705882353,857460.0,54165.72589749379
A,0.00643583744210921,0.06087866108786611,0.9635761589403974,0.11452184179456908,854220.0,53962.51975615263
A,0.00647629893586068,0.06080939400293563,0.9602649006622517,0.11437586274896469,856620.0,53838.338225333035
A,0.006559715094683168,0.06118143459915612,0.9602649006622517,0.11503371677905594,851400.0,53510.950553172275
A,0.006567048529315845,0.06123310810810811,0.9602649006622517,0.11512504962286622,850680.0,53465.793632874236
A,0.006637266499906597,0.061558055614519214,0.9602649006622517,0.11569918212647118,846180.0,53183.562881011516
A,0.006709698763304649,0.06180733162830349,0.9602649006622517,0.11613936724068882,842760.0,52969.06750959584
A,0.0067343841441686895,0.06193934216146946,0.9602649006622517,0.11637239165329055,840960.0,52856.17520885076
A,0.006833024443163015,0.06232538147431765,0.9602649006622517,0.1170534813319879,835740.0,52528.787536690004
A,0.006839425371266533,0.06239242685025818,0.9602649006622517,0.11717171717171716,834840.0,52472.34138631746
A,0.006908113681146501,0.06271626297577855,0.9602649006622517,0.11774259033698743,830520.0,52201.39986452924
A,0.0069725959617795265,0.0629887054735013,0.9602649006622517,0.1182225845902976,826920.0,51975.615263039064
A,0.007002982042601935,0.06311207834602829,0.9602649006622517,0.11843986113947313,825300.0,51874.01219236848
A,0.007081707618944268,0.06351292159439334,0.9602649006622517,0.11914543960558752,820080.0,51546.62452020772
A,0.007087689001629185,0.06358254768691077,0.9602649006622517,0.1192679415998355,819180.0,51490.17836983518
A,0.007172892487927498,0.06391888913378885,0.9602649006622517,0.11985947509816079,814860.0,51219.23684804697
A,0.007239167444742577,0.06420190391852999,0.9602649006622517,0.12035692052293007,811260.0,50993.45224655678
A,0.007260935030120762,0.06433007985803017,0.9602649006622517,0.12058212058212059,809640.0,50891.84917588621
A,0.007337061307044582,0.0647465952221478,0.9602649006622517,0.12131353273373773,804420.0,50564.46150372544
A,0.007357102770175429,0.06483344511513525,0.9602649006622517,0.1214659685863874,803340.0,50496.72612327839
A,0.007437831478331234,0.0651685393258427,0.9602649006622517,0.12205387205387204,799200.0,50237.07383156468
A,0.00750115430898278,0.06547753443215172,0.9602649006622517,0.12259564574085817,795420.0,50000.0
A,0.007527394215291202,0.0655960190002262,0.9602649006622517,0.12280330298539063,793980.0,49909.68615940393
A,0.0076077144057002674,0.06602914389799636,0.9602649006622517,0.12356199403493823,788760.0,49582.29848724317
A,0.007628732191061616,0.0661345496009122,0.9602649006622517,0.12374653296351609,787500.0,49503.27387672161
A,0.007739664383986734,0.06646802658721064,0.9602649006622517,0.12433011789924975,783540.0,49254.91081508241
A,0.0077955680930631285,0.06680488366735775,0.9602649006622517,0.12491923325436138,779580.0,49006.547753443214
A,0.007833894117142725,0.06691278264882326,0.9602649006622517,0.12510785159620363,778320.0,48927.52314292165
A,0.007899739005239373,0.06713124274099884,0.956953642384106,0.12546125461254612,777480.0,48600.1354707609
A,0.007942291898440663,0.06725622527344659,0.956953642384106,0.12567949554250923,776040.0,48509.82163016482
A,0.008006528297070228,0.06758652946679139,0.956953642384106,0.12625600698995193,772260.0,48272.74779860013
A,0.008083697361327209,0.06793606017865539,0.956953642384106,0.12686567164179105,768300.0,48024.38473696094
A,0.008098362734877889,0.06804803390628679,0.956953642384106,0.12706089250384697,767040.0,47945.36012643938
A,0.00820695925883719,0.06851588430535799,0.956953642384106,0.12787610619469025,761820.0,47617.97245427862
A,0.008236910053178314,0.06864608076009501,0.956953642384106,0.12810283687943264,760380.0,47527.65861368254
A,0.008298000036945192,0.06899021246120793,0.956953642384106,0.1287018481407259,756600.0,47290.58478211786
A,0.008378548138548941,0.06937109937590015,0.956953642384106,0.12936436884512087,752460.0,47030.93249040416
A,0.008390190991931548,0.06947115384615385,0.956953642384106,0.12953832362169432,751380.0,46963.1971099571
A,0.008496159864609748,0.06995884773662552,0.956953642384106,0.1303857432889691,746160.0,46635.80943779634
A,0.008526359209798414,0.07011159631246967,0.956953642384106,0.1306509945750452,744540.0,46534.206367125764
A,0.008606636240220964,0.0704534373476353,0.956953642384106,0.131244323342416,740940.0,46308.42176563558
A,0.00870439173059847,0.07086807258460029,0.956953642384106,0.13196347031963468,736620.0,46037.48024384737
A,0.008719835078872843,0.07095506997299288,0.956953642384106,0.13211428571428568,735720.0,45981.034093474824
A,0.008829457128443591,0.07146389713155292,0.956953642384106,0.1329958582604694,730500.0,45653.646421314064
A,0.00886368818333127,0.07164105106593951,0.956953642384106,0.13330258302583028,728700.0,45540.75412056898
A,0.008945920308211685,0.07198007471980075,0.956953642384106,0.13388927495946257,725280.0,45326.25874915331
A,0.009026430405444668,0.07241292909045352,0.956953642384106,0.13463778243652458,720960.0,45055.31722736509
A,0.009050737371190309,0.07250376317109884,0.956953642384106,0.13479477611940296,720060.0,44998.871076992546
A,0.009194287471032136,0.07303512762193581,0.956953642384106,0.13571260859356657,714840.0,44671.48340483179
A,0.0092306979732635,0.07322016721560679,0.956953642384106,0.13603200753118377,713040.0,44558.59110408671
A,0.009315750998996156,0.07357433808553972,0.956953642384106,0.13664302600472814,709620.0,44344.09573267103
A,0.009399035578303558,0.07404560594414553,0.956953642384106,0.13745541022592153,705120.0,44061.86498080831
A,0.00940998739824362,0.07412156963323929,0.956953642384106,0.13758628897881456,704400.0,44016.708060510275
A,0.009512471536456865,0.07467700258397933,0.956953642384106,0.13854266538830298,699180.0,43689.320388349515
A,0.009556626151372703,0.07488986784140969,0.956953642384106,0.13890891612593126,697200.0,43565.13885752991
A,0.009631917702128803,0.07524082270242125,0.956953642384106,0.1395124306058412,693960.0,43361.932716188756
A,0.009724691155006088,0.07575360419397116,0.956953642384106,0.14039349040563517,689280.0,43068.41273425153
A,0.009740342592343363,0.07581322140608604,0.956953642384106,0.14049586776859505,688740.0,43034.545044028
A,0.009864937578201042,0.07639439598202485,0.956953642384106,0.1414932680538556,683520.0,42707.15737186724
A,0.009904248559987365,0.07663749668522939,0.956953642384106,0.14191013994598575,681360.0,42571.68661097313
A,0.009934255613864046,0.07698454981353223,0.956953642384106,0.1425049309664694,678300.0,42379.769699706485
A,0.010076044068439385,0.07752145922746781,0.956953642384106,0.14342431761786598,673620.0,42086.24971776925
A,0.010093236517123327,0.07758389261744966,0.956953642384106,0.14353116463868887,673080.0,42052.38202754572
A,0.010217269085689639,0.07819264069264069,0.956953642384106,0.14457228614307155,667860.0,41724.994355384966
A,0.010248601097677236,0.07844733984799131,0.956953642384106,0.14500752634219766,665700.0,41589.523594490856
A,0.010290771213317002,0.07881101718025633,0.956953642384106,0.145628621819098,662640.0,41397.6066832242
A,0.010396717909302428,0.07912087912087912,0.9536423841059603,0.14611872146118723,662160.0,41092.79747121246
A,0.010405331704189263,0.07916437603078615,0.9536423841059603,0.14619289340101524,661800.0,41070.21901106345
A,0.010517155125093462,0.0798004987531172,0.9536423841059603,0.14727691127588854,656580.0,40742.83133890269
A,0.010588945330349923,0.08008898776418243,0.9536423841059603,0.1477680861980503,654240.0,40596.07134793407
A,0.010660805913415942,0.08044692737430167,0.9536423841059603,0.1483771251931994,651360.0,40415.44366674193
A,0.010771096671613956,0.08108108108108109,0.9536423841059603,0.1494551115723923,646320.0,40099.34522465568
A,0.010782589612332107,0.08110391439031259,0.9536423841059603,0.1494939008564755,646140.0,40088.05599458117
A,0.010934192742574988,0.0817717206132879,0.9536423841059603,0.15062761506276148,640920.0,39760.66832242041
A,0.011004876226463732,0.08209806157354618,0.9536423841059603,0.15118110236220472,638400.0,39602.619101377284
A,0.01107528201309206,0.08245061551674777,0.9536423841059603,0.15177865612648223,635700.0,39433.28065025965
A,0.011242535934097278,0.08311688311688312,0.9536423841059603,0.1529068224050969,630660.0,39117.1822081734
A,0.01125167840182004,0.08314087759815242,0.9536423841059603,0.152947424322889,630480.0,39105.89297809889
A,0.011377470172218452,0.08355167394468704,0.9503311258278145,0.1535991436981536,629640.0,38778.50530593813
A,0.011439767102804121,0.08389359836305174,0.9503311258278145,0.15417673918882624,627120.0,38620.45608489501
A,0.011530860526132142,0.08426306517909571,0.9503311258278145,0.1548004314994606,624420.0,38451.11763377738
A,0.011676232916559549,0.0849866745632218,0.9503311258278145,0.15602065778744223,619200.0,38123.72996161662
A,0.011676797689913886,0.0849866745632218,0.9503311258278145,0.15602065778744223,619200.0,38123.72996161662
A,0.011863129175513727,0.08572281959378733,0.9503311258278145,0.15726027397260275,613980.0,37796.34228945586
A,0.011911374765490673,0.0858085808580858,0.9470198675496688,0.1573590096286107,615660.0,37627.00383833823
A,0.011985789490988722,0.08617053329316059,0.9470198675496688,0.15796741231703948,613140.0,37468.9546172951
A,0.012127317178506548,0.08693009118541034,0.9470198675496688,0.15924276169265036,607920.0,37141.56694513434
A,0.012127565617632289,0.08695652173913043,0.9470198675496688,0.1592871066555277,607740.0,37130.277715059834
A,0.012291057068991425,0.08770315854032505,0.9470198675496688,0.16053887173730003,602700.0,36814.17927297358
A,0.012376458289392796,0.08813559322033898,0.9470198675496688,0.16126303918804624,599820.0,36633.55159178144
A,0.012417835888251457,0.08849009900990099,0.9470198675496688,0.16185625353706848,597480.0,36486.79160081282
A,0.012514056890793235,0.08929128941617234,0.9470198675496688,0.1631954350927247,592260.0,36159.40392865207
A,0.012515834768575602,0.08931917551530294,0.9470198675496688,0.16324200913242012,592080.0,36148.114698577556
A,0.012704181243261094,0.09010712035286704,0.9470198675496688,0.16455696202531644,587040.0,35832.016256491304
A,0.012844697718549158,0.09056364787840405,0.9470198675496688,0.16531791907514454,584160.0,35651.38857529916
A,0.012940210532392743,0.09093799682034977,0.9470198675496688,0.16594139831737742,581820.0,35504.62858433055
A,0.01312486887962187,0.09146341463414634,0.9437086092715232,0.16676418958455236,580980.0,35177.240912169786
A,0.01313931492444443,0.09152215799614644,0.9437086092715232,0.16686182669789226,580620.0,35154.66245202078
A,0.01326544383806761,0.0923226433430515,0.9437086092715232,0.16819120684567718,575760.0,34849.85324000903
A,0.013374248115461533,0.09283387622149837,0.9437086092715232,0.1690391459074733,572700.0,34657.93632874238
A,0.013449089091815133,0.09319816873773708,0.9437086092715232,0.16964285714285715,570540.0,34522.465567848274
A,0.013589616259061016,0.09409045889732585,0.9437086092715232,0.17111978384869408,565320.0,34195.077895687515
A,0.013617231250657797,0.09418374091209518,0.9437086092715232,0.1712740384615385,564780.0,34161.21020546399
A,0.013806999984447028,0.095,0.9437086092715232,0.17262265293761359,560100.0,33867.690223526755
A,0.013894122578258963,0.09557344064386318,0.9437086092715232,0.17356881851400732,556860.0,33664.4840821856
A,0.013974545260719564,0.09592729720632784,0.9437086092715232,0.1741521539871677,554880.0,33540.302551365996
A,0.014192281787812101,0.09687287559483344,0.9437086092715232,0.17570900123304564,549660.0,33212.914879205244
A,0.01422204622279877,0.09697175910173528,0.9437086092715232,0.17587164455414991,549120.0,33179.04718898171
A,0.014407697445088625,0.09783728115345006,0.9437086092715232,0.17729393468118196,544440.0,32885.52720704448
A,0.014517973011222473,0.09844559585492228,0.9437086092715232,0.178292148889584,541200.0,32682.32106570332
A,0.014581418593734683,0.09882108183079057,0.9437086092715232,0.17890772128060262,539220.0,32558.139534883725
A,0.014763724179039152,0.09982486865148861,0.9437086092715232,0.18055115616091225,534000.0,32230.751862722962
A,0.014799337680205858,0.09996492458786391,0.9437086092715232,0.18078020932445288,533280.0,32185.594942424927
A,0.015001313727625844,0.10084925690021232,0.9437086092715232,0.18222506393861893,528780.0,31903.364190562206
A,0.015133128728208586,0.10153188457427859,0.9437086092715232,0.183338694113863,525360.0,31688.868819146533
A,0.015196050497953044,0.101894887379335,0.9437086092715232,0.18393030009680542,523560.0,31575.976518401443
A,0.01545510782360714,0.10296242774566473,0.9437086092715232,0.18566775244299674,518340.0,31248.588846240687
A,0.015489573195181197,0.10314875135722042,0.9437086092715232,0.1859706362153344,517440.0,31192.14269586814
A,0.01564962519070442,0.10332238043081417,0.9370860927152318,0.18612298585991452,521880.0,30921.201174079928
A,0.015807893093648804,0.10408238322912836,0.9370860927152318,0.18735518040383978,518280.0,30695.41657258975
A,0.015902834054865055,0.1044280442804428,0.9370860927152318,0.1879150066401062,516660.0,30593.81350191917
A,0.016110455292699846,0.1051846325997762,0.9337748344370861,0.18907140462621522,515820.0,30266.42582975841
A,0.016134838139813933,0.10542056074766355,0.9337748344370861,0.18945246892845147,514740.0,30198.690449311354
A,0.016283617344451818,0.10633484162895927,0.9337748344370861,0.1909275558564658,510600.0,29939.038157597653
A,0.0164343650093781,0.1067629179331307,0.9304635761589404,0.19154737559645535,511380.0,29713.253556107473
A,0.016518749476604415,0.10712924132672512,0.9304635761589404,0.19213675213675213,509760.0,29611.65048543689
A,0.016695927507402213,0.10832690824980724,0.9304635761589404,0.19406077348066297,504540.0,29284.262813276135
A,0.016743762388967433,0.10857805255023184,0.9304635761589404,0.1944636678200692,503460.0,29216.52743282908
A,0.01699763814089592,0.10916179337231968,0.9271523178807947,0.19532612486920128,503700.0,28956.875141115375
A,0.01714563069615874,0.11006289308176101,0.9271523178807947,0.196767392832045,499920.0,28719.80130955069
A,0.017238132441198952,0.11041009463722397,0.9271523178807947,0.19732205778717404,498480.0,28629.487468954616
A,0.017533600011094715,0.11049062624650978,0.9172185430463576,0.19722321110715557,506400.0,28302.099796793857
A,0.017561927582567173,0.1108,0.9172185430463576,0.1977159172019986,505140.0,28223.075186272294
A,0.01771867051048983,0.11178369652945924,0.9172185430463576,0.19928057553956835,501180.0,27974.7121246331
A,0.017988596114932285,0.11237785016286644,0.9139072847682119,0.20014503263234226,501600.0,27726.349062993904
A,0.018066917595685565,0.11269906084115966,0.9139072847682119,0.20065430752453656,500340.0,27647.324452472345
A,0.01831980503331707,0.1140495867768595,0.9139072847682119,0.20279206465833946,495120.0,27319.936780311582
A,0.01839903550132657,0.11442786069651742,0.9139072847682119,0.20338983050847456,493680.0,27229.622939715508
A,0.018586499986801976,0.11543287327478043,0.9139072847682119,0.20497586334942441,489900.0,26992.549108150826
A,0.01873082385568332,0.11650485436893204,0.9139072847682119,0.20666417072257584,485940.0,26744.186046511626
A,0.01877088980278839,0.11685012701100762,0.9139072847682119,0.20720720720720723,484680.0,26665.161435990063
A,0.01901871370925719,0.11830261465923704,0.9139072847682119,0.2094876660341556,479460.0,26337.773763829307
A,0.019099006500582084,0.11870967741935484,0.9139072847682119,0.21012561857632284,478020.0,26247.459923233237
A,0.019260433168069295,0.11979166666666667,0.9139072847682119,0.2118188795088258,474240.0,26010.386091668548
A,0.019505452249511765,0.12099956159579132,0.9139072847682119,0.2137049941927991,470100.0,25750.733799954844
A,0.019630204748180675,0.12131868131868132,0.9139072847682119,0.21420256111757857,469020.0,25682.998419507792
A,0.019947045489976566,0.12288512911843277,0.9139072847682119,0.21664050235478807,463800.0,25355.61074734703
A,0.02001627787454304,0.12337952615109522,0.9139072847682119,0.21740842851516345,462180.0,25254.00767667645
A,0.020276617595325883,0.12449255751014884,0.9139072847682119,0.21913457721317986,458580.0,25028.223075186273
A,0.02052153443147197,0.12585499316005472,0.9139072847682119,0.22124248496993987,454260.0,24757.281553398057
A,0.020588900414235004,0.12614259597806216,0.9139072847682119,0.2216867469879518,453360.0,24700.835403025514
A,0.02097308464018313,0.12783696155627605,0.9139072847682119,0.22429906542056074,448140.0,24373.447730864755
A,0.021092913820799645,0.12843182875756165,0.9139072847682119,0.2252141982864137,446340.0,24260.555430119664
A,0.02136986192742005,0.1295774647887324,0.9139072847682119,0.2269736842105263,442920.0,24046.060058703995
A,0.02160392705439815,0.13010446343779677,0.9072847682119205,0.22757475083056478,447360.0,23775.118536915783
A,0.021691065369447097,0.13041408852927178,0.9072847682119205,0.22804827299209324,446460.0,23718.67238654324
A,0.02199006729593211,0.13223938223938225,0.9072847682119205,0.23083403538331934,441240.0,23391.28471438248
A,0.022117847956669927,0.13288069835111543,0.9072847682119205,0.2318104906937394,439440.0,23278.39241363739
A,0.022357390373658925,0.13411649534997552,0.9072847682119205,0.23368869936034112,436020.0,23063.89704222172
A,0.022755463906907837,0.13577799801783944,0.9072847682119205,0.2362068965517241,431520.0,22781.666290358997
A,0.02280573856224419,0.13604766633565044,0.9072847682119205,0.23661485319516404,430800.0,22736.50937006096
A,0.0232126824703825,0.1380352644836272,0.9072847682119205,0.23961521644075212,425580.0,22409.121697900202
A,0.023377053094163776,0.13880445795339413,0.9072847682119205,0.2407732864674868,423600.0,22284.940167080604
A,0.0236374643555602,0.13957055214723926,0.9039735099337748,0.24180690876882194,424740.0,22081.734025739443
A,0.02406716290500974,0.14145077720207253,0.9039735099337748,0.2446236559139785,420060.0,21788.21404380221
A,0.024132528765757638,0.1416709911779969,0.9039735099337748,0.24495289367429343,419520.0,21754.346353578687
A,0.024569777890135865,0.14330874604847207,0.9006622516556292,0.2472727272727273,418680.0,21426.958681417927
A,0.024746546747927377,0.14422057264050903,0.9006622516556292,0.24862888482632542,416520.0,21291.487920523818
A,0.024961096492908966,0.14553237025147137,0.9006622516556292,0.25057577153385535,413460.0,21099.571009257168
A,0.025322540581683105,0.1475854584915898,0.9006622516556292,0.25361305361305364,408780.0,20806.051027319936
A,0.02540062381648675,0.14782608695652175,0.9006622516556292,0.25396825396825395,408240.0,20772.18333709641
A,0.025928953232229924,0.15019326339039205,0.9006622516556292,0.2574538570752485,403020.0,20444.795664935653
A,0.026056559651611053,0.15063924402445802,0.8973509933774835,0.25797239409804856,405240.0,20309.324904041547
A,0.02633958779854124,0.15151515151515152,0.8940397350993378,0.2591170825335893,406560.0,20117.407992774894
A,0.02683060181575141,0.15384615384615385,0.8940397350993378,0.2625182304326689,401700.0,19812.598780763154
A,0.02690165781019592,0.15345122646891043,0.890728476821192,0.2618004866180048,405720.0,19790.020320614134
A,0.027372440498721225,0.15603248259860789,0.890728476821192,0.26554787759131293,400500.0,19462.632648453375
A,0.027749157605727447,0.15663354763296317,0.8874172185430463,0.26626924987580725,402540.0,19315.87265748476
A,0.027996807332469426,0.15811209439528023,0.8874172185430463,0.2684026039058588,399660.0,19135.24497629262
A,0.028515926241546603,0.16076784643071385,0.8874172185430463,0.27221940071102074,394620.0,18819.146534206368
A,0.02856270684501752,0.1608643457382953,0.8874172185430463,0.27235772357723576,394440.0,18807.85730413186
A,0.029225436569246064,0.16371411117898596,0.8874172185430463,0.27643115007735947,389220.0,18480.4696319711
A,0.029543067558139645,0.1645101663585952,0.8841059602649006,0.2774025974025974,391080.0,18322.420410927974
A,0.02985528701354557,0.166044776119403,0.8841059602649006,0.27958115183246074,388380.0,18153.08195981034
A,0.03048462384928898,0.16835443037974684,0.8807947019867549,0.28267800212539856,387720.0,17836.983517724093
A,0.03055266238822701,0.16846105129829006,0.8807947019867549,0.2828282828282828,387540.0,17825.69428764958
A,0.03113087756932979,0.17161290322580644,0.8807947019867549,0.28725701943844495,382320.0,17498.306615488822
A,0.03139391533357769,0.17317708333333334,0.8807947019867549,0.28944504896626766,379800.0,17340.2573944457
A,0.0315891600020083,0.17488494411571334,0.8807947019867549,0.29182665935271535,377100.0,17170.918943328066
A,0.032261452330127165,0.17828418230563003,0.8807947019867549,0.2965440356744704,371880.0,16843.531271167307
A,0.0322614803574621,0.17828418230563003,0.8807947019867549,0.2965440356744704,371880.0,16843.531271167307
A,0.033209595069972515,0.18045112781954886,0.8741721854304636,0.2991501416430595,375420.0,16516.143599006547
A,0.033702118150027896,0.18162983425414364,0.8708609271523179,0.30057142857142854,377100.0,16346.805147888912
A,0.034024899063173936,0.18270571827057183,0.8675496688741722,0.30184331797235026,378960.0,16188.755926845788
A,0.034588988757711055,0.18647686832740212,0.8675496688741722,0.30697129466900996,373740.0,15861.368254685029
A,0.03459363465949862,0.1866096866096866,0.8675496688741722,0.3071512309495896,373560.0,15850.079024610523
A,0.03554783743681992,0.19040697674418605,0.8675496688741722,0.3122765196662694,368520.0,15533.980582524271
A,0.03592146856973016,0.19264705882352942,0.8675496688741722,0.3152827918170879,365640.0,15353.35290133213
A,0.03622414841207744,0.1945063103192279,0.8675496688741722,0.3177683444511825,363300.0,15206.592910363515
A,0.03718179045018404,0.19726858877086495,0.8609271523178808,0.32098765432098764,366840.0,14879.205238202756
A,0.037191959279609194,0.19741837509491267,0.8609271523178808,0.3211859172328597,366660.0,14867.916008128246
A,0.03813579172113038,0.20015515903801395,0.8543046357615894,0.3243243243243243,370380.0,14551.817566041997
A,0.038761609125431314,0.20267085624509035,0.8543046357615894,0.32761904761904764,367500.0,14371.189884849853
A,0.039211095172311417,0.20238095238095238,0.8443708609271523,0.3265044814340589,378300.0,14224.429893881237
A,0.04039519578656535,0.20633631194151097,0.8410596026490066,0.3313763861709067,377460.0,13897.04222172048
A,0.040399957188168516,0.20667209113100082,0.8410596026490066,0.33180927498367085,377100.0,13874.46376157146
A,0.04165464256497035,0.20881863560732114,0.8311258278145696,0.3337765957446809,385380.0,13569.65454955972
A,0.042361540863130646,0.2109704641350211,0.8278145695364238,0.33624747814391387,386700.0,13377.737638293069
A,0.04279775944101865,0.21312872975277067,0.8278145695364238,0.33898305084745767,384540.0,13242.26687739896
A,0.043884225450957354,0.21853146853146854,0.8278145695364238,0.3457814661134163,379320.0,12914.879205238203
A,0.04396590359110091,0.2182296231375986,0.8245033112582781,0.34511434511434513,383160.0,12881.011515014676
A,0.04527258627979475,0.22242152466367712,0.8211920529801324,0.3500352858151023,382860.0,12587.491533077444
A,0.04596048519821088,0.22607110300820418,0.8211920529801324,0.3545389563974267,379620.0,12384.285391736285
A,0.046466157750690545,0.2283609576427256,0.8211920529801324,0.3573487031700288,377640.0,12260.103860916684
A,0.0478183467510322,0.23273415326395458,0.8145695364238411,0.36203090507726265,381180.0,11932.716188755927
A,0.04793349678640901,0.2336182336182336,0.8145695364238411,0.36309963099631,380460.0,11887.559268457891
A,0.049658520737254935,0.23832684824902725,0.8112582781456954,0.3684210526315789,380340.0,11605.32851659517
A,0.050755414143826366,0.24059405940594059,0.804635761589404,0.3704268292682927,385860.0,11402.122375254008
A,0.051442404601259976,0.24224224224224225,0.8013245033112583,0.372021521906226,388260.0,11277.94084443441
A,0.053048141743992305,0.24742268041237114,0.7947019867549668,0.3773584905660377,391800.0,10950.55317227365
A,0.053120667730975936,0.2484472049689441,0.7947019867549668,0.3785488958990536,391080.0,10905.396251975615
A,0.055035752656077436,0.255047821466525,0.7947019867549668,0.3861625100563154,386580.0,10623.165500112893
A,0.055989447254328605,0.2603036876355748,0.7947019867549668,0.39215686274509803,383160.0,10408.670128697222
A,0.056777823873046994,0.2631578947368421,0.7947019867549668,0.39538714991762763,381360.0,10295.777827952134
A,0.05865404117912924,0.2706681766704417,0.7913907284768212,0.4033755274261604,380520.0,9968.390155791374
A,0.05885189808411736,0.2722095671981777,0.7913907284768212,0.4050847457627119,379620.0,9911.94400541883
A,0.060913820264372746,0.2786885245901639,0.7880794701986755,0.4117647058823529,379680.0,9641.002483630617
A,0.062037877849968406,0.2853717026378897,0.7880794701986755,0.41901408450704225,376080.0,9415.217882140438
A,0.06249811493393146,0.2872727272727273,0.7847682119205298,0.4205856255545697,378840.0,9313.614811469857
A,0.06426626369306129,0.29773869346733667,0.7847682119205298,0.43169398907103823,373620.0,8986.2271393091
A,0.06506519020810644,0.29873417721518986,0.7814569536423841,0.4322344322344322,376920.0,8918.491758862046
A,0.06706301223736377,0.3050847457627119,0.7748344370860927,0.43779232927970063,381540.0,8658.83946714834
A,0.06921943002477111,0.31057563587684067,0.7682119205298014,0.44232602478551,386700.0,8433.054865658163
A,0.07032569493507096,0.3143631436314363,0.7682119205298014,0.4461538461538461,385080.0,8331.451794987583
A,0.07389455009769134,0.3229901269393512,0.7582781456953642,0.4530168150346192,393000.0,8004.064122826823
A,0.07446742356608342,0.32574679943101,0.7582781456953642,0.45572139303482595,391920.0,7936.328742379769
A,0.07692393893607495,0.3352941176470588,0.7549668874172185,0.4643584521384928,392160.0,7676.676450666065
A,0.0797463021529606,0.34142640364188165,0.7450331125827815,0.46826222684703434,401520.0,7439.602619101378
A,0.081430499437767,0.3456221198156682,0.7450331125827815,0.47219307450157394,400080.0,7349.288778505305
A,0.08500782980983478,0.3553054662379421,0.7317880794701986,0.4783549783549783,412380.0,7021.901106344547
A,0.08577260712475097,0.35772357723577236,0.7284768211920529,0.47982551799345696,415500.0,6942.876495822985
A,0.08987452200412305,0.36930860033726814,0.7251655629139073,0.4893854748603353,415920.0,6694.513434183788
A,0.09419231004042335,0.38178633975481613,0.7218543046357616,0.4994272623138603,416340.0,6446.150372544593
A,0.09528882414455464,0.38652482269503546,0.7218543046357616,0.5034642032332564,415080.0,6367.125762023031
A,0.10162573652939252,0.3981308411214953,0.7052980132450332,0.5089605734767025,431760.0,6039.738089862271
A,0.10282287754605401,0.40227703984819735,0.7019867549668874,0.51145958986731,434700.0,5949.4242492662
A,0.10834465351244849,0.4150197628458498,0.695364238410596,0.5198019801980198,439680.0,5712.350417701513
A,0.11490412302784415,0.4318181818181818,0.6920529801324503,0.5318066157760815,440100.0,5463.987356062316
A,0.11768201819214513,0.4381551362683438,0.6920529801324503,0.5365853658536586,438840.0,5384.962745540754
A,0.12273638286617104,0.46205357142857145,0.6854304635761589,0.5519999999999999,442380.0,5057.575073379995
A,0.12584572596547172,0.47045454545454546,0.6854304635761589,0.5579514824797844,440940.0,4967.261232783924
A,0.13299570589660578,0.4916467780429594,0.6821192052980133,0.5714285714285715,441540.0,4730.187401219237
A,0.14130490104052115,0.5075757575757576,0.6655629139072847,0.5759312320916905,459300.0,4470.535109505531
A,0.1482638352597819,0.5102564102564102,0.6589403973509934,0.5751445086705202,466980.0,4402.799729058478
A,0.1667423421399883,0.5318559556786704,0.6357615894039735,0.579185520361991,492420.0,4075.4120568977196
A,0.17058428497786812,0.5426136363636364,0.6324503311258278,0.5840978593272171,495180.0,3973.808986227139
A,0.18780167593666516,0.5542168674698795,0.609271523178808,0.580441640378549,522240.0,3748.0243847369607
A,0.20341278501454188,0.5714285714285714,0.5827814569536424,0.5770491803278688,552960.0,3477.0828629487464
A,0.20634211178234968,0.570957095709571,0.5728476821192053,0.571900826446281,565200.0,3420.636712576202
A,0.2317108106967102,0.6094890510948905,0.5529801324503312,0.579861111111111,586260.0,3093.2490404154437
A,0.2412046946072719,0.6212121212121212,0.543046357615894,0.5795053003533569,597600.0,2980.3567396703543
A,0.2710310651882374,0.6448979591836734,0.5231788079470199,0.5776965265082267,620460.0,2765.861368254685
A,0.3074019177677425,0.669683257918552,0.4900662251655629,0.5659655831739961,659940.0,2494.919846466471
A,0.31563624351048086,0.6851851851851852,0.4900662251655629,0.5714285714285714,659040.0,2438.4736960939263
A,0.36293755463277866,0.7379679144385026,0.45695364238410596,0.5644171779141104,697620.0,2111.086023933168
A,0.3917913390312966,0.7570621468926554,0.44370860927152317,0.559498956158664,713340.0,1998.1937231880788
A,0.4270683336070161,0.7911392405063291,0.4139072847682119,0.5434782608695653,749340.0,1783.698351772409
A,0.5194371597423187,0.8421052631578947,0.3708609271523179,0.5149425287356321,801780.0,1501.4675999096862
A,0.5383538888733894,0.8449612403100775,0.3609271523178808,0.505800464037123,814200.0,1456.3106796116506
A,0.6852776530136421,0.89,0.2947019867549669,0.44278606965174133,896580.0,1128.9230074508919
A,0.7357354558018637,0.8876404494382022,0.26158940397350994,0.4040920716112532,938400.0,1004.7414766312937
A,0.7945176392527321,0.9154929577464789,0.2152317880794702,0.3485254691689008,996480.0,801.5353352901333
A,0.8700212666257577,0.9523809523809523,0.13245033112582782,0.23255813953488375,1100760.0,474.1476631293746
A,0.9377863456801321,1.0,0.04304635761589404,0.08253968253968252,1213800.0,146.75999096861594
B,0.0032125409696784238,0.034093474825016935,1.0,0.06593886462882095,1540080.0,100000.0
B,0.003515905903407499,0.03420545928191188,1.0,0.0661482860584821,1534860.0,99672.61232783923
B,0.003579214652461734,0.03431818181818182,1.0,0.06635904196879806,1529640.0,99345.22465567848
B,0.0036205650206385005,0.03443164975487402,1.0,0.06657114515595725,1524420.0,99017.83698351773
B,0.003621916901114298,0.03443950279393317,1.0,0.06658582295226545,1524060.0,98995.2585233687
B,0.00366914598322251,0.03454587051018074,1.0,0.06678460858027423,1519200.0,98690.44931135696
B,0.003694684563934583,0.03461318051575931,1.0,0.06691037997119752,1516140.0,98498.5324000903
B,0.0037126729187930514,0.03466085160105589,1.0,0.06699944536882974,1513980.0,98363.06163919621
B,0.0037472265531788055,0.03477660064486412,1.0,0.06721566881816159,1508760.0,98035.67396703546
B,0.0037515714380726094,0.03478861882271628,1.0,0.06723811644216854,1508220.0,98001.80627681193
B,0.0037850276381170937,0.03489312536106297,1.0,0.06743329239700793,1503540.0,97708.28629487469
B,0.003808048481607639,0.034965844621975224,1.0,0.06756907931535967,1500300.0,97505.08015353353
B,0.0038174406839087444,0.03501043357291908,1.0,0.06765232974910394,1498320.0,97380.89862271392
B,0.003850084270093329,0.035128533209259044,1.0,0.06787279469603326,1493100.0,97053.51095055317
B,0.003854271196023216,0.03514079590411915,1.0,0.0678956834532374,1492560.0,97019.64326032964
B,0.0038798841075808293,0.035247432306255835,1.0,0.06809470124013528,1487880.0,96726.12327839242
B,0.003891441626242862,0.03532163742690059,1.0,0.06823316764572979,1484640.0,96522.91713705126
B,0.0038989610835596803,0.03536713900925167,1.0,0.06831806356746975,1482660.0,96398.73560623165
B,0.003920862440068603,0.03548766157461809,1.0,0.06854289605083977,1477440.0,96071.34793407089
B,0.003922020222557327,0.03550434987067952,1.0,0.06857402361489555,1476720.0,96026.19101377287
B,0.003937665920329334,0.03560900837165429,1.0,0.06876921325287488,1472220.0,95743.96026191014
B,0.003951432249512442,0.035688962420231625,1.0,0.0689183021451392,1468800.0,95529.46489049446
B,0.003962412385185055,0.035731187884524375,1.0,0.06899702992917524,1467000.0,95416.57258974938
B,0.0039866370824002875,0.035854208714234836,1.0,0.06922636103151864,1461780.0,95089.18491758862
B,0.003990877194882393,0.035875504870515565,1.0,0.06926605504587156,1460880.0,95032.73876721607
B,0.004015838150332657,0.03597807958065285,1.0,0.06945722171113156,1456560.0,94761.79724542786
B,0.004029726544525201,0.03606400764270361,1.0,0.06961733517750116,1452960.0,94536.01264393768
B,0.004036433753306804,0.036102809324566644,1.0,0.06968962732202608,1451340.0,94434.40957326711
B,0.004052801893304504,0.03622840690978887,1.0,0.0699235934244038,1446120.0,94107.02190110635
B,0.004058646447757657,0.036250150042011764,1.0,0.0699640912776555,1445220.0,94050.5757507338
B,0.0040760270213821784,0.03635488142530396,1.0,0.0701591357881287,1440900.0,93779.63422894558
B,0.0040933419400779525,0.0364426209726077,1.0,0.0703225055303295,1437300.0,93553.8496274554
B,0.004104482511482454,0.03648224208746074,1.0,0.0703962703962704,1435680.0,93452.24655678483
B,0.00412935088515268,0.03661049824221118,1.0,0.07063501344871946,1430460.0,93124.85888462407
B,0.004130912746285619,0.036637146669901734,1.0,0.07068461088355762,1429380.0,93057.12350417701
B,0.004152457974256673,0.03673965936739659,1.0,0.07087538136587655,1425240.0,92797.47121246331
B,0.004160694648574325,0.036833760214660324,1.0,0.0710504646512175,1421460.0,92560.39738089862
B,0.004166997068425589,0.036869735075082406,1.0,0.07111739079241729,1420020.0,92470.08354030256
B,0.004192345032179238,0.03700073511394266,1.0,0.0713610586011342,1414800.0,92142.69586814179
B,0.0041966427923704214,0.03703249540159411,1.0,0.07142012533995507,1413540.0,92063.67125762023
B,0.004212622243518364,0.03713266937169556,1.0,0.07160640189685834,1409580.0,91815.30819598104
B,0.0042271901334486215,0.0371100973985945,0.9966887417218543,0.0715559253536194,1410000.0,91566.94513434183
B,0.004234267410130989,0.037142152023692004,0.9966887417218543,0.07161551272900309,1408740.0,91487.92052382027
B,0.004258019509233174,0.03727554179566563,0.9966887417218543,0.07186343559746926,1403520.0,91160.53285165952
B,0.004260712326107158,0.037307882994546356,0.9966887417218543,0.07192353643966547,1402260.0,91081.50824113796
B,0.004276063642204233,0.0374098931145911,0.9966887417218543,0.07211308097747963,1398300.0,90833.14517949875
B,0.004289135441192842,0.03751246261216351,0.9966887417218543,0.0723036271919289,1394340.0,90584.78211785956
B,0.00429404193765419,0.03754521641511788,0.9966887417218543,0.07236446688303882,1393080.0,90505.757507338
B,0.004317684623571592,0.03768152228342514,0.9966887417218543,0.07261761158021714,1387860.0,90178.36983517725
B,0.004323642369997035,0.037719298245614034,0.9966887417218543,0.07268775658053611,1386420.0,90088.05599458117
B,0.004345348270901541,0.03769317753486619,0.9933774834437086,0.0726304321510713,1387020.0,89850.98216301648
B,0.0043561461001302105,0.03780241935483871,0.9933774834437086,0.07283321194464676,1382880.0,89591.32987130278
B,0.004362018596332076,0.03783102143757881,0.9933774834437086,0.0728862973760933,1381800.0,89523.59449085573
B,0.004382347038577293,0.03796987723073029,0.9933774834437086,0.07314397171766428,1376580.0,89196.20681869496
B,0.004387965172184408,0.03801317790167258,0.9933774834437086,0.0732243104710764,1374960.0,89094.60374802438
B,0.004403192929859051,0.038109756097560975,0.9933774834437086,0.07340347443112306,1371360.0,88868.81914653421
B,0.004416804429172766,0.0382262996941896,0.9933774834437086,0.0736196319018405,1367040.0,88597.87762474599
B,0.004421336183109649,0.038250669386714266,0.9933774834437086,0.07366482504604051,1366140.0,88541.43147437344
B,0.004444984024161006,0.03839262861530586,0.9933774834437086,0.07392804337111877,1360920.0,88214.04380221269
B,0.004449319166724855,0.03843689942344651,0.9933774834437086,0.07401011471567781,1359300.0,88112.44073154211
B,0.004463146373158193,0.038535645472061654,0.9933774834437086,0.07419314949919624,1355700.0,87886.65613005194
B,0.004484380837654061,0.038654812524159254,0.9933774834437086,0.07441398983008805,1351380.0,87615.71460826372
B,0.0044877092059421005,0.038679731820526045,0.9933774834437086,0.07446016381236038,1350480.0,87559.26845789117
B,0.004504698661549639,0.03882489970234244,0.9933774834437086,0.07472910698717151,1345260.0,87231.8807857304
B,0.004511727844764247,0.038875210574057274,0.9933774834437086,0.07482229704451927,1343460.0,87118.98848498533
B,0.004524999162198014,0.03897116134060795,0.9933774834437086,0.075,1340040.0,86904.49311356965
B,0.004540699902194923,0.039098136322168645,0.9933774834437086,0.07523510971786833,1335540.0,86622.26236170693
B,0.004543987693001962,0.039118529143304215,0.9933774834437086,0.07527286413248024,1334820.0,86577.1054414089
B,0.004557735585597355,0.03926701570680628,0.9933774834437086,0.07554772097708386,1329600.0,86249.71776924813
B,0.004566376983145334,0.039323633503735744,0.9933774834437086,0.07565250283696887,1327620.0,86125.53623842854
B,0.004580780728733923,0.039416633819471816,0.9933774834437086,0.0758245924428156,1324380.0,85922.33009708737
B,0.00460873309606733,0.03955174686882004,0.9933774834437086,0.07607455306200077,1319700.0,85628.81011515015
B,0.0046103383322779285,0.039567396465312585,0.9933774834437086,0.07610350076103502,1319160.0,85594.94242492663
B,0.004635841289377792,0.039586919104991396,0.9900662251655629,0.0761298535964354,1318320.0,85267.55475276586
B,0.0046450682638048725,0.039649913804535204,0.9900662251655629,0.07624633431085043,1316160.0,85132.08399187175
B,0.0046589045478938685,0.039739500265816054,0.9900662251655629,0.07641196013289037,1313100.0,84940.1670806051
B,0.004682082395014343,0.03987730061349693,0.9900662251655629,0.07666666666666666,1308420.0,84646.64709866788
B,0.004688363579902084,0.03989326217478319,0.9900662251655629,0.0766961651917404,1307880.0,84612.77940844434
B,0.004714076098747404,0.04004821859094562,0.9900662251655629,0.07698249227600412,1302660.0,84285.3917362836
B,0.004718498866648928,0.04011269117252482,0.9900662251655629,0.07710159876224858,1300500.0,84149.92097538948
B,0.004737816267859596,0.04020438348796558,0.9900662251655629,0.07727096524098721,1297440.0,83958.00406412283
B,0.004763869758630417,0.04035087719298246,0.9900662251655629,0.07754149377593361,1292580.0,83653.19485211109
B,0.004765987032522502,0.040361771058315336,0.9900662251655629,0.07756160830090791,1292220.0,83630.61639196206
B,0.004796359162179514,0.04052039571757691,0.9900662251655629,0.07785444603567243,1287000.0,83303.22871980131
B,0.004804643202083789,0.040591908770024436,0.9900662251655629,0.0779864371413667,1284660.0,83156.46872883268
B,0.004813745786575894,0.04054421768707483,0.9867549668874173,0.07788813382122321,1286160.0,82975.84104764056
B,0.0048368151756053935,0.040699262496585634,0.9867549668874173,0.0781741867785939,1281120.0,82659.7426055543
B,0.004838133534583755,0.04070482174566316,0.9867549668874173,0.07818444182080544,1280940.0,82648.45337547979
B,0.004861260815414018,0.040866703236423475,0.9867549668874173,0.07848301290492493,1275720.0,82321.06570331904
B,0.004872869956669774,0.04094531464688101,0.9867549668874173,0.07862796833773085,1273200.0,82163.01648227591
B,0.004882319715938793,0.041029877461104224,0.9867549668874173,0.07878387309980171,1270500.0,81993.67803115828
B,0.004898067247647542,0.04118866620594333,0.9867549668874173,0.07907655565875016,1265460.0,81677.57958907202
B,0.00489926062674887,0.041194359966823337,0.9867549668874173,0.07908704883227177,1265280.0,81666.29035899752
B,0.004922495921038402,0.041360166551006244,0.9867549668874173,0.07939256693752497,1260060.0,81338.90268683675
B,0.004929743756849028,0.0414349276974416,0.9867549668874173,0.07953029089938618,1257720.0,81192.14269586814
B,0.004947297085272488,0.041533101045296165,0.9867549668874173,0.07971111408318846,1254660.0,81000.22578460148
B,0.004965629056121848,0.041695816426472646,0.9867549668874173,0.08001073969660358,1249620.0,80684.12734251525
B,0.0049688712198374466,0.04170165127343969,0.9867549668874173,0.08002148227712137,1249440.0,80672.83811244073
B,0.004991441708364884,0.041871575101868765,0.9867549668874173,0.08033427685671923,1244220.0,80345.45044027998
B,0.005002519924310536,0.04195410389976066,0.9867549668874173,0.08048615800135044,1241700.0,80187.40121923685
B,0.005019229566833435,0.042042889390519186,0.9867549668874173,0.08064952638700947,1239000.0,80018.06276811921
B,0.005044501106604411,0.04207394815129622,0.9834437086092715,0.080695557668795,1238160.0,79690.67509595845
B,0.005044525061974351,0.04207394815129622,0.9834437086092715,0.080695557668795,1238160.0,79690.67509595845
B,0.0050654153123100955,0.0422475106685633,0.9834437086092715,0.08101472995090014,1232940.0,79363.28742379771
B,0.005072931777842293,0.04233784746970777,0.9834437086092715,0.08118081180811808,1230240.0,79193.94897268007
B,0.005083516931004478,0.042422511069847166,0.9834437086092715,0.08133643708065179,1227720.0,79035.89975163694
B,0.0051090492742780534,0.042598967297762476,0.9834437086092715,0.08166070937585923,1222500.0,78708.51207947618
B,0.005109112345319756,0.042598967297762476,0.9834437086092715,0.08166070937585923,1222500.0,78708.51207947618
B,0.005143956693647486,0.0427768975946997,0.9834437086092715,0.08198757763975156,1217280.0,78381.12440731542
B,0.005152996858223759,0.04286951501154734,0.9834437086092715,0.08215767634854773,1214580.0,78211.78595619778
B,0.005158818241892039,0.042956320509111946,0.9834437086092715,0.08231707317073171,1212060.0,78053.73673515467
B,0.0051857635303693625,0.043137254901960784,0.9834437086092715,0.08264922777236677,1206840.0,77726.3490629939
B,0.005186207775841994,0.04314352120859965,0.9834437086092715,0.08266072919565823,1206660.0,77715.0598329194
B,0.005208080913807857,0.04331971995332556,0.9834437086092715,0.08298407376362113,1201620.0,77398.96139083314
B,0.005222114479888232,0.04342105263157895,0.9834437086092715,0.08316998039764772,1198740.0,77218.33370964101
B,0.005237925988077987,0.04350373516918119,0.9834437086092715,0.08332164398933932,1196400.0,77071.57371867239
B,0.005267348892386677,0.043689320388349516,0.9834437086092715,0.08366197183098592,1191180.0,76744.18604651163
B,0.005267710583417019,0.0437021777516186,0.9834437086092715,0.08368554522400676,1190820.0,76721.6075863626
B,0.0052946368042999375,0.04387649578962919,0.9834437086092715,0.08400509121764956,1185960.0,76416.79837435087
B,0.00530688199448704,0.04398696682464455,0.9834437086092715,0.08420754182024383,1182900.0,76224.88146308421
B,0.005314005609858507,0.04406528189910979,0.9834437086092715,0.08435103663731894,1180740.0,76089.41070219011
B,0.005339473064997226,0.04425569959767546,0.9834437086092715,0.08469984314843862,1175520.0,75762.02303002936
B,0.005344021499011962,0.04426889253241914,0.9834437086092715,0.0847240051347882,1175160.0,75739.44456988033
B,0.0053654777717520585,0.04444777012870398,0.9834437086092715,0.08505154639175258,1170300.0,75434.6353578686
B,0.0053777582984969085,0.04456114028507127,0.9834437086092715,0.08525907851298982,1167240.0,75242.71844660194
B,0.005400792324801263,0.04449120697429731,0.9801324503311258,0.08511861969805895,1169460.0,75107.24768570783
B,0.0054256691599745225,0.04468599033816425,0.9801324503311258,0.08547502165752237,1164240.0,74779.86001354708
B,0.005428414256693129,0.04470623772843981,0.9801324503311258,0.08551206124512495,1163700.0,74745.99232332355
B,0.0054470793226759524,0.04488248673237301,0.9801324503311258,0.08583442076265041,1159020.0,74452.47234138632
B,0.005460685824711291,0.045005321575186254,0.9801324503311258,0.08605902020642535,1155780.0,74249.26620004517
B,0.0054786072167716275,0.04508071885470606,0.9801324503311258,0.0861968549796156,1153800.0,74125.08466922556
B,0.005512038248219494,0.04528070980572128,0.9801324503311258,0.08656236291855535,1148580.0,73797.6969970648
B,0.005513382143563117,0.045308434103780805,0.9801324503311258,0.08661302121433798,1147860.0,73752.54007676676
B,0.0055422525149743255,0.04532882606023356,0.9768211920529801,0.08663729809104258,1147740.0,73470.30932490404
B,0.00556165924653541,0.045307443365695796,0.9735099337748344,0.08658518627595346,1148700.0,73255.81395348837
B,0.005574170251499664,0.04537737305139682,0.9735099337748344,0.08671287420734405,1146900.0,73142.92165274329
B,0.005597600101604801,0.045588463327647696,0.9735099337748344,0.08709820767293734,1141500.0,72804.24475050802
B,0.005599256931362592,0.045609680421967114,0.9735099337748344,0.08713692946058091,1140960.0,72770.37706028449
B,0.005632368879076357,0.04579439252336449,0.9735099337748344,0.08747396608152336,1136280.0,72476.85707834725
B,0.005655133530554267,0.04592314901593252,0.9735099337748344,0.08770883054892602,1133040.0,72273.6509370061
B,0.005664347404795489,0.04600219058050383,0.9735099337748344,0.08785298072613178,1131060.0,72149.4694061865
B,0.00570647671041738,0.04621188305564288,0.9735099337748344,0.08823529411764705,1125840.0,71822.08173402575
B,0.005707689674548208,0.046240956275558354,0.9735099337748344,0.0882882882882883,1125120.0,71776.9248137277
B,0.005734414334638944,0.04642349597347229,0.9735099337748344,0.08862094951017332,1120620.0,71494.69406186498
B,0.005749742548429758,0.04656319290465632,0.9735099337748344,0.08887545344619105,1117200.0,71280.19869044931
B,0.005759274072158219,0.04663705583756345,0.9735099337748344,0.08900999091734788,1115400.0,71167.30638970422
B,0.005792469848569067,0.04685258964143426,0.9735099337748344,0.0894024631290862,1110180.0,70839.91871754346
B,0.005802236374325189,0.04688995215311005,0.9735099337748344,0.08947048082775412,1109280.0,70783.47256717093
B,0.005832816583440765,0.04707012487992315,0.9735099337748344,0.08979841172877215,1104960.0,70512.53104538271
B,0.005860355612601711,0.047221329906842274,0.9735099337748344,0.0900735294117647,1101360.0,70286.74644389252
B,0.005874098520165731,0.0472972972972973,0.9735099337748344,0.09021172138692853,1099560.0,70173.85414314744
B,0.005918970504151419,0.0475189914336512,0.9735099337748344,0.09061488673139158,1094340.0,69846.46647098668
B,0.005922128345344162,0.04754973313925279,0.9735099337748344,0.09067077872012336,1093620.0,69801.30955068865
B,0.005945647009058102,0.04774277362780124,0.9735099337748344,0.09102167182662539,1089120.0,69519.07879882591
B,0.00596718699596685,0.04789053591790194,0.9735099337748344,0.09129017233348859,1085700.0,69304.58342741025
B,0.005982827960923533,0.047976501305483026,0.9735099337748344,0.09144634525660963,1083720.0,69180.40189659064
B,0.006015188240043762,0.048204623708804725,0.9735099337748344,0.0918606467739416,1078500.0,68853.01422442989
B,0.006017325116679267,0.04823625922887613,0.9735099337748344,0.0919180866030952,1077780.0,68807.85730413186
B,0.006060093411132665,0.04827018121911038,0.9701986754966887,0.09196484620213433,1077660.0,68525.62655226914
B,0.006083934179597946,0.048421748471327054,0.9701986754966887,0.09223988666771604,1074240.0,68311.13118085347
B,0.006103049791602916,0.04850190365833471,0.9701986754966887,0.0923853066372379,1072440.0,68198.23888010837
B,0.006143206438964719,0.04856952761144378,0.9668874172185431,0.09249287298067786,1071600.0,67870.85120794762
B,0.006146064237241024,0.04860995505243882,0.9668874172185431,0.09256617530511967,1070700.0,67814.40505757507
B,0.006168439333488808,0.04880494735082734,0.9668874172185431,0.09291964996022274,1066380.0,67543.46353578687
B,0.0061983568213767725,0.04880093912460171,0.9635761589403974,0.09289704708699122,1067160.0,67317.67893429668
B,0.00621164549815458,0.04870675176352032,0.9602649006622517,0.09271099744245526,1069920.0,67216.0758636261
B,0.006262159933873602,0.048945147679324896,0.9602649006622517,0.09314276537658585,1064700.0,66888.68819146533
B,0.006267899743878644,0.048994762628822436,0.9602649006622517,0.09323259926056902,1063620.0,66820.95281101829
B,0.006298041458324546,0.04918588873812754,0.9602649006622517,0.0935785737334624,1059480.0,66561.30051930458
B,0.006319924038500003,0.04935330156569095,0.9602649006622517,0.09388151505341537,1055880.0,66335.51591781441
B,0.006333172300296228,0.04942900971535708,0.9602649006622517,0.09401847949424542,1054260.0,66233.91284714383
B,0.00637376392311088,0.049674546077423776,0.9602649006622517,0.09446254071661238,1049040.0,65906.52517498306
B,0.006378216640515339,0.04972565157750343,0.9602649006622517,0.0945549396804695,1047960.0,65838.78979453602
B,0.00641221387644916,0.04992253399896712,0.9602649006622517,0.0949108165603011,1043820.0,65579.1375028223
B,0.006446167158562592,0.050103662750518314,0.9602649006622517,0.09523809523809525,1040040.0,65342.06367125762
B,0.00647040556861191,0.050173010380622836,0.9602649006622517,0.09536336731338375,1038600.0,65251.74983066155
B,0.006520211860818636,0.050426012867327424,0.9602649006622517,0.0958202544192962,1033380.0,64924.36215850079
B,0.006537999198350869,0.0504874651810585,0.9602649006622517,0.0959311941779689,1032120.0,64845.33754797923
B,0.006567443389292334,0.050681579867179305,0.9602649006622517,0.09628154050464806,1028160.0,64596.974486340034
B,0.006591677317985827,0.05087719298245614,0.9602649006622517,0.09663445518160613,1024200.0,64348.61142470083
B,0.006596929538736503,0.05093975057087651,0.9602649006622517,0.09674728940783987,1022940.0,64269.58681417927
B,0.006636331027291869,0.05120056497175141,0.9602649006622517,0.0972175662085149,1017720.0,63942.19914201852
B,0.00665503822242198,0.051272984441301274,0.9602649006622517,0.09734810339039945,1016280.0,63851.88530142244
B,0.006686915644778398,0.05146406388642413,0.9602649006622517,0.09769243725787435,1012500.0,63614.811469857756
B,0.0067227829499011335,0.0516657758774274,0.9602649006622517,0.09805579036348265,1008540.0,63366.44840821856
B,0.006733252878347946,0.051730288976097036,0.9602649006622517,0.0981719702098849,1007280.0,63287.423797696996
B,0.006794204491752549,0.05199928276851354,0.9602649006622517,0.09865623405341044,1002060.0,62960.03612553624
B,0.006801672515871482,0.05207398096606213,0.9602649006622517,0.09879066598535173,1000620.0,62869.722284940166
B,0.006827723715115634,0.05209084354722422,0.956953642384106,0.09880341880341881,1001220.0,62632.648453375485
B,0.006855634387125166,0.052307692307692305,0.956953642384106,0.09919340998798695,997080.0,62372.99616166177
B,0.006869025395109792,0.052364558796883495,0.956953642384106,0.09929565366775468,996000.0,62305.260781214725
B,0.006906682555056886,0.05264116575591985,0.956953642384106,0.099792817679558,990780.0,61977.87310905396
B,0.006920015257711128,0.052727604451742384,0.956953642384106,0.09994812381117067,989160.0,61876.27003838339
B,0.006954698065023924,0.052920710492583775,0.956953642384106,0.10029498525073746,985560.0,61650.4854368932
B,0.00699328263945143,0.053154313040279566,0.956953642384106,0.10071441017598885,981240.0,61379.543915104994
B,0.007004805470240066,0.05320324005891016,0.956953642384106,0.10080223229856994,980340.0,61323.09776473245
B,0.0070540258806549,0.05348880251712012,0.956953642384106,0.10131463628396144,975120.0,60995.71009257169
B,0.007068160021537403,0.053587984424253665,0.956953642384106,0.10149253731343284,973320.0,60882.817791826594
B,0.007094646460193307,0.05377744696687756,0.956953642384106,0.10183227625088088,969900.0,60668.32242041093
B,0.007119101418171401,0.05401869158878505,0.956953642384106,0.10226468506723284,965580.0,60397.38089862271
B,0.007126165259383758,0.05406922357343311,0.956953642384106,0.10235523286700904,964680.0,60340.934748250176
B,0.0071660902178282805,0.05436418359668924,0.956953642384106,0.10288358846564614,959460.0,60013.54707608941
B,0.007183440537814744,0.054466641537881645,0.956953642384106,0.10306704707560627,957660.0,59900.65477534432
B,0.0072324720951885,0.05466237942122187,0.956953642384106,0.10341742708892468,954240.0,59686.15940392865
B,0.0072692605693041815,0.05492208285822881,0.956953642384106,0.10388209920920202,949740.0,59403.92865206593
B,0.007276981543154438,0.05496386458729555,0.956953642384106,0.1039568345323741,949020.0,59358.77173176789
B,0.007327773211759658,0.05526869382291069,0.956953642384106,0.10450189839088772,943800.0,59031.38405960714
B,0.007343425093670592,0.055385205059409734,0.956953642384106,0.10471014492753623,941820.0,58907.20252878754
B,0.007379093765451194,0.05557692307692308,0.956953642384106,0.10505270810614323,938580.0,58703.99638744638
B,0.007442369917011602,0.05566293003478933,0.9536423841059603,0.10518626734842951,938280.0,58410.47640550915
B,0.007453071775571292,0.055695223361052024,0.9536423841059603,0.1052439247213594,937740.0,58376.60871528561
B,0.0075075133038079046,0.055814858031894204,0.9503311258278145,0.10543717854518737,936900.0,58049.22104312485
B,0.007540230929279174,0.05594541910331384,0.9503311258278145,0.1056701030927835,934740.0,57913.75028223075
B,0.007570130328763042,0.05613142968902797,0.9503311258278145,0.10600184672206833,931680.0,57721.8333709641
B,0.007626499518237581,0.05641832121092982,0.9503311258278145,0.10651326776767489,927000.0,57428.313389026865
B,0.007633508867928169,0.056451612903225805,0.9503311258278145,0.10657259561826958,926460.0,57394.44569880334
B,0.007681194222830338,0.056775469831849654,0.9503311258278145,0.10714952398730634,921240.0,57067.05802664258
B,0.007700039940797587,0.056910569105691054,0.9503311258278145,0.10739008419083254,919080.0,56931.58726574847
B,0.007744063176313362,0.057103064066852366,0.9503311258278145,0.10773273273273273,916020.0,56739.67035448182
B,0.007786781079507326,0.05721144228845769,0.9470198675496688,0.1079041690247123,915540.0,56434.86114247009
B,0.007789898254891657,0.05723434060436262,0.9470198675496688,0.1079448952632572,915180.0,56412.28268232107
B,0.007853868664707197,0.05756843800322061,0.9470198675496688,0.10853889943074004,909960.0,56084.895010160304
B,0.007873762777264925,0.057719475277497476,0.9470198675496688,0.10880730454631919,907620.0,55938.13501919169
B,0.007896305982365025,0.05790645879732739,0.9470198675496688,0.10913947719900781,904740.0,55757.507337999545
B,0.007960267258494141,0.05823661168804724,0.9470198675496688,0.10972568578553615,899700.0,55441.4088959133
B,0.007966276729665041,0.05824847250509165,0.9470198675496688,0.10974673829623945,899520.0,55430.11966583879
B,0.00803781538300882,0.05859455029707027,0.9470198675496688,0.11036079490642486,894300.0,55102.73199367803
B,0.008056648984498664,0.058557633038832956,0.9437086092715232,0.11027278003482299,896160.0,54944.682772634915
B,0.008087791771070954,0.05873866446826051,0.9437086092715232,0.11059371362048892,893460.0,54775.344321517274
B,0.008148300239682152,0.05907960199004975,0.9437086092715232,0.11119781506047602,888420.0,54459.245879431015
B,0.008149047365756177,0.05909185154468173,0.9437086092715232,0.11121951219512195,888240.0,54447.95664935651
B,0.008202240420926075,0.05944931163954944,0.9437086092715232,0.11185243328100472,883020.0,54120.56897719576
B,0.008233275793284377,0.0596234309623431,0.9437086092715232,0.11216056670602124,880500.0,53962.51975615263
B,0.00827625258457785,0.05981112277019937,0.9437086092715232,0.11249259917110717,877800.0,53793.181305034996
B,0.008334557852198743,0.060177364864864864,0.9437086092715232,0.1131401349741961,872580.0,53465.793632874236
B,0.008335674795749828,0.060177364864864864,0.9437086092715232,0.1131401349741961,872580.0,53465.793632874236
B,0.008404589030881763,0.06054811982154239,0.9437086092715232,0.1137951686963466,867360.0,53138.40596071348
B,0.008420408139907219,0.06074168797953964,0.9437086092715232,0.11413696435722866,864660.0,52969.06750959584
B,0.008452706648856322,0.06070970500213767,0.9403973509933775,0.11405622489959841,866520.0,52811.018288552725
B,0.008518956739619695,0.06108840610884061,0.9403973509933775,0.11472429812159159,861300.0,52483.630616391965
B,0.008519805750730365,0.06110154905335628,0.9403973509933775,0.11474747474747475,861120.0,52472.34138631746
B,0.008582880433962084,0.06147186147186147,0.9403973509933775,0.11540024380333197,856080.0,52156.2429442312
B,0.00860596568467987,0.06168549087749783,0.9403973509933775,0.1157766000815328,853200.0,51975.615263039064
B,0.008652776816946393,0.06186016118492703,0.9403973509933775,0.11608420192111178,850860.0,51828.85527207044
B,0.008713519480978121,0.06225339763261727,0.9403973509933775,0.11677631578947369,845640.0,51501.46759990969
B,0.008716943035733709,0.062267046700285024,0.9403973509933775,0.1168003290150113,845460.0,51490.17836983518
B,0.008782505936120755,0.06265166556364439,0.9403973509933775,0.1174767321613237,840420.0,51174.07992774893
B,0.008821897295696107,0.06287358866504317,0.9403973509933775,0.11786677733969701,837540.0,50993.45224655678
B,0.00885318218019308,0.0630550621669627,0.9403973509933775,0.11818560133166875,835200.0,50846.69225558817
B,0.008938451598826077,0.06346368715083799,0.9403973509933775,0.11890307724513292,829980.0,50519.304583427416
B,0.008940296287220977,0.06349206349206349,0.9403973509933775,0.11895287958115182,829620.0,50496.72612327839
B,0.009018376860173684,0.06387764282501125,0.9403973509933775,0.11962931760741365,824760.0,50191.91691126666
B,0.00907879646625466,0.06412282682321066,0.9403973509933775,0.12005918410484041,821700.0,50000.0
B,0.009115181712881698,0.06429703418609917,0.9403973509933775,0.12036448400084765,819540.0,49864.52923910589
B,0.009198258410647897,0.06449407474931632,0.9370860927152318,0.12068230277185502,818700.0,49537.14156694514
B,0.009205830856117831,0.0645381984036488,0.9370860927152318,0.1207595476850864,818160.0,49503.27387672161
B,0.00927743284652552,0.06492314751089699,0.9370860927152318,0.12143316884788673,813480.0,49209.75389478437
B,0.009312873795852784,0.06519235199262843,0.9370860927152318,0.12190394141718716,810240.0,49006.547753443214
B,0.009342471062398551,0.06535796766743648,0.9370860927152318,0.12219343696027632,808260.0,48882.36622262362
B,0.009420067910737255,0.06579865147640084,0.9370860927152318,0.12296328481425157,803040.0,48554.97855046286
B,0.009423786051920681,0.06585990225738887,0.9370860927152318,0.12307023265927373,802320.0,48509.82163016482
B,0.009481878568789872,0.06624531835205992,0.9370860927152318,0.12374289462177523,797820.0,48227.5908783021
B,0.009543785436182249,0.06652562294311236,0.9370860927152318,0.12423178226514485,794580.0,48024.38473696094
B,0.009577517906889637,0.0666980909733679,0.9370860927152318,0.12453245324532454,792600.0,47900.20320614134
B,0.009661582924491464,0.06715709539629805,0.9370860927152318,0.1253321523472099,787380.0,47572.81553398058
B,0.009670521275669884,0.06722090261282661,0.9370860927152318,0.12544326241134754,786660.0,47527.65861368254
B,0.00975876168175034,0.06762246117084826,0.9370860927152318,0.12614218854468465,782160.0,47245.42786181982
B,0.009823833778702601,0.06793086893903025,0.9370860927152318,0.12667860340196954,778740.0,47030.93249040416
B,0.009838136267141796,0.06809432146294514,0.9370860927152318,0.1269627635711081,776940.0,46918.04018965906
B,0.00993814777669935,0.06808819966077054,0.9304635761589404,0.12689094603748025,780480.0,46590.6525174983
B,0.00994675118092998,0.06817079087821445,0.9304635761589404,0.1270343580470163,779580.0,46534.206367125764
B,0.01001953494597313,0.06857003416300635,0.9304635761589404,0.12772727272727274,775260.0,46263.26484533755
B,0.01010539423173329,0.06890632663070133,0.9304635761589404,0.12831050228310503,771660.0,46037.48024384737
B,0.010146509165986996,0.06905873679036618,0.9304635761589404,0.12857469686570577,770040.0,45935.877173176785
B,0.01025938035635224,0.06955445544554456,0.9304635761589404,0.12943344081068633,764820.0,45608.48950101603
B,0.01027145520720465,0.06965790778383739,0.9304635761589404,0.12961254612546128,763740.0,45540.75412056898
B,0.010341231507775375,0.07005734230865121,0.9304635761589404,0.13030373290053326,759600.0,45281.10182885527
B,0.010386419998773697,0.0704084189426209,0.9304635761589404,0.13091078499883532,756000.0,45055.31722736509
B,0.01042555464821102,0.07031642390758412,0.9271523178807947,0.13071895424836602,758760.0,44953.714156694514
B,0.010524447339811678,0.07083227928155832,0.9271523178807947,0.13160987074030553,753540.0,44626.326484533754
B,0.010544281595654055,0.0709399543957436,0.9271523178807947,0.13179571663920925,752460.0,44558.59110408671
B,0.010612161135978048,0.07135575942915393,0.9271523178807947,0.13251301467108378,748320.0,44298.938812372995
B,0.0107633504962911,0.07173968741993339,0.9271523178807947,0.13317479191438764,744540.0,44061.86498080831
B,0.010799792750726768,0.07188703465982028,0.9271523178807947,0.1334286395044079,743100.0,43971.55114021224
B,0.010928452000449554,0.07242628039317124,0.9271523178807947,0.1343570057581574,737880.0,43644.163468051476
B,0.010968435658980862,0.07255765742420316,0.9271523178807947,0.1345830329247777,736620.0,43565.13885752991
B,0.011027102471748464,0.07297367735209799,0.9271523178807947,0.13529838125151003,732660.0,43316.775795890724
B,0.011096214334148626,0.07339449541284404,0.9271523178807947,0.13602137478746662,728700.0,43068.41273425153
B,0.011123371837549948,0.07352941176470588,0.9271523178807947,0.1362530413625304,727440.0,42989.38812372996
B,0.011263178214702555,0.07409367557554909,0.9271523178807947,0.13722126929674097,722220.0,42662.000451569205
B,0.011297286472506779,0.07425086184036064,0.9271523178807947,0.13749079302725262,720780.0,42571.68661097313
B,0.011407827287815562,0.07466666666666667,0.9271523178807947,0.13820335636722605,717000.0,42334.612779408446
B,0.011493354142662957,0.07510729613733906,0.9271523178807947,0.13895781637717122,713040.0,42086.24971776925
B,0.011534120430559871,0.07524858908895458,0.9271523178807947,0.1391996022868506,711780.0,42007.22510724769
B,0.011647368793791668,0.07583965330444203,0.9271523178807947,0.1402103154732098,706560.0,41679.83743508693
B,0.011669802449498447,0.07600434310532031,0.9271523178807947,0.14049172102358257,705120.0,41589.523594490856
B,0.011750163709893565,0.07644007644007644,0.9271523178807947,0.14123581336696092,701340.0,41352.44976292617
B,0.011880840103860896,0.07692307692307693,0.9271523178807947,0.14205986808726534,697200.0,41092.79747121246
B,0.011908523158659307,0.07705008255365987,0.9271523178807947,0.14227642276422764,696120.0,41025.06209076541
B,0.01201104659690862,0.07739251040221914,0.9238410596026491,0.1428205784489378,695280.0,40697.67441860465
B,0.012040347135117287,0.07758620689655173,0.9238410596026491,0.1431503335043612,693660.0,40596.07134793407
B,0.01215728724703118,0.07802013422818792,0.9238410596026491,0.14388860237235687,690060.0,40370.2867464439
B,0.012276049794530244,0.0785472972972973,0.9238410596026491,0.14478463933575508,685740.0,40099.34522465568
B,0.012307574864750533,0.07865802086270088,0.9238410596026491,0.1449727201870616,684840.0,40042.89907428313
B,0.012455584653829024,0.0793064241046049,0.9238410596026491,0.14607329842931938,679620.0,39715.51140212238
B,0.012491807623327529,0.07953249714937287,0.9238410596026491,0.14645669291338584,677820.0,39602.619101377284
B,0.012620885627871583,0.07996560619088564,0.9238410596026491,0.1471907148509628,674400.0,39388.12372996162
B,0.012738802979042311,0.08023088023088024,0.9205298013245033,0.14759755773825328,674460.0,39117.1822081734
B,0.012769231906198384,0.0800578034682081,0.9172185430463576,0.14726209463051568,677940.0,39060.73605780086
B,0.012941221510191211,0.08044301952783445,0.9139072847682119,0.14787034556656845,677100.0,38733.3483856401
B,0.01299506325426769,0.08067816427945046,0.9139072847682119,0.1482675261885576,675300.0,38620.45608489501
B,0.01309554198430483,0.08112874779541446,0.9139072847682119,0.1490280777537797,671880.0,38405.96071347934
B,0.013189538673251918,0.08143322475570032,0.9105960264900662,0.14949714596357702,671760.0,38123.72996161662
B,0.013208568963222953,0.08152979543433146,0.9105960264900662,0.14965986394557823,671040.0,38078.57304131858
B,0.013309076816252976,0.08223684210526316,0.9105960264900662,0.15085024684585846,665820.0,37751.18536915782
B,0.013353450175500785,0.08250825082508251,0.9105960264900662,0.15130674002751032,663840.0,37627.00383833823
B,0.013413306793491302,0.08295625942684766,0.9105960264900662,0.15205971799834114,660600.0,37423.79769699706
B,0.013561554296926948,0.08361204013377926,0.9105960264900662,0.15316067947646894,655920.0,37130.277715059834
B,0.013595357458401037,0.08368837492391966,0.9105960264900662,0.15328874024526198,655380.0,37096.41002483631
B,0.013756705270535814,0.08443352778630642,0.9105960264900662,0.15453779151447036,650160.0,36769.02235267554
B,0.013811408940851871,0.0847457627118644,0.9105960264900662,0.15506061460389062,648000.0,36633.55159178144
B,0.013906219410124359,0.08519206939281289,0.9105960264900662,0.1558073654390935,644940.0,36441.63468051479
B,0.014013639299767578,0.0858838226108682,0.9105960264900662,0.15696347031963467,640260.0,36148.114698577556
B,0.014043156647283152,0.08596436386370741,0.9105960264900662,0.15709797200799772,639720.0,36114.247008354025
B,0.014268575014406024,0.08643533123028391,0.9072847682119205,0.15783410138248846,638880.0,35786.85933619327
B,0.014336614341798443,0.08676377454084863,0.9072847682119205,0.15838150289017341,636720.0,35651.38857529916
B,0.014420509705347454,0.08723336517032793,0.9072847682119205,0.15916352018588442,633660.0,35459.47166403251
B,0.014620668814244384,0.08798972382787412,0.9072847682119205,0.16042154566744732,628800.0,35154.66245202078
B,0.014628531528453866,0.08804627249357326,0.9072847682119205,0.1605155243116579,628440.0,35132.083991871754
B,0.014831281075778776,0.08887447291599092,0.9072847682119205,0.16189069423929098,623220.0,34804.696319711
B,0.014966002117771994,0.08892508143322475,0.9039735099337748,0.1619217081850534,625260.0,34657.93632874238
B,0.015044354129011927,0.08906352324819908,0.9006622516556292,0.16209773539928485,626760.0,34477.308647550235
B,0.015183050846893252,0.08955717118307997,0.8973509933774835,0.16286057692307693,626100.0,34161.21020546399
B,0.015195840462675617,0.08958677685950413,0.8973509933774835,0.16290952810339643,625920.0,34149.92097538948
B,0.015327319650290109,0.09012016021361816,0.8940397350993378,0.1637355973317162,625080.0,33822.533303228716
B,0.015407161740258836,0.09054325955734406,0.8940397350993378,0.16443361753958585,622560.0,33664.4840821856
B,0.015469431203998647,0.0906639703404112,0.890728476821192,0.16457632303456715,624240.0,33495.145631067964
B,0.015656709855723046,0.09118747873426336,0.8874172185430463,0.16538105522986732,623580.0,33179.04718898171
B,0.015663566991181644,0.09121851599727705,0.8874172185430463,0.16543209876543208,623400.0,33167.757958907205
B,0.015908455216242165,0.09212787899621863,0.8874172185430463,0.16692619121768917,618180.0,32840.370286746445
B,0.015978480641018592,0.092573402417962,0.8874172185430463,0.16765717860494211,615660.0,32682.32106570332
B,0.016108406148271175,0.09305555555555556,0.8874172185430463,0.1684475172847266,612960.0,32512.982614585682
B,0.01632008379223173,0.09365135040336724,0.8841059602649006,0.16936251189343482,612120.0,32185.594942424927
B,0.01632113860389472,0.09365135040336724,0.8841059602649006,0.16936251189343482,612120.0,32185.594942424927
B,0.016519005078056613,0.09425939050318922,0.8807947019867549,0.1702944942381562,611280.0,31858.207270264167
B,0.016659411976422345,0.09440684004275027,0.8774834437086093,0.1704728208427147,612960.0,31688.868819146533
B,0.016758660206237654,0.09488005728607232,0.8774834437086093,0.17124394184168013,610440.0,31530.81959810341
B,0.01696225579029359,0.09515195369030391,0.8708609271523179,0.17155903457273322,613980.0,31203.43192594265
B,0.016963487167824903,0.09518639160332971,0.8708609271523179,0.17161500815660685,613800.0,31192.14269586814
B,0.01715579775263419,0.09616087751371115,0.8708609271523179,0.17319723411261112,608760.0,30876.044253781893
B,0.017293632727468075,0.09672673777123943,0.8708609271523179,0.17411453161204898,605880.0,30695.41657258975
B,0.017470754597442587,0.09719142645971915,0.8708609271523179,0.17486702127659576,603540.0,30548.65658162113
B,0.017702795731509558,0.0982443033246171,0.8708609271523179,0.17656931856327623,598320.0,30221.268909460374
B,0.01771118818293331,0.0983177570093458,0.8708609271523179,0.1766879408800806,597960.0,30198.690449311354
B,0.017927195886017978,0.0993202416918429,0.8708609271523179,0.1783050847457627,593100.0,29893.881237299618
B,0.018031896717354452,0.09954407294832827,0.8675496688741722,0.17859577368779825,594600.0,29713.253556107473
B,0.01814794255806074,0.10003818251240931,0.8675496688741722,0.17939061965080452,592260.0,29566.49356513886
B,0.01834785834549479,0.10115830115830116,0.8675496688741722,0.18118948824343015,587040.0,29239.105892978103
B,0.01835820921963291,0.10123647604327667,0.8675496688741722,0.18131487889273357,586680.0,29216.52743282908
B,0.018568312442607236,0.1023037875829754,0.8675496688741722,0.1830247991617185,581820.0,28911.71822081734
B,0.018716630440660898,0.1029874213836478,0.8675496688741722,0.18411806043569925,578760.0,28719.80130955069
B,0.01882130474433574,0.10347551342812006,0.8675496688741722,0.18489767113620326,576600.0,28584.330548656584
B,0.01906781662681534,0.10467439073112265,0.8675496688741722,0.18680926916221036,571380.0,28256.94287649582
B,0.0190773175325186,0.1048,0.8675496688741722,0.1870092790863669,570840.0,28223.075186272294
B,0.019333809253631495,0.10549717057396928,0.8642384105960265,0.18804034582132564,570540.0,27929.555204335065
B,0.019454491713633813,0.10627035830618893,0.8642384105960265,0.18926758520667153,567300.0,27726.349062993904
B,0.01956675057714192,0.1067484662576687,0.8642384105960265,0.1900254823443757,565320.0,27602.167532174306
B,0.019807175985089888,0.1076158940397351,0.8609271523178808,0.19131714495952906,564480.0,27274.779860013547
B,0.019828096861428272,0.1077943615257048,0.8609271523178808,0.1915991156963891,563760.0,27229.622939715508
B,0.020100279750942626,0.10892333472978634,0.8609271523178808,0.19338043882484196,559260.0,26947.392187852787
B,0.020294860937761727,0.10932883073026593,0.8576158940397351,0.19393485585922876,560400.0,26744.186046511626
B,0.020416215140871965,0.10983884648006785,0.8576158940397351,0.19473684210526315,558420.0,26620.00451569203
B,0.02092382577499995,0.1112065264061829,0.8576158940397351,0.1968833143291524,553200.0,26292.61684353127
B,0.020941003098148624,0.1113978494623656,0.8576158940397351,0.1971830985915493,552480.0,26247.459923233237
B,0.021238340242618118,0.1126086956521739,0.8576158940397351,0.19907763259031513,547980.0,25965.229171370513
B,0.021389863750355134,0.11310828583954406,0.8543046357615894,0.19976771196283394,548940.0,25750.733799954844
B,0.021494975927155692,0.11360634081902246,0.8543046357615894,0.20054411193159738,547140.0,25637.84149920975
B,0.02182768103111246,0.11462979482604817,0.8509933774834437,0.20204402515723272,546300.0,25310.453827048994
B,0.021863784668706216,0.11488600804649084,0.8509933774834437,0.20244190626230799,545400.0,25254.00767667645
B,0.02215485828583271,0.11613194758246724,0.8509933774834437,0.2043737574552684,541080.0,24983.066154888238
B,0.022379155754829225,0.11719106247150023,0.8509933774834437,0.2060120240480962,537480.0,24757.281553398057
B,0.02250423332987668,0.11767399267399267,0.8509933774834437,0.2067578439259855,535860.0,24655.67848272748
B,0.022861938137610102,0.11925754060324827,0.8509933774834437,0.20919820919820922,530640.0,24328.29081056672
B,0.02292490454162489,0.11912517449976734,0.847682119205298,0.20889432884536924,533940.0,24260.555430119664
B,0.023163882566830506,0.11994355597365945,0.8443708609271523,0.2100494233937397,534180.0,24000.90313840596
B,0.023456505292644456,0.12108262108262108,0.8443708609271523,0.21179401993355482,530580.0,23775.118536915783
B,0.02357228982817602,0.12160228898426323,0.8443708609271523,0.212588578574406,528960.0,23673.5154662452
B,0.023959998345387257,0.12234042553191489,0.8377483443708609,0.21350210970464134,532500.0,23346.12779408444
B,0.02402958698250408,0.12269641125121242,0.8377483443708609,0.21404399323181048,531420.0,23278.39241363739
B,0.02429995921117303,0.12408043158410986,0.8377483443708609,0.21614694574967963,527280.0,23018.740121923685
B,0.024560172295609375,0.12487611496531219,0.8344370860927153,0.21724137931034485,527880.0,22781.666290358997
B,0.02469897701840323,0.1253731343283582,0.8344370860927153,0.21799307958477507,526440.0,22691.352449762926
B,0.025158483610219873,0.127208480565371,0.8344370860927153,0.22076215505913271,521220.0,22363.96477760217
B,0.025237746182211786,0.1276595744680851,0.8344370860927153,0.22144112478031633,519960.0,22284.940167080604
B,0.025587761814736983,0.1290983606557377,0.8344370860927153,0.22360248447204972,516000.0,22036.57710544141
B,0.02593196883466469,0.1305699481865285,0.8344370860927153,0.22580645161290322,512040.0,21788.21404380221
B,0.026056145418099266,0.1310452418096724,0.8344370860927153,0.22651685393258428,510780.0,21709.18943328065
B,0.026439658541014415,0.13199577613516367,0.8278145695364238,0.22768670309653916,514320.0,21381.801761119892
B,0.026528256125754997,0.1325556733828208,0.8278145695364238,0.22851919561243145,512880.0,21291.487920523818
B,0.02688715996325803,0.13297587131367292,0.8211920529801324,0.2288878634056299,517860.0,21054.414088959133
B,0.027207892214708464,0.13347802495930547,0.8145695364238411,0.22937062937062933,522660.0,20806.051027319936
B,0.02729393011868159,0.13398692810457516,0.8145695364238411,0.23012160898035547,521400.0,20727.026416798373
B,0.027787395024289435,0.13613724405091313,0.8145695364238411,0.23328591749644384,516180.0,20399.638744637617
B,0.027934579368064368,0.13618677042801555,0.8112582781456954,0.23322227510709184,519120.0,20309.324904041547
B,0.02845493331028789,0.1377952755905512,0.8112582781456954,0.2355769230769231,515340.0,20072.251072476858
B,0.02909826914432238,0.13903133903133902,0.8079470198675497,0.23723869713174522,515580.0,19812.598780763154
B,0.029365365785561766,0.13950829045168667,0.8079470198675497,0.2379327157484154,514500.0,19744.8634003161
B,0.03012981185043413,0.14186046511627906,0.8079470198675497,0.24134520276953508,509280.0,19417.47572815534
B,0.030380573749256817,0.14260666277030976,0.8079470198675497,0.24242424242424243,507660.0,19315.87265748476
B,0.030703457980211606,0.14370195150798346,0.804635761589404,0.2438534872052183,508440.0,19090.08805599458
B,0.03105781526112552,0.14577084583083383,0.804635761589404,0.2468257998984256,504120.0,18819.146534206368
B,0.031217864226498256,0.14620938628158844,0.804635761589404,0.2474541751527495,503220.0,18762.70038383382
B,0.03186983351203205,0.14880587875076545,0.804635761589404,0.2511627906976744,498000.0,18435.312711673065
B,0.0320317628658179,0.14849044978434997,0.7980132450331126,0.2503896103896104,504960.0,18322.420410927974
B,0.03252557488641036,0.1502493765586035,0.7980132450331126,0.2528856243441763,501540.0,18107.925039512305
B,0.03314018708952071,0.15126582278481013,0.7913907284768212,0.25398512221041447,505980.0,17836.983517724093
B,0.03335310524476846,0.15174603174603174,0.7913907284768212,0.25466169419286094,505080.0,17780.537367351546
B,0.033918419537960556,0.15329883570504527,0.7847682119205298,0.2564935064935065,508620.0,17453.149695190787
B,0.034122797371233866,0.154296875,0.7847682119205298,0.2578890097932535,506820.0,17340.2573944457
B,0.03458667665052133,0.15491100856954515,0.7781456953642384,0.25838372732270476,512160.0,17125.76202303003
B,0.034887347772300153,0.15616621983914208,0.7715231788079471,0.2597547380156076,516420.0,16843.531271167307
B,0.034967614831165734,0.15658602150537634,0.7715231788079471,0.26033519553072626,515700.0,16798.37435086927
B,0.03565709196751332,0.15832762165867031,0.7649006622516556,0.262350936967632,519240.0,16470.986678708512
B,0.03592683858174847,0.15883977900552487,0.7615894039735099,0.2628571428571429,521640.0,16346.805147888912
B,0.03630142799519757,0.16013986013986015,0.7582781456953642,0.2644341801385681,522780.0,16143.599006547754
B,0.036762103210445575,0.16168091168091167,0.7516556291390728,0.26611957796014063,526860.0,15850.079024610523
B,0.036818440819671366,0.16202712348322626,0.7516556291390728,0.2665883734586025,526320.0,15816.211334386995
B,0.03752853989507357,0.16399416909620992,0.7450331125827815,0.2688172043010753,529860.0,15488.823662226236
B,0.037752183455367926,0.16544117647058823,0.7450331125827815,0.27075812274368233,527700.0,15353.35290133213
B,0.038446539650986156,0.16753536857781087,0.7450331125827815,0.27355623100303955,524640.0,15161.435990065478
B,0.03911421297898968,0.16856492027334852,0.7350993377483444,0.27424336009882644,533100.0,14867.916008128246
B,0.039139344090215904,0.1689497716894977,0.7350993377483444,0.2747524752475248,532560.0,14834.048317904719
B,0.04018672440289746,0.17120622568093385,0.7284768211920529,0.27725267800882164,536100.0,14506.66064574396
B,0.04060396373347756,0.17282010997643363,0.7284768211920529,0.2793650793650794,533940.0,14371.189884849853
B,0.04117033222155478,0.1751592356687898,0.7284768211920529,0.28241335044929394,530880.0,14179.272973583202
B,0.04210897113615362,0.17819365337672904,0.7251655629139073,0.28608752449379493,530400.0,13874.46376157146
B,0.04227265661103515,0.1784841075794621,0.7251655629139073,0.2864617396991498,530040.0,13851.885301422442
B,0.04341014010176038,0.18113522537562604,0.7185430463576159,0.28933333333333333,533580.0,13524.497629261683
B,0.04387223128777073,0.1831223628691983,0.7185430463576159,0.29186281102891726,531240.0,13377.737638293069
B,0.04455209347995076,0.18562874251497005,0.7185430463576159,0.29503738953093134,528360.0,13197.109957100925
B,0.045180506072467215,0.18930762489044697,0.7152317880794702,0.29937629937629934,527700.0,12881.011515014676
B,0.04523151962330691,0.18947368421052632,0.7152317880794702,0.2995839112343967,527520.0,12869.722284940166
B,0.04637910355418029,0.1926192619261926,0.7086092715231788,0.3029016277423921,531060.0,12542.334612779407
B,0.04699354565007364,0.195077484047402,0.7086092715231788,0.3059328091493924,528540.0,12384.285391736285
B,0.04753135739592932,0.19593345656192238,0.7019867549668874,0.3063583815028902,534600.0,12214.946940618649
B,0.04869298715465871,0.201329534662868,0.7019867549668874,0.31291512915129155,529380.0,11887.559268457891
B,0.04875217595948095,0.201329534662868,0.7019867549668874,0.31291512915129155,529380.0,11887.559268457891
B,0.05008493531770979,0.2041015625,0.6920529801324503,0.3152337858220211,537300.0,11560.171596297132
B,0.0504779594624783,0.20495049504950494,0.6854304635761589,0.3155487804878049,543540.0,11402.122375254008
B,0.05140190737984038,0.20804020100502513,0.6854304635761589,0.3191981495759445,540840.0,11232.783924136373
B,0.05328950017745785,0.21325051759834368,0.6821192052980133,0.32492113564668773,540000.0,10905.396251975615
B,0.053298223594681976,0.21325051759834368,0.6821192052980133,0.32492113564668773,540000.0,10905.396251975615
B,0.054798152536858394,0.21664887940234792,0.6721854304635762,0.3276836158192091,547920.0,10578.008579814858
B,0.055671933072130676,0.21908893709327548,0.6688741721854304,0.3300653594771242,549600.0,10408.670128697222
B,0.056574854887747904,0.22026431718061673,0.6622516556291391,0.3305785123966942,555840.0,10250.620907654098
B,0.05834615619237827,0.22525597269624573,0.6556291390728477,0.33530906011854356,559380.0,9923.233235493339
B,0.0584076289863058,0.2255125284738041,0.6556291390728477,0.33559322033898303,559200.0,9911.94400541883
B,0.06028031074582946,0.22941176470588234,0.6456953642384106,0.3385416666666667,567300.0,9595.845563332581
B,0.06163106039696534,0.23261390887290168,0.6423841059602649,0.3415492957746479,568800.0,9415.217882140438
B,0.0628817941225957,0.23629719853836784,0.6423841059602649,0.3455031166518255,566460.0,9268.457891171822
B,0.06628707404828071,0.23863636363636365,0.6258278145695364,0.34552102376599636,583140.0,8941.070219011062
B,0.06651133326232954,0.2379746835443038,0.6225165562913907,0.3443223443223443,587160.0,8918.491758862046
B,0.06886499132541493,0.24508519003931847,0.6192052980132451,0.3511737089201878,586680.0,8613.682546850305
B,0.07063053657441083,0.250334672021419,0.6192052980132451,0.35653002859866545,583800.0,8433.054865658163
B,0.07216233478250642,0.25204359673024523,0.6125827814569537,0.35714285714285715,590220.0,8286.294874689547
B,0.07515082951829923,0.26099290780141843,0.609271523178808,0.3654419066534261,589380.0,7958.907202528788
B,0.07519876227237526,0.26173541963015645,0.609271523178808,0.36616915422885565,589020.0,7936.328742379769
B,0.07756780972060402,0.27071005917159763,0.6059602649006622,0.37423312883435583,588540.0,7631.519530368029
B,0.07929869110727787,0.2731411229135053,0.5960264900662252,0.37460978147762747,598620.0,7439.602619101378
B,0.08197883332528949,0.2782071097372488,0.5960264900662252,0.37934668071654376,596460.0,7304.13185820727
B,0.0858211002045109,0.284789644012945,0.5827814569536424,0.3826086956521739,608760.0,6976.7441860465115
B,0.08592040928209833,0.2861788617886179,0.5827814569536424,0.38386041439476554,608220.0,6942.876495822985
B,0.08972808055108016,0.2920203735144312,0.5695364238410596,0.3860830527497194,621060.0,6649.356513885753
B,0.09395817734096987,0.29772329246935203,0.5629139072847682,0.38946162657502864,626580.0,6446.150372544593
B,0.09524547541863239,0.30357142857142855,0.5629139072847682,0.39443155452436185,624600.0,6321.968841724994
B,0.10108759582637032,0.3145009416195857,0.5529801324503312,0.40096038415366153,632520.0,5994.581169564236
B,0.10208876377343999,0.31309297912713474,0.5463576158940397,0.39806996381182147,640560.0,5949.4242492662
B,0.10786642964154734,0.3247011952191235,0.5397350993377483,0.4054726368159204,644820.0,5667.193497403477
B,0.11247697916420399,0.33264462809917356,0.5331125827814569,0.40966921119592875,650340.0,5463.987356062316
B,0.11845514494591494,0.3382663847780127,0.5298013245033113,0.4129032258064516,652740.0,5339.805825242718
B,0.12665288896790286,0.34234234234234234,0.5033112582781457,0.4075067024128687,682560.0,5012.41815308196
B,0.1275803340403078,0.3431818181818182,0.5,0.40700808625336926,686220.0,4967.261232783924
B,0.13334072707023245,0.35180722891566263,0.48344370860927155,0.4072524407252441,703620.0,4685.030480921201
B,0.13837592967802206,0.3661616161616162,0.48013245033112584,0.4154727793696275,704580.0,4470.535109505531
B,0.14383814732749903,0.36787564766839376,0.47019867549668876,0.4127906976744186,715920.0,4357.642808760443
B,0.1554366416436839,0.38935574229691877,0.4602649006622517,0.42185128983308046,723840.0,4030.2551365996837
B,0.1584206538064289,0.39488636363636365,0.4602649006622517,0.4250764525993884,722940.0,3973.808986227139
B,0.17441956667349245,0.4115853658536585,0.4470198675496689,0.42857142857142855,736140.0,3702.8674644389253
B,0.19258108105189842,0.4253246753246753,0.4337748344370861,0.4295081967213115,750060.0,3477.0828629487464
B,0.20030714930441076,0.43478260869565216,0.4304635761589404,0.43261231281198004,752820.0,3375.4797922781668
B,0.2259730529095381,0.45555555555555555,0.40728476821192056,0.43006993006993005,778260.0,3048.092120117408
B,0.23165960842986352,0.4621212121212121,0.40397350993377484,0.43109540636042404,781560.0,2980.3567396703543
B,0.2685628566098927,0.4730290456431535,0.37748344370860926,0.4198895027624309,812460.0,2720.7044479566493
B,0.29918410628062225,0.497737556561086,0.36423841059602646,0.42065009560229444,826380.0,2494.919846466471
B,0.31778395096272394,0.5141509433962265,0.3609271523178808,0.42412451361867703,829140.0,2393.3167757958904
B,0.3941485846008458,0.5628415300546448,0.34105960264900664,0.4247422680412371,850200.0,2065.929103635132
B,0.40380675595470233,0.5649717514124294,0.33112582781456956,0.4175365344467641,862260.0,1998.1937231880788
B,0.4486174358944226,0.6233766233766234,0.31788079470198677,0.42105263157894735,875640.0,1738.5414314743732
B,0.49236154397728993,0.6390977443609023,0.2814569536423841,0.3908045977011494,920040.0,1501.4675999096862
B,0.4990710603189292,0.664,0.27483443708609273,0.38875878220140514,927360.0,1411.1537593136147
B,0.5994911655187543,0.7395833333333334,0.23509933774834438,0.35678391959799,974700.0,1083.7660871528562
B,0.6185089253407318,0.7303370786516854,0.2152317880794702,0.3324808184143222,999720.0,1004.7414766312937
B,0.7036707892578672,0.835820895522388,0.18543046357615894,0.3035230352303523,1035180.0,756.3784149920975
B,0.7924236313494597,0.9210526315789473,0.11589403973509933,0.20588235294117646,1121940.0,428.9907428313389
B,0.8476969990898848,0.8888888888888888,0.026490066225165563,0.05144694533762058,1234980.0,101.60307067058027
C,0.0005123547988012458,0.034093474825016935,1.0,0.06593886462882095,1540080.0,100000.0
C,0.0008548051421424617,0.03420545928191188,1.0,0.0661482860584821,1534860.0,99672.61232783923
C,0.0009628223799883694,0.03431818181818182,1.0,0.06635904196879806,1529640.0,99345.22465567848
C,0.0010134777244257146,0.03443164975487402,1.0,0.06657114515595725,1524420.0,99017.83698351773
C,0.0010179839104677937,0.03443950279393317,1.0,0.06658582295226545,1524060.0,98995.2585233687
C,0.00106964054839409,0.03454587051018074,1.0,0.06678460858027423,1519200.0,98690.44931135696
C,0.0010881860568054834,0.03461318051575931,1.0,0.06691037997119752,1516140.0,98498.5324000903
C,0.0011142905812213768,0.03466085160105589,1.0,0.06699944536882974,1513980.0,98363.06163919621
C,0.0011502290480323331,0.03477660064486412,1.0,0.06721566881816159,1508760.0,98035.67396703546
C,0.0011509925079745673,0.03478861882271628,1.0,0.06723811644216854,1508220.0,98001.80627681193
C,0.0011935191408705256,0.03489312536106297,1.0,0.06743329239700793,1503540.0,97708.28629487469
C,0.0012151401248251814,0.034965844621975224,1.0,0.06756907931535967,1500300.0,97505.08015353353
C,0.0012263368733078563,0.03501043357291908,1.0,0.06765232974910394,1498320.0,97380.89862271392
C,0.0012619361729132171,0.035128533209259044,1.0,0.06787279469603326,1493100.0,97053.51095055317
C,0.0012684231042766527,0.03514079590411915,1.0,0.0678956834532374,1492560.0,97019.64326032964
C,0.0012994323663106774,0.035247432306255835,1.0,0.06809470124013528,1487880.0,96726.12327839242
C,0.001327531947011956,0.03532163742690059,1.0,0.06823316764572979,1484640.0,96522.91713705126
C,0.0013411497890877604,0.03536713900925167,1.0,0.06831806356746975,1482660.0,96398.73560623165
C,0.0013759212541298688,0.03548766157461809,1.0,0.06854289605083977,1477440.0,96071.34793407089
C,0.0013777940915073697,0.03550434987067952,1.0,0.06857402361489555,1476720.0,96026.19101377287
C,0.0014046116007778737,0.03560900837165429,1.0,0.06876921325287488,1472220.0,95743.96026191014
C,0.0014253528699046394,0.035688962420231625,1.0,0.0689183021451392,1468800.0,95529.46489049446
C,0.001441120506785815,0.035731187884524375,1.0,0.06899702992917524,1467000.0,95416.57258974938
C,0.001474891582362378,0.035854208714234836,1.0,0.06922636103151864,1461780.0,95089.18491758862
C,0.0014774677668269438,0.035875504870515565,1.0,0.06926605504587156,1460880.0,95032.73876721607
C,0.00149802097316586,0.03597807958065285,1.0,0.06945722171113156,1456560.0,94761.79724542786
C,0.0015230111956657,0.03606400764270361,1.0,0.06961733517750116,1452960.0,94536.01264393768
C,0.0015325350985095382,0.036102809324566644,1.0,0.06968962732202608,1451340.0,94434.40957326711
C,0.001567228253963238,0.0361084452975048,0.9966887417218543,0.06969205834683956,1450500.0,94107.02190110635
C,0.001571738457960892,0.036130116432601125,0.9966887417218543,0.06973242210123942,1449600.0,94050.5757507338
C,0.0015974485724090533,0.03623450102323342,0.9966887417218543,0.06992682076896271,1445280.0,93779.63422894558
C,0.0016216240088356545,0.036321950042234825,0.9966887417218543,0.07008964955175223,1441680.0,93553.8496274554
C,0.0016275806983786576,0.03636143996134332,0.9966887417218543,0.07016317016317017,1440060.0,93452.24655678483
C,0.0016592951606968444,0.036489271426839616,0.9966887417218543,0.07040112267571044,1434840.0,93124.85888462407
C,0.0016646137995573406,0.036515831614703384,0.9966887417218543,0.07045055588063195,1433760.0,93057.12350417701
C,0.0016927753755281666,0.03661800486618005,0.9966887417218543,0.07064069467261207,1429620.0,92797.47121246331
C,0.001717583736784794,0.0367117941212343,0.9966887417218543,0.07081519821197506,1425840.0,92560.39738089862
C,0.00172560995016695,0.036747649859602,0.9966887417218543,0.07088190274343575,1424400.0,92470.08354030256
C,0.0017540638516065949,0.03687821612349914,0.9966887417218543,0.07112476370510397,1419180.0,92142.69586814179
C,0.001762516805470969,0.03690987124463519,0.9966887417218543,0.07118363485869693,1417920.0,92063.67125762023
C,0.0017821663012148063,0.03700971351284889,0.9966887417218543,0.07136929460580912,1413960.0,91815.30819598104
C,0.0018050178999665298,0.0371100973985945,0.9966887417218543,0.0715559253536194,1410000.0,91566.94513434183
C,0.0018107209525250916,0.037142152023692004,0.9966887417218543,0.07161551272900309,1408740.0,91487.92052382027
C,0.0018464202351783352,0.03727554179566563,0.9966887417218543,0.07186343559746926,1403520.0,91160.53285165952
C,0.0018503668848274544,0.037307882994546356,0.9966887417218543,0.07192353643966547,1402260.0,91081.50824113796
C,0.0018791900438731557,0.0374098931145911,0.9966887417218543,0.07211308097747963,1398300.0,90833.14517949875
C,0.0019008556089435231,0.03751246261216351,0.9966887417218543,0.0723036271919289,1394340.0,90584.78211785956
C,0.0019052402119607136,0.03754521641511788,0.9966887417218543,0.07236446688303882,1393080.0,90505.757507338
C,0.0019381896398271445,0.03768152228342514,0.9966887417218543,0.07261761158021714,1387860.0,90178.36983517725
C,0.0019446513029803484,0.037719298245614034,0.9966887417218543,0.07268775658053611,1386420.0,90088.05599458117
C,0.0019669181993835104,0.03781882145998241,0.9966887417218543,0.07287253359157486,1382640.0,89850.98216301648
C,0.0019838333929696346,0.037928427419354836,0.9966887417218543,0.07307598931779558,1378500.0,89591.32987130278
C,0.0019918167826089403,0.037957124842370744,0.9966887417218543,0.07312925170068027,1377420.0,89523.59449085573
C,0.0020240065277699146,0.03809644348816606,0.9966887417218543,0.07338778495672316,1372200.0,89196.20681869496
C,0.0020289485384487943,0.038139888494678156,0.9966887417218543,0.07346839150598,1370580.0,89094.60374802438
C,0.0020537477732400027,0.03823678861788618,0.9966887417218543,0.07364815267922682,1366980.0,88868.81914653421
C,0.002083938106414017,0.03835372069317024,0.9966887417218543,0.07386503067484664,1362660.0,88597.87762474599
C,0.0020871427436562778,0.03837817161800332,0.9966887417218543,0.07391037446286067,1361760.0,88541.43147437344
C,0.002121511864722,0.03852060404402355,0.9966887417218543,0.07417447018235584,1356540.0,88214.04380221269
C,0.0021305185092750666,0.03856502242152467,0.9966887417218543,0.07425681509806341,1354920.0,88112.44073154211
C,0.0021530712641949384,0.038664097623635194,0.9966887417218543,0.0744404599975269,1351320.0,87886.65613005194
C,0.0021753898012422737,0.03878366189923979,0.9966887417218543,0.07466203646285503,1347000.0,87615.71460826372
C,0.002178047525631338,0.0388086642599278,0.9966887417218543,0.0747083643584016,1346100.0,87559.26845789117
C,0.002205167021438461,0.03895431603468358,0.9966887417218543,0.07497820401046208,1340880.0,87231.8807857304
C,0.0022156775623665345,0.03900479460930413,0.9966887417218543,0.07507170470133433,1339080.0,87118.98848498533
C,0.0022354238268207714,0.03910106521174331,0.9966887417218543,0.07525,1335660.0,86904.49311356965
C,0.0022642958354126014,0.03922846344324254,0.9966887417218543,0.0754858934169279,1331160.0,86622.26236170693
C,0.0022657209340797755,0.03924892424044856,0.9966887417218543,0.07552377367958851,1330440.0,86577.1054414089
C,0.0022918894101570005,0.039397905759162306,0.9966887417218543,0.07579954671367414,1325220.0,86249.71776924813
C,0.002298651178382561,0.03945471228208153,0.9966887417218543,0.0759046778464254,1323240.0,86125.53623842854
C,0.002318468436168142,0.03954802259887006,0.9966887417218543,0.07607734108429166,1320000.0,85922.33009708737
C,0.002341286439837912,0.03968358602504944,0.9966887417218543,0.07632813490554077,1315320.0,85628.81011515015
C,0.002347258747287246,0.03969928778686362,0.9966887417218543,0.07635717909690512,1314780.0,85594.94242492663
C,0.002385324912097802,0.03985171455050973,0.9966887417218543,0.07663908338637812,1309560.0,85267.55475276586
C,0.0023922391353128863,0.039915130619281265,0.9966887417218543,0.07675634323600664,1307400.0,85132.08399187175
C,0.0024058456621411212,0.040005316321105794,0.9966887417218543,0.07692307692307693,1304340.0,84940.1670806051
C,0.002435037270074105,0.04014403841024273,0.9966887417218543,0.07717948717948718,1299660.0,84646.64709866788
C,0.002437856269415072,0.04016010673782522,0.9966887417218543,0.07720918301910992,1299120.0,84612.77940844434
C,0.002468110419364362,0.040316099651754624,0.9966887417218543,0.0774974253347065,1293900.0,84285.3917362836
C,0.002478919067563094,0.040381003488060105,0.9966887417218543,0.07761732851985559,1291740.0,84149.92097538948
C,0.0024981901287193836,0.040473309130025545,0.9966887417218543,0.07778782788473963,1288680.0,83958.00406412283
C,0.0025323390552017782,0.040620782726045884,0.9966887417218543,0.07806016597510372,1283820.0,83653.19485211109
C,0.002532861840754965,0.0406317494600432,0.9966887417218543,0.0780804150453956,1283460.0,83630.61639196206
C,0.0025627151127960448,0.04079143515381488,0.9966887417218543,0.07837521156099465,1278240.0,83303.22871980131
C,0.0025795017741325754,0.040863426554439315,0.9966887417218543,0.07850808555033907,1275900.0,83156.46872883268
C,0.002592908463994173,0.040952380952380955,0.9966887417218543,0.07867224255096707,1273020.0,82975.84104764056
C,0.002613453244835218,0.04110898661567878,0.9966887417218543,0.07896117523609654,1267980.0,82659.7426055543
C,0.0026185064888772426,0.041114601830351045,0.9966887417218543,0.07897153351698806,1267800.0,82648.45337547979
C,0.0026528682511885665,0.041278113000548546,0.9966887417218543,0.07927311035027654,1262580.0,82321.06570331904
C,0.00266384739574272,0.04135751580104424,0.9966887417218543,0.07941952506596306,1260060.0,82163.01648227591
C,0.0026853341484992343,0.04144292991876635,0.9966887417218543,0.07957699933906147,1257360.0,81993.67803115828
C,0.0027142376080845944,0.041603317208016584,0.9966887417218543,0.07987262836672415,1252320.0,81677.57958907202
C,0.002717366653261801,0.041609068288636995,0.9966887417218543,0.0798832271762208,1252140.0,81666.29035899752
C,0.002751758892109021,0.0417765440666204,0.9966887417218543,0.08019182096709739,1246920.0,81338.90268683675
C,0.0027635094738347526,0.04185787790293422,0.9966887417218543,0.08034165220872815,1244400.0,81180.85346579364
C,0.002778099167367641,0.0419453734671126,0.9966887417218543,0.08050280823749666,1241700.0,81011.515014676
C,0.002813968548800262,0.04211557296767875,0.9966887417218543,0.0808162169418714,1236480.0,80684.12734251525
C,0.0028156646611838076,0.04211557296767875,0.9966887417218543,0.0808162169418714,1236480.0,80684.12734251525
C,0.0028494356452807073,0.04228715931441416,0.9966887417218543,0.08113207547169811,1231260.0,80356.73967035448
C,0.0028704122282976773,0.042376460650429396,0.9966887417218543,0.0812964213369345,1228560.0,80187.40121923685
C,0.0028907959437872925,0.042460149527436875,0.9966887417218543,0.08145041266405087,1226040.0,80029.35199819373
C,0.002916820549169207,0.04263456090651558,0.9966887417218543,0.08177125781037761,1220820.0,79701.96432603296
C,0.002916899650035776,0.04264060065165037,0.9966887417218543,0.08178236652628719,1220640.0,79690.67509595845
C,0.0029438501036176397,0.042810411036836866,0.9966887417218543,0.08209464066548479,1215600.0,79374.57665387221
C,0.0029627543117020623,0.04290805416963649,0.9966887417218543,0.08227415607489409,1212720.0,79193.94897268007
C,0.002982830253584816,0.04298771779491574,0.9966887417218543,0.08242059145673604,1210380.0,79047.18898171144
C,0.0030202381380288615,0.043166499354653665,0.9966887417218543,0.0827491408934708,1205160.0,78719.80130955069
C,0.003020803725624783,0.04317269076305221,0.9966887417218543,0.08276051690954084,1204980.0,78708.51207947618
C,0.0030622860293939343,0.04334677419354839,0.9966887417218543,0.0830803201766492,1199940.0,78392.41363738994
C,0.0030776404957592743,0.04344688221709007,0.9966887417218543,0.08326417704011065,1197060.0,78211.78595619778
C,0.0030907113628946673,0.04352856109906002,0.9966887417218543,0.08341416100872939,1194720.0,78065.02596522917
C,0.0031218707751634205,0.04371187917513796,0.9966887417218543,0.08375069560378408,1189500.0,77737.6382930684
C,0.003124910662801272,0.0437245787332946,0.9966887417218543,0.08377400500974116,1189140.0,77715.0598329194
C,0.003150682111545089,0.043896747848913516,0.9966887417218543,0.08408995669786282,1184280.0,77410.25062090765
C,0.0031746259683323405,0.044005847953216375,0.9966887417218543,0.08429011481377767,1181220.0,77218.33370964101
C,0.003189915704402101,0.043936731107205626,0.9933774834437086,0.08415147265077139,1183440.0,77082.8629487469
C,0.0032308844757689375,0.04412413590233858,0.9933774834437086,0.08449514152936206,1178220.0,76755.47527658613
C,0.003231930701465394,0.04414361389052384,0.9933774834437086,0.084530853761623,1177680.0,76721.6075863626
C,0.0032592089899977097,0.04431314623338257,0.9933774834437086,0.08484162895927601,1173000.0,76428.08760442538
C,0.003277665181846291,0.04443127962085308,0.9933774834437086,0.08505812305075135,1169760.0,76224.88146308421
C,0.0032989030700577094,0.04450378282153983,0.9933774834437086,0.08519096975720573,1167780.0,76100.69993226462
C,0.003343842887756987,0.04469606674612634,0.9933774834437086,0.0855431993156544,1162560.0,75773.31226010386
C,0.003350574555901436,0.044716053063049634,0.9933774834437086,0.08557980316645271,1162020.0,75739.44456988033
C,0.0033791883845786905,0.044890019452341764,0.9933774834437086,0.08589835361488904,1157340.0,75445.9245879431
C,0.003405128073069354,0.0450112528132033,0.9933774834437086,0.08612028132625231,1154100.0,75242.71844660194
C,0.003432625936222315,0.04508566275924256,0.9933774834437086,0.08625646923519265,1152120.0,75118.53691578234
C,0.003463003424573934,0.045283018867924525,0.9933774834437086,0.08661758336942399,1146900.0,74791.14924362158
C,0.0034655863416628184,0.045310376076121435,0.9933774834437086,0.08666762964032934,1146180.0,74745.99232332355
C,0.0034989890344616936,0.04548211036992116,0.9933774834437086,0.08698173383589446,1141680.0,74463.76157146083
C,0.003517051630285479,0.04561350159647255,0.9933774834437086,0.08722197993894462,1138260.0,74249.26620004517
C,0.00353673816684826,0.04568296025582458,0.9933774834437086,0.08734895909157082,1136460.0,74136.37389930007
C,0.003579634328188548,0.04588559192413582,0.9933774834437086,0.08771929824561403,1131240.0,73808.9862271393
C,0.0035857388852165418,0.04592071024031839,0.9933774834437086,0.08778346744696416,1130340.0,73752.54007676676
C,0.0036262774489035825,0.04609002919035182,0.9933774834437086,0.08809279107326383,1126020.0,73481.59855497855
C,0.003654356637141658,0.04623208506703652,0.9933774834437086,0.08835223089383006,1122420.0,73255.81395348837
C,0.003667269904967649,0.046296296296296294,0.9933774834437086,0.08846947803007961,1120800.0,73154.21088281779
C,0.0037111065901756757,0.046349403193303364,0.9900662251655629,0.08855323559899304,1119960.0,72826.82321065704
C,0.0037206349729333663,0.046385355259075396,0.9900662251655629,0.0886188500296384,1119060.0,72770.37706028449
C,0.003746173232444866,0.0465587044534413,0.9900662251655629,0.08893515764425937,1114740.0,72499.43553849627
C,0.0037635736370884728,0.046704154951577634,0.9900662251655629,0.08920047732696898,1111140.0,72273.6509370061
C,0.0037803505550355605,0.04676990458313781,0.9900662251655629,0.08932038834951456,1109520.0,72172.04786633552
C,0.003821456772301545,0.04698302954116908,0.9900662251655629,0.0897089708970897,1104300.0,71844.66019417476
C,0.0038275444578372447,0.04702736709657125,0.9900662251655629,0.0897897897897898,1103220.0,71776.9248137277
C,0.003861257587101324,0.04719810576164167,0.9900662251655629,0.090100949224047,1099080.0,71517.272522014
C,0.0038934278933027183,0.047355083940449794,0.9900662251655629,0.09038694074969769,1095300.0,71280.19869044931
C,0.003912205690335244,0.047415160164922296,0.9900662251655629,0.09049636803874091,1093860.0,71189.88484985323
C,0.003945449980066562,0.047474908395730445,0.9867549668874173,0.09059127526979784,1093020.0,70862.49717769248
C,0.003954678047795489,0.047527910685805426,0.9867549668874173,0.09068776628119295,1091760.0,70783.47256717093
C,0.0039862352747242055,0.04769526248399488,0.9867549668874173,0.09099236641221374,1087800.0,70535.10950553173
C,0.00400399484416208,0.04786379698040476,0.9867549668874173,0.09129901960784315,1083840.0,70286.74644389252
C,0.004010635421341311,0.0479176716513909,0.9867549668874173,0.09139702499616624,1082580.0,70207.72183337096
C,0.004046658973706224,0.0481421647819063,0.9867549668874173,0.09180529882932839,1077360.0,69880.3341612102
C,0.004051981806185102,0.048196668284004526,0.9867549668874173,0.09190439475713183,1076100.0,69801.30955068865
C,0.00408651693048029,0.04836877130335984,0.9867549668874173,0.09221723657744081,1072140.0,69552.94648904946
C,0.004121012989584815,0.0485421078351523,0.9867549668874173,0.09253221549448842,1068180.0,69304.58342741025
C,0.004136559832986225,0.048597521200260924,0.9867549668874173,0.09263288778364936,1066920.0,69225.55881688869
C,0.004184936015437616,0.048828445027035886,0.9867549668874173,0.09305230288836847,1061700.0,68898.17114472792
C,0.004190256077503622,0.04889253486464315,0.9867549668874173,0.09316867281538221,1060260.0,68807.85730413186
C,0.004217690416864856,0.04906157392163319,0.9867549668874173,0.09347553324968631,1056480.0,68570.78347256717
C,0.0042479124154557735,0.049248058172202944,0.9867549668874173,0.09381394616716512,1052340.0,68311.13118085347
C,0.004260491535615843,0.049296939619520266,0.9867549668874173,0.0939026311643296,1051260.0,68243.39580040642
C,0.004292360040536549,0.0495345744680851,0.9867549668874173,0.09433364988920544,1046040.0,67916.00812824565
C,0.004309046097855618,0.04960878974529715,0.9867549668874173,0.09446822000317007,1044420.0,67814.40505757507
C,0.0043529782115669085,0.04977451144145649,0.9867549668874173,0.09476864366353953,1040820.0,67588.62045608489
C,0.0043821030234661865,0.04997484487673989,0.9867549668874173,0.09513168395849958,1036500.0,67317.67893429668
C,0.004386828521725034,0.050016784155756965,0.9867549668874173,0.0952076677316294,1035600.0,67261.23278392415
C,0.004438127479925266,0.050261426884803506,0.9867549668874173,0.09565077836623335,1030380.0,66933.84511176338
C,0.00444594021934052,0.05034634228754857,0.9867549668874173,0.09580453303327438,1028580.0,66820.95281101829
C,0.004471161477125496,0.05050847457627119,0.9867549668874173,0.09609803289261529,1025160.0,66606.45743960261
C,0.004512442757934436,0.050714771953710006,0.9867549668874173,0.09647134995144059,1020840.0,66335.51591781441
C,0.004520518649552722,0.050757962868335886,0.9867549668874173,0.09654948971326746,1019940.0,66279.06976744186
C,0.0045793393244486285,0.051009928106812735,0.9867549668874173,0.09700520833333334,1014720.0,65951.68209528111
C,0.004600609735503616,0.05109739368998628,0.9867549668874173,0.09716335180958592,1012920.0,65838.78979453602
C,0.004638792504640741,0.0512644073628075,0.9867549668874173,0.09746524938675387,1009500.0,65624.29442312034
C,0.004668547793053074,0.05148583275742916,0.9867549668874173,0.09786535303776683,1005000.0,65342.06367125762
C,0.004673745144068401,0.05152143845089903,0.9867549668874173,0.09792967466316135,1004280.0,65296.906750959584
C,0.004718905026108823,0.05178105994787142,0.9867549668874173,0.09839854713554565,999060.0,64969.51907879882
C,0.0047359843054942076,0.05188022284122563,0.9867549668874173,0.09857757194839563,997080.0,64845.33754797923
C,0.004774283636193502,0.052043311212015365,0.9867549668874173,0.0988719309887193,993840.0,64642.13140663807
C,0.004809552331262297,0.05228070175438596,0.9867549668874173,0.09930023325558147,989160.0,64348.61142470083
C,0.0048184772731921215,0.052308232403019135,0.9867549668874173,0.09934989164860811,988620.0,64314.743734477306
C,0.004869920690983823,0.05257586450247001,0.9867549668874173,0.09983249581239532,983400.0,63987.35606231655
C,0.00489193213218667,0.05268741159830269,0.9867549668874173,0.10003356831151394,981240.0,63851.88530142244
C,0.004941998153739928,0.05284624933498847,0.9867549668874173,0.1003198114795489,978180.0,63659.968390155795
C,0.004977491311771156,0.053091038660252984,0.9867549668874173,0.10076077768385462,973500.0,63366.44840821856
C,0.00498469029362044,0.05311942959001782,0.9867549668874173,0.10081190798376184,972960.0,63332.580717995035
C,0.005039465534617065,0.05339544884429314,0.9867549668874173,0.10130885602583717,967740.0,63005.193045834276
C,0.005062678343261258,0.05351050457891902,0.9867549668874173,0.10151592573667179,965580.0,62869.722284940166
C,0.005095426175613609,0.05367435158501441,0.9867549668874173,0.1018107277075504,962520.0,62677.80537367351
C,0.005140234299974486,0.05393665158371041,0.9867549668874173,0.10228247811910074,957660.0,62372.99616166177
C,0.005142102593268964,0.053956183233749774,0.9867549668874173,0.10231759656652362,957300.0,62350.417701512764
C,0.005183026832110242,0.05387695668001456,0.9801324503311258,0.10213940648723259,960840.0,62023.030029352
C,0.005203940345947034,0.054004743659916074,0.9801324503311258,0.10236901262320594,958500.0,61876.27003838339
C,0.005238839632446281,0.05416285452881976,0.9801324503311258,0.10265302583665682,955620.0,61695.64235719124
C,0.005297996183536548,0.054441787750597756,0.9801324503311258,0.10315385955741418,950580.0,61379.543915104994
C,0.005303523012286445,0.054451802796173655,0.9801324503311258,0.1031718368769606,950400.0,61368.25468503048
C,0.005362953028146517,0.054743850564083596,0.9801324503311258,0.10369591872482047,945180.0,61040.86701286973
C,0.00537999926553977,0.054885963285740774,0.9801324503311258,0.10395083406496929,942660.0,60882.817791826594
C,0.005410352678667634,0.055039047973224245,0.9801324503311258,0.10422535211267604,939960.0,60713.47934070897
C,0.005470951203550614,0.055327102803738315,0.9801324503311258,0.10474168435951876,934920.0,60397.38089862271
C,0.005472309622319122,0.05533744625163582,0.9801324503311258,0.10476021943018936,934740.0,60386.0916685482
C,0.005523319316567116,0.055639097744360905,0.9801324503311258,0.10530060476698684,929520.0,60058.70399638744
C,0.005545271790980863,0.05578590275160196,0.9801324503311258,0.10556348074179742,927000.0,59900.65477534432
C,0.0055827758074548026,0.055944055944055944,0.9801324503311258,0.10584659395673163,924300.0,59731.31632422669
C,0.0056279609139763195,0.05625237552261497,0.9801324503311258,0.10639827462257367,919080.0,59403.92865206593
C,0.005628566991596828,0.05625237552261497,0.9801324503311258,0.10639827462257367,919080.0,59403.92865206593
C,0.005674420972873402,0.05656411236384483,0.9801324503311258,0.1069557362240289,913860.0,59076.54097990517
C,0.005704582609061111,0.05672671521655807,0.9801324503311258,0.10724637681159419,911160.0,58907.20252878754
C,0.005729325876450642,0.0568793235972329,0.9801324503311258,0.10751907010533965,908640.0,58749.15330774442
C,0.005780872861903468,0.05719806763285024,0.9801324503311258,0.10808836954537156,903420.0,58421.76563558366
C,0.005782542570993677,0.057209122535755705,0.9801324503311258,0.10810810810810811,903240.0,58410.47640550915
C,0.005838478529944318,0.0575204041974349,0.9801324503311258,0.10866372980910424,898200.0,58094.37796342289
C,0.005865719611999745,0.05769980506822612,0.9801324503311258,0.10898379970544919,895320.0,57913.75028223075
C,0.005891871056722182,0.05784639437170217,0.9801324503311258,0.10924524820077507,892980.0,57766.99029126213
C,0.005946474216885243,0.05817610062893082,0.9801324503311258,0.10983302411873841,887760.0,57439.60261910138
C,0.005948533610574175,0.05818753685865933,0.9801324503311258,0.10985340508443124,887580.0,57428.313389026865
C,0.006006421465013567,0.05850958687487646,0.9801324503311258,0.11042715911210595,882540.0,57112.21494694062
C,0.0060353881897364054,0.05869522109855245,0.9801324503311258,0.1107577174929841,879660.0,56931.58726574847
C,0.006065393092821684,0.058846918489065606,0.9801324503311258,0.1110277569392348,877320.0,56784.82727477986
C,0.006136614233774607,0.0591881623675265,0.9801324503311258,0.11163492362813503,872100.0,56457.439602619095
C,0.0061373517517215636,0.0592118423684737,0.9801324503311258,0.11167704206753444,871740.0,56434.86114247009
C,0.006198004989497905,0.05953338696701529,0.9801324503311258,0.11224876753886993,866880.0,56130.05193045834
C,0.006246480004390023,0.05973763874873865,0.9801324503311258,0.11261175575423246,863820.0,55938.13501919169
C,0.006270488928537399,0.05988266235079911,0.9801324503311258,0.11286939942802668,861660.0,55802.664258297584
C,0.006355370685922901,0.06003256003256003,0.9768211920529801,0.11311349693251534,860820.0,55475.276586136824
C,0.00635762303092918,0.0600692323355732,0.9768211920529801,0.1131785919815845,860280.0,55441.4088959133
C,0.006416585047393074,0.0601842374616172,0.9735099337748344,0.11336032388663969,859980.0,55147.888913976065
C,0.006448618011471297,0.060406821450585575,0.9735099337748344,0.11375507835171213,856740.0,54944.682772634915
C,0.006476626996425794,0.06054365733113674,0.9735099337748344,0.113997673516867,854760.0,54820.50124181531
C,0.006569933774617949,0.060907395898073334,0.9735099337748344,0.11464223045427958,849540.0,54493.11356965455
C,0.006574390492572489,0.060945273631840796,0.9735099337748344,0.11470932500975418,849000.0,54459.245879431015
C,0.006623779776744171,0.06127553147144644,0.9735099337748344,0.11529411764705881,844320.0,54165.72589749379
C,0.006664677992954379,0.061297071129707115,0.9701986754966887,0.11530893349075168,845460.0,53962.51975615263
C,0.0067082288708461835,0.06143845669951772,0.9701986754966887,0.11555906132912641,843480.0,53838.338225333035
C,0.006778251879225289,0.06181434599156118,0.9701986754966887,0.11622372074573581,838260.0,53510.950553172275
C,0.006785225048926823,0.06186655405405406,0.9701986754966887,0.1163159984120683,837540.0,53465.793632874236
C,0.006847343528219606,0.06219486308639355,0.9701986754966887,0.11689607021743467,833040.0,53183.562881011516
C,0.006874633872675083,0.06244671781756181,0.9701986754966887,0.11734080897076492,829620.0,52969.06750959584
C,0.006898643034684294,0.06258009397693294,0.9701986754966887,0.11757624398073836,827820.0,52856.17520885076
C,0.006946639485905879,0.06297012679991404,0.9701986754966887,0.1182643794147326,822600.0,52528.787536690004
C,0.006955884484246054,0.06303786574870912,0.9701986754966887,0.11838383838383837,821700.0,52472.34138631746
C,0.007020719774683329,0.06336505190311419,0.9701986754966887,0.11896061713357695,817380.0,52201.39986452924
C,0.0070673548855767045,0.06364031277150305,0.9701986754966887,0.11944557684467999,813780.0,51975.615263039064
C,0.007096247647442344,0.06376496191512514,0.9701986754966887,0.11966510108229529,812160.0,51874.01219236848
C,0.0071927740320486926,0.06416995181778362,0.9701986754966887,0.12037797863599015,806940.0,51546.62452020772
C,0.007202875802031154,0.06424029818022363,0.9701986754966887,0.12050174789224756,806040.0,51490.17836983518
C,0.007276636290981519,0.06458011902137976,0.9701986754966887,0.12109940070262451,801720.0,51219.23684804697
C,0.007319525179272268,0.06486606154527341,0.9701986754966887,0.12160199211454659,798120.0,50993.45224655678
C,0.007343696780683215,0.06499556344276841,0.9701986754966887,0.12182952182952185,796500.0,50891.84917588621
C,0.007397529473831675,0.06541638758651484,0.9701986754966887,0.1225685003137419,791280.0,50564.46150372544
C,0.007405483161520317,0.06550413592667113,0.9701986754966887,0.12272251308900523,790200.0,50496.72612327839
C,0.007481024745899482,0.06584269662921348,0.9701986754966887,0.12331649831649832,786060.0,50237.07383156468
C,0.007527418578684338,0.06615488823662226,0.9701986754966887,0.12386387655886703,782280.0,50000.0
C,0.007540784939928249,0.06627459850712508,0.9701986754966887,0.12407368198179121,780840.0,49909.68615940393
C,0.007611301451406706,0.06671220400728597,0.9701986754966887,0.12484022155943757,775620.0,49582.29848724317
C,0.007622054912828604,0.06681870011402509,0.9701986754966887,0.12502666951141458,774360.0,49503.27387672161
C,0.007682362472983436,0.06715562686225074,0.9701986754966887,0.12561629153269024,770400.0,49254.91081508241
C,0.0077466363401326255,0.06749596867081317,0.9701986754966887,0.1262115011845789,766440.0,49006.547753443214
C,0.007760499784512814,0.06760498384863867,0.9701986754966887,0.1264020707506471,765180.0,48927.52314292165
C,0.00782340214878778,0.06806039488966319,0.9701986754966887,0.12719774256566097,759960.0,48600.1354707609
C,0.007841808297108413,0.06818710728415174,0.9701986754966887,0.1274190041313329,758520.0,48509.82163016482
C,0.007905849889126107,0.06852198316183349,0.9701986754966887,0.12800349497597202,754740.0,48272.74779860013
C,0.007946144332584108,0.0688763516690174,0.9701986754966887,0.12862159789288852,750780.0,48024.38473696094
C,0.007969630750003386,0.06898987520602778,0.9701986754966887,0.12881952077379644,749520.0,47945.36012643938
C,0.008050461067604429,0.0694642010431484,0.9701986754966887,0.12964601769911505,744300.0,47617.97245427862
C,0.008071733773071259,0.06959619952494062,0.9701986754966887,0.1298758865248227,742860.0,47527.65861368254
C,0.008124924378974423,0.06994509429458104,0.9701986754966887,0.13048318859942107,739080.0,47290.58478211786
C,0.008194372495384478,0.07033125300048007,0.9701986754966887,0.13115487914055504,734940.0,47030.93249040416
C,0.00821528056935437,0.07043269230769231,0.9701986754966887,0.131331241595697,733860.0,46963.1971099571
C,0.008318657117354893,0.07068506414911643,0.9668874172185431,0.13173922851342207,733020.0,46635.80943779634
C,0.008341669995475575,0.07083939835031539,0.9668874172185431,0.13200723327305608,731400.0,46534.206367125764
C,0.008399623224989064,0.07118478790833739,0.9668874172185431,0.13260672116257946,727800.0,46308.42176563558
C,0.008473260624769444,0.0716037273173124,0.9668874172185431,0.1333333333333333,723480.0,46037.48024384737
C,0.00848789693500262,0.07169162779278174,0.9668874172185431,0.1334857142857143,722580.0,45981.034093474824
C,0.008570273995788878,0.0722057368941642,0.9668874172185431,0.13437643810400365,717360.0,45653.646421314064
C,0.008596219384047265,0.07238472979672782,0.9668874172185431,0.13468634686346864,715560.0,45540.75412056898
C,0.008665796621745223,0.07272727272727272,0.9668874172185431,0.13527912902478573,712140.0,45326.25874915331
C,0.00877303011274082,0.07316462039589075,0.9668874172185431,0.13603540647565807,707820.0,45055.31722736509
C,0.008792343725336205,0.07325639739086803,0.9668874172185431,0.13619402985074627,706920.0,44998.871076992546
C,0.008846099050202637,0.07379327773565833,0.9668874172185431,0.13712138999765205,701700.0,44671.48340483179
C,0.00887439213969003,0.07398023815556119,0.9668874172185431,0.13744410449517536,699900.0,44558.59110408671
C,0.0089296966903831,0.07433808553971487,0.9668874172185431,0.1380614657210402,696480.0,44344.09573267103
C,0.008978495538728407,0.07481424545221624,0.9668874172185431,0.13888228299643282,691980.0,44061.86498080831
C,0.008987837636178615,0.07489099769171582,0.9668874172185431,0.13901452035229706,691260.0,44016.708060510275
C,0.009071207251534697,0.07545219638242893,0.9668874172185431,0.13998082454458294,686040.0,43689.320388349515
C,0.00911737875163598,0.07566727131381187,0.9668874172185431,0.14035087719298248,684060.0,43565.13885752991
C,0.009203342509757712,0.07602186930486853,0.9668874172185431,0.1409606565290852,680820.0,43361.932716188756
C,0.009293318931972624,0.07653997378768021,0.9668874172185431,0.14185086227835803,676140.0,43068.41273425153
C,0.009308858093999662,0.07660020986358866,0.9668874172185431,0.14195430238210985,675600.0,43034.545044028
C,0.009424208587969354,0.07718741739360296,0.9668874172185431,0.14296205630354958,670380.0,42707.15737186724
C,0.009477775291405862,0.07743304163351895,0.9668874172185431,0.14338325558556345,668220.0,42571.68661097313
C,0.009543587592856647,0.07778369738945125,0.9668874172185431,0.14398422090729782,665160.0,42379.769699706485
C,0.009625886956885345,0.07832618025751073,0.9668874172185431,0.14491315136476426,660480.0,42086.24971776925
C,0.009640267822136657,0.07838926174496644,0.9668874172185431,0.14502110752421157,659940.0,42052.38202754572
C,0.009736767187492426,0.07900432900432901,0.9668874172185431,0.14607303651825915,654720.0,41724.994355384966
C,0.00979749353366053,0.07926167209554831,0.9668874172185431,0.14651279478173607,652560.0,41589.523594490856
C,0.00987303973531249,0.07962912462503409,0.9668874172185431,0.14714033761652812,649500.0,41397.6066832242
C,0.009959455896381518,0.08021978021978023,0.9668874172185431,0.14814814814814817,644640.0,41092.79747121246
C,0.00997453235366529,0.08026388125343595,0.9668874172185431,0.1482233502538071,644280.0,41070.21901106345
C,0.010091408762265547,0.08090883901357716,0.9668874172185431,0.14932242393249806,639060.0,40742.83133890269
C,0.010113107124012127,0.08120133481646273,0.9668874172185431,0.14982042072857876,636720.0,40596.07134793407
C,0.010155829601805862,0.08156424581005586,0.9668874172185431,0.15043791859866049,633840.0,40415.44366674193
C,0.010276660590537329,0.08220720720720721,0.9668874172185431,0.15153087701089776,628800.0,40099.34522465568
C,0.010285534245575751,0.0822303576457336,0.9668874172185431,0.15157020503503765,628620.0,40088.05599458117
C,0.010402542563192035,0.08290743895513912,0.9668874172185431,0.1527196652719665,623400.0,39760.66832242041
C,0.010462291094164564,0.08295324971493728,0.9635761589403974,0.152755905511811,625260.0,39602.619101377284
C,0.010520634558584244,0.08330947609504724,0.9635761589403974,0.1533596837944664,622560.0,39433.28065025965
C,0.01062234192972482,0.0836940836940837,0.9602649006622517,0.15396867533846564,621900.0,39117.1822081734
C,0.010629892774375607,0.08371824480369515,0.9602649006622517,0.15400955921402018,621720.0,39105.89297809889
C,0.010742636026080686,0.08442503639010189,0.9602649006622517,0.1552047096601552,616500.0,38778.50530593813
C,0.010781508675593488,0.08477053493130664,0.9602649006622517,0.15578834273435402,613980.0,38620.45608489501
C,0.010845431694335944,0.08514386376981797,0.9602649006622517,0.1564185544768069,611280.0,38451.11763377738
C,0.01099199644710983,0.0855789161978087,0.956953642384106,0.15710790975808642,610440.0,38123.72996161662
C,0.010995835447545437,0.0855789161978087,0.956953642384106,0.15710790975808642,610440.0,38123.72996161662
C,0.011168613010811887,0.08602150537634409,0.9536423841059603,0.15780821917808222,609600.0,37796.34228945586
C,0.01121740599744101,0.08640864086408641,0.9536423841059603,0.15845942228335624,606900.0,37627.00383833823
C,0.011281299534219297,0.0867731244350708,0.9536423841059603,0.15907207953603977,604380.0,37468.9546172951
C,0.011425152201087157,0.08753799392097264,0.9536423841059603,0.16035634743875277,599160.0,37141.56694513434
C,0.011425262763743163,0.08756460930373974,0.9536423841059603,0.16040100250626568,598980.0,37130.277715059834
C,0.01152986318457511,0.0880098129408157,0.9503311258278145,0.16110019646365423,598320.0,36814.17927297358
C,0.011613450225000472,0.0884437596302003,0.9503311258278145,0.16182689596842403,595440.0,36633.55159178144
C,0.01166835014173921,0.08879950495049505,0.9503311258278145,0.16242218449349177,593100.0,36486.79160081282
C,0.011816601020729461,0.08960349672182329,0.9503311258278145,0.1637660485021398,587880.0,36159.40392865207
C,0.011819479192787752,0.08963148032479701,0.9503311258278145,0.16381278538812788,587700.0,36148.114698577556
C,0.011990636185282908,0.0904221802142407,0.9503311258278145,0.16513233601841193,582660.0,35832.016256491304
C,0.012065050803348675,0.090880303989867,0.9503311258278145,0.16589595375722543,579780.0,35651.38857529916
C,0.012143285851194974,0.09125596184419714,0.9503311258278145,0.16652161299680882,577440.0,35504.62858433055
C,0.012323638010699129,0.09210526315789473,0.9503311258278145,0.1679344645991808,572220.0,35177.240912169786
C,0.012329341164550638,0.09216441875401413,0.9503311258278145,0.1680327868852459,571860.0,35154.66245202078
C,0.012441827396225234,0.09297052154195011,0.9503311258278145,0.16937149601652401,567000.0,34849.85324000903
C,0.012531879513243445,0.09348534201954398,0.9503311258278145,0.17022538552787664,563940.0,34657.93632874238
C,0.01257455730234753,0.09385219097449313,0.9503311258278145,0.17083333333333334,561780.0,34522.465567848274
C,0.01271664908646159,0.09475074281941234,0.9503311258278145,0.17232062443710594,556560.0,34195.077895687515
C,0.01272096120268364,0.09484467944481163,0.9503311258278145,0.17247596153846156,556020.0,34161.21020546399
C,0.012883732508995181,0.09566666666666666,0.9503311258278145,0.17383403997577224,551340.0,33867.690223526755
C,0.012982068794458889,0.09624413145539906,0.9503311258278145,0.17478684531059682,548100.0,33664.4840821856
C,0.01305727500742365,0.09660047122181084,0.9503311258278145,0.17537427436602507,546120.0,33540.302551365996
C,0.013270427248783929,0.09755268524813053,0.9503311258278145,0.1769420468557337,540900.0,33212.914879205244
C,0.013289834561028994,0.09765226267437904,0.9503311258278145,0.1771058315334773,540360.0,33179.04718898171
C,0.01343002482658663,0.0985238585650532,0.9503311258278145,0.17853810264385692,535680.0,32885.52720704448
C,0.013534327667442225,0.09913644214162348,0.9503311258278145,0.1795433218642477,532440.0,32682.32106570332
C,0.013598244594533319,0.09951456310679611,0.9503311258278145,0.18016321406151917,530460.0,32558.139534883725
C,0.013830264001253256,0.10017513134851139,0.9470198675496688,0.18118466898954705,529620.0,32230.751862722962
C,0.013853903531815419,0.10031567870922484,0.9470198675496688,0.18141452584839837,528900.0,32185.594942424927
C,0.01406160406833836,0.10084925690021232,0.9437086092715232,0.18222506393861893,528780.0,31903.364190562206
C,0.01417322709103308,0.10153188457427859,0.9437086092715232,0.183338694113863,525360.0,31688.868819146533
C,0.014220032892790366,0.101894887379335,0.9437086092715232,0.18393030009680542,523560.0,31575.976518401443
C,0.014491615490103754,0.10296242774566473,0.9437086092715232,0.18566775244299674,518340.0,31248.588846240687
C,0.014514859580669186,0.10314875135722042,0.9437086092715232,0.1859706362153344,517440.0,31192.14269586814
C,0.014675948295802902,0.10368747718145309,0.9403973509933775,0.18678066425517922,517500.0,30921.201174079928
C,0.014816252945407395,0.1044501655020228,0.9403973509933775,0.18801721284342932,513900.0,30695.41657258975
C,0.014886505301851264,0.1047970479704797,0.9403973509933775,0.1885790172642762,512280.0,30593.81350191917
C,0.015087675434067622,0.10555762775083924,0.9370860927152318,0.18974187060006706,511440.0,30266.42582975841
C,0.015112796418999543,0.10579439252336449,0.9370860927152318,0.1901242861941552,510360.0,30198.690449311354
C,0.015248703589121938,0.10671191553544494,0.9370860927152318,0.19160460392687878,506220.0,29939.038157597653
C,0.015387219906387995,0.10752279635258359,0.9370860927152318,0.1929107021131561,502620.0,29713.253556107473
C,0.015505029989983175,0.10789172703011818,0.9370860927152318,0.1935042735042735,501000.0,29611.65048543689
C,0.015739352416503614,0.10909791827293755,0.9370860927152318,0.19544198895027626,495780.0,29284.262813276135
C,0.015760325741572132,0.10896445131375579,0.9337748344370861,0.19515570934256055,499080.0,29216.52743282908
C,0.01591478329035691,0.10994152046783626,0.9337748344370861,0.1967213114754098,494940.0,28956.875141115375
C,0.01601130863738192,0.11084905660377359,0.9337748344370861,0.19817287420941673,491160.0,28719.80130955069
C,0.01609005261471366,0.111198738170347,0.9337748344370861,0.19873150105708245,489720.0,28629.487468954616
C,0.016315396423697726,0.11248504188272836,0.9337748344370861,0.2007831968672125,484500.0,28302.099796793857
C,0.016398525089558563,0.1128,0.9337748344370861,0.20128479657387582,483240.0,28223.075186272294
C,0.01656415385764239,0.11380145278450363,0.9337748344370861,0.20287769784172663,479280.0,27974.7121246331
C,0.01674795974250653,0.11482084690553745,0.9337748344370861,0.20449601160261058,475320.0,27726.349062993904
C,0.016805308285450925,0.11514904042466313,0.9337748344370861,0.2050163576881134,474060.0,27647.324452472345
C,0.01699411308353136,0.11652892561983472,0.9337748344370861,0.207200587803086,468840.0,27319.936780311582
C,0.01703657998926411,0.11650082918739635,0.9304635761589404,0.20707442888725128,471780.0,27229.622939715508
C,0.017256907141656494,0.11752404851526559,0.9304635761589404,0.2086891942072039,468000.0,26992.549108150826
C,0.01749854053141361,0.11861544955677501,0.9304635761589404,0.21040808685885434,464040.0,26744.186046511626
C,0.01753158452687419,0.11896697713801863,0.9304635761589404,0.21096096096096095,462780.0,26665.161435990063
C,0.01786421315225592,0.11958851264466352,0.9238410596026491,0.21176470588235294,466320.0,26337.773763829307
C,0.01793629280753144,0.12,0.9238410596026491,0.21240959269128282,464880.0,26247.459923233237
C,0.018089766588957286,0.12109375,0.9238410596026491,0.21412125863392176,461100.0,26010.386091668548
C,0.018317122560475515,0.12231477422183253,0.9238410596026491,0.2160278745644599,456960.0,25750.733799954844
C,0.01841412702875586,0.12263736263736263,0.9238410596026491,0.21653084982537835,455880.0,25682.998419507792
C,0.018767375489254064,0.12422083704363313,0.9238410596026491,0.21899529042386182,450660.0,25355.61074734703
C,0.0188508869860182,0.12472060795708538,0.9238410596026491,0.21977156360771957,449040.0,25254.00767667645
C,0.01911294907198052,0.12539467749210645,0.9205298013245033,0.22072250893211592,449820.0,25028.223075186273
C,0.019321312083156517,0.12631098951208392,0.9172185430463576,0.22204408817635274,449880.0,24757.281553398057
C,0.019379946644708382,0.126599634369287,0.9172185430463576,0.22248995983935738,448980.0,24700.835403025514
C,0.019711556188713474,0.1283001389532191,0.9172185430463576,0.22511174319382365,443760.0,24373.447730864755
C,0.019785013371846277,0.12889716147045138,0.9172185430463576,0.22603019175846595,441960.0,24260.555430119664
C,0.020052118643892225,0.13004694835680752,0.9172185430463576,0.22779605263157895,438540.0,24046.060058703995
C,0.02040059041415324,0.1315289648622982,0.9172185430463576,0.23006644518272426,434220.0,23775.118536915783
C,0.020447933755464585,0.13184198000951927,0.9172185430463576,0.2305451518934665,433320.0,23718.67238654324
C,0.020659051633284926,0.13320463320463322,0.9139072847682119,0.23251895534962091,432480.0,23391.28471438248
C,0.020751168509322366,0.13336566440349176,0.9105960264900662,0.2326565143824027,435060.0,23278.39241363739
C,0.020931067307959503,0.1346059716103769,0.9105960264900662,0.2345415778251599,431640.0,23063.89704222172
C,0.021257866401089405,0.13627353815659068,0.9105960264900662,0.2370689655172414,427140.0,22781.666290358997
C,0.021299138153263206,0.1365441906653426,0.9105960264900662,0.2374784110535406,426420.0,22736.50937006096
C,0.0216327881737459,0.1385390428211587,0.9105960264900662,0.2404897245299519,421200.0,22409.121697900202
C,0.021737974746466795,0.1393110435663627,0.9105960264900662,0.2416520210896309,419220.0,22284.940167080604
C,0.02196894479592362,0.14059304703476483,0.9105960264900662,0.24357838795394152,415980.0,22081.734025739443
C,0.022319291838368286,0.14248704663212436,0.9105960264900662,0.24641577060931902,411300.0,21788.21404380221
C,0.022407635922059615,0.14270887389724962,0.9105960264900662,0.246747420367878,410760.0,21754.346353578687
C,0.02279366148374463,0.14436248682824027,0.9072847682119205,0.24909090909090914,409920.0,21426.958681417927
C,0.022989896729974327,0.14475079533404028,0.9039735099337748,0.24954296160877515,412140.0,21291.487920523818
C,0.02334037601954077,0.14606741573033707,0.9039735099337748,0.25149700598802394,409080.0,21099.571009257168
C,0.023816544478624226,0.14812805208898536,0.9039735099337748,0.2545454545454546,404400.0,20806.051027319936
C,0.023885860059264387,0.1483695652173913,0.9039735099337748,0.2549019607843137,403860.0,20772.18333709641
C,0.02438585025857945,0.1507454445057979,0.9039735099337748,0.25840037860861337,398640.0,20444.795664935653
C,0.02456020046597971,0.1517509727626459,0.9039735099337748,0.2598762494050452,396480.0,20309.324904041547
C,0.024793446015881168,0.1531986531986532,0.9039735099337748,0.2619961612284069,393420.0,20117.407992774894
C,0.025220598349688213,0.15555555555555556,0.9039735099337748,0.2654350996596986,388560.0,19812.598780763154
C,0.02523158458888681,0.15573302909298345,0.9039735099337748,0.26569343065693435,388200.0,19790.020320614134
C,0.025795403215720793,0.1583526682134571,0.9039735099337748,0.2694965449160908,382980.0,19462.632648453375
C,0.025935851741065764,0.15838690824079485,0.8973509933774835,0.2692498758072528,389400.0,19315.87265748476
C,0.026103104599886576,0.15988200589970503,0.8973509933774835,0.271407110665999,386520.0,19135.24497629262
C,0.02664282532508551,0.16196760647870426,0.8940397350993378,0.2742508887760285,385860.0,18819.146534206368
C,0.02664828295777226,0.16206482593037214,0.8940397350993378,0.274390243902439,385680.0,18807.85730413186
C,0.027201255056448027,0.16371411117898596,0.8874172185430463,0.27643115007735947,389220.0,18480.4696319711
C,0.02752209745866258,0.16512630930375846,0.8874172185430463,0.27844155844155843,386700.0,18322.420410927974
C,0.0278823584212496,0.16666666666666666,0.8874172185430463,0.2806282722513089,384000.0,18153.08195981034
C,0.02847671098496287,0.16962025316455695,0.8874172185430463,0.28480340063761955,378960.0,17836.983517724093
C,0.028496183222198004,0.16972767574414185,0.8874172185430463,0.28495481127060074,378780.0,17825.69428764958
C,0.02901239123364403,0.17161290322580644,0.8807947019867549,0.28725701943844495,382320.0,17498.306615488822
C,0.029426580612774447,0.17317708333333334,0.8807947019867549,0.28944504896626766,379800.0,17340.2573944457
C,0.029655329803223978,0.17488494411571334,0.8807947019867549,0.29182665935271535,377100.0,17170.918943328066
C,0.030217343488005713,0.17761394101876676,0.8774834437086093,0.2954292084726867,376260.0,16843.531271167307
C,0.030217776302700554,0.17761394101876676,0.8774834437086093,0.2954292084726867,376260.0,16843.531271167307
C,0.030871941455543075,0.18113465481886534,0.8774834437086093,0.30028328611898014,371040.0,16516.143599006547
C,0.03125273175358495,0.18093922651933703,0.8675496688741722,0.2994285714285715,381480.0,16346.805147888912
C,0.031702886730366774,0.18270571827057183,0.8675496688741722,0.30184331797235026,378960.0,16188.755926845788
C,0.03261847240385522,0.18576512455516014,0.8642384105960265,0.3057996485061511,378120.0,15861.368254685029
C,0.03262448316073342,0.1858974358974359,0.8642384105960265,0.30597889800703393,377940.0,15850.079024610523
C,0.033184302087240464,0.18895348837209303,0.8609271523178808,0.3098927294398093,377280.0,15533.980582524271
C,0.03358637861943363,0.19117647058823528,0.8609271523178808,0.3128760529482551,374400.0,15353.35290133213
C,0.034175804504825526,0.19302152932442465,0.8609271523178808,0.3153426318981201,372060.0,15206.592910363515
C,0.03515252779865775,0.19650986342943855,0.8576158940397351,0.31975308641975314,371220.0,14879.205238202756
C,0.03515712156207659,0.19665907365223995,0.8576158940397351,0.31995058678196414,371040.0,14867.916008128246
C,0.035815679402240494,0.19937936384794414,0.8509933774834437,0.3230672532998114,374760.0,14551.817566041997
C,0.036309876341110346,0.20109976433621368,0.847682119205298,0.3250793650793651,376260.0,14371.189884849853
C,0.03674558416956529,0.20317460317460317,0.847682119205298,0.32778489116517284,373920.0,14224.429893881237
C,0.03806369885470122,0.20714865962632006,0.8443708609271523,0.33268101761252444,373080.0,13897.04222172048
C,0.03818058410889485,0.20748576078112285,0.8443708609271523,0.33311561071195295,372720.0,13874.46376157146
C,0.03902602892030433,0.21214642262895175,0.8443708609271523,0.3390957446808511,367860.0,13569.65454955972
C,0.03948214020418098,0.21518987341772153,0.8443708609271523,0.34297242770679215,364800.0,13377.737638293069
C,0.03997457426261109,0.21739130434782608,0.8443708609271523,0.3457627118644067,362640.0,13242.26687739896
C,0.04093785925828386,0.22115384615384615,0.8377483443708609,0.34993084370677735,366180.0,12914.879205238203
C,0.040993706303267395,0.22085889570552147,0.8344370860927153,0.34927234927234924,370020.0,12881.011515014676
C,0.042146562586773885,0.2242152466367713,0.8278145695364238,0.35285815102328866,374100.0,12587.491533077444
C,0.04259803246036238,0.22698268003646307,0.8245033112582781,0.3559685489635454,375240.0,12384.285391736285
C,0.04317270358950535,0.2292817679558011,0.8245033112582781,0.35878962536023057,373260.0,12260.103860916684
C,0.04434815057089075,0.23557237464522232,0.8245033112582781,0.3664459161147902,368040.0,11932.716188755927
C,0.04449141770202852,0.23646723646723647,0.8245033112582781,0.36752767527675273,367320.0,11887.559268457891
C,0.04597626823997832,0.24027237354085604,0.8178807947019867,0.3714285714285715,371580.0,11605.32851659517
C,0.04694389311264525,0.24257425742574257,0.8112582781456954,0.37347560975609756,377100.0,11402.122375254008
C,0.04732528422515706,0.24424424424424424,0.8079470198675497,0.37509607993850885,379500.0,11277.94084443441
C,0.0487748888439709,0.24845360824742269,0.7980132450331126,0.3789308176100629,387420.0,10950.55317227365
C,0.04917948744817266,0.2484472049689441,0.7947019867549668,0.3785488958990536,391080.0,10905.396251975615
C,0.05079004860405968,0.25292242295430395,0.7880794701986755,0.38294448913917944,395340.0,10623.165500112893
C,0.052048610328671675,0.25488069414316705,0.7781456953642384,0.3839869281045752,405060.0,10408.670128697222
C,0.052527542242249724,0.2576754385964912,0.7781456953642384,0.38714991762767714,403260.0,10295.777827952134
C,0.05504460097296008,0.2627406568516421,0.7682119205298014,0.39156118143459917,411180.0,9968.390155791374
C,0.05527360480681715,0.2642369020501139,0.7682119205298014,0.39322033898305087,410280.0,9911.94400541883
C,0.058071437725417174,0.2716627634660422,0.7682119205298014,0.4013840830449828,405960.0,9641.002483630617
C,0.059436791315508185,0.27577937649880097,0.7615894039735099,0.4049295774647888,411120.0,9415.217882140438
C,0.060171942535216676,0.2787878787878788,0.7615894039735099,0.4081632653061224,409500.0,9313.614811469857
C,0.061895784389783444,0.2864321608040201,0.7549668874172185,0.4153005464480874,413040.0,8986.2271393091
C,0.06219950299981854,0.28860759493670884,0.7549668874172185,0.4175824175824175,411960.0,8918.491758862046
C,0.06406229411703813,0.29726205997392435,0.7549668874172185,0.4265668849391955,407820.0,8658.83946714834
C,0.0656148418682772,0.30254350736278446,0.7483443708609272,0.4308865586272641,412980.0,8433.054865658163
C,0.06680303084838915,0.3035230352303523,0.7417218543046358,0.43076923076923074,420120.0,8331.451794987583
C,0.07073747793756924,0.3145275035260931,0.7384105960264901,0.4411473788328388,419280.0,8004.064122826823
C,0.0712377455788376,0.31721194879089615,0.7384105960264901,0.4437810945273632,418200.0,7936.328742379769
C,0.0738790711911722,0.32794117647058824,0.7384105960264901,0.45417515274949083,414060.0,7676.676450666065
C,0.07685648838356482,0.330804248861912,0.7218543046357616,0.45369406867846,432180.0,7439.602619101378
C,0.07787390152367998,0.3317972350230415,0.7152317880794702,0.453305351521511,439500.0,7349.288778505305
C,0.08194292831141399,0.3440514469453376,0.7086092715231788,0.4632034632034632,443040.0,7021.901106344547
C,0.08301646710883821,0.34471544715447155,0.7019867549668874,0.4623773173391494,450540.0,6942.876495822985
C,0.08544879187136047,0.357504215851602,0.7019867549668874,0.47374301675977654,446580.0,6694.513434183788
C,0.09055916373249953,0.36777583187390545,0.695364238410596,0.48109965635738833,451380.0,6446.150372544593
C,0.09161741927994232,0.37056737588652483,0.6920529801324503,0.48267898383371827,454500.0,6367.125762023031
C,0.09699390679850585,0.3850467289719626,0.6821192052980133,0.4922341696535245,462420.0,6039.738089862271
C,0.09827984127025549,0.3908918406072106,0.6821192052980133,0.4969843184559711,460980.0,5949.4242492662
C,0.10364233869678242,0.4051383399209486,0.6788079470198676,0.5074257425742574,461580.0,5712.350417701513
C,0.1102739988428017,0.41115702479338845,0.6589403973509934,0.5063613231552164,483900.0,5463.987356062316
C,0.11358273711378913,0.4171907756813417,0.6589403973509934,0.5109114249037228,482640.0,5384.962745540754
C,0.12232673849547265,0.4330357142857143,0.6423841059602649,0.5173333333333332,499320.0,5057.575073379995
C,0.12509309288950504,0.4409090909090909,0.6423841059602649,0.5229110512129379,497880.0,4967.261232783924
C,0.1327503354982947,0.45346062052505964,0.6291390728476821,0.5270457697642164,511620.0,4730.187401219237
C,0.14650481072111657,0.4722222222222222,0.6192052980132451,0.5358166189111748,520620.0,4470.535109505531
C,0.15075004677031606,0.4794871794871795,0.6192052980132451,0.5404624277456648,519540.0,4402.799729058478
C,0.16622540268510402,0.5013850415512465,0.5993377483443708,0.5460030165912518,540600.0,4075.4120568977196
C,0.168548642153962,0.5085227272727273,0.5927152317880795,0.5474006116207951,547740.0,3973.808986227139
C,0.18140564095444947,0.5301204819277109,0.5827814569536424,0.555205047318612,557280.0,3748.0243847369607
C,0.19271450297198428,0.551948051948052,0.5629139072847682,0.5573770491803278,579240.0,3477.0828629487464
C,0.1977426423083227,0.5610561056105611,0.5629139072847682,0.5619834710743803,578340.0,3420.636712576202
C,0.22111832822408015,0.5875912408759124,0.5331125827814569,0.5590277777777778,612540.0,3093.2490404154437
C,0.23073050427923114,0.5984848484848485,0.5231788079470199,0.5583038869257951,623880.0,2980.3567396703543
C,0.24836145971294646,0.6204081632653061,0.5033112582781457,0.5557586837294333,646740.0,2765.861368254685
C,0.2674932316875184,0.6334841628959276,0.46357615894039733,0.5353728489483748,694980.0,2494.919846466471
C,0.27454153153384914,0.6481481481481481,0.46357615894039733,0.5405405405405406,694080.0,2438.4736960939263
C,0.3257165582318875,0.7112299465240641,0.44039735099337746,0.5439672801635992,719520.0,2111.086023933168
C,0.3614549470426387,0.7175141242937854,0.4205298013245033,0.5302713987473905,744000.0,1998.1937231880788
C,0.40645405027600484,0.7721518987341772,0.40397350993377484,0.5304347826086957,762480.0,1783.698351772409
C,0.5166084111153918,0.8120300751879699,0.3576158940397351,0.49655172413793097,819300.0,1501.4675999096862
C,0.5324329276977491,0.813953488372093,0.347682119205298,0.4872389791183295,831720.0,1456.3106796116506
C,0.6746756569285948,0.86,0.2847682119205298,0.42786069651741293,909720.0,1128.9230074508919
C,0.7192835749087015,0.8876404494382022,0.26158940397350994,0.4040920716112532,938400.0,1004.7414766312937
C,0.7756497672231768,0.8732394366197183,0.2052980132450331,0.3324396782841823,1009620.0,801.5353352901333
C,0.8594611301698711,0.9523809523809523,0.13245033112582782,0.23255813953488375,1100760.0,474.1476631293746
C,0.9434420690130985,1.0,0.04304635761589404,0.08253968253968252,1213800.0,146.75999096861594
D,0.0014540001827517645,0.034093474825016935,1.0,0.06593886462882095,1540080.0,100000.0
D,0.003576595482917804,0.03419771260332918,1.0,0.06613380050366802,1535220.0,99695.19078798826
D,0.004278850787691525,0.034302589731940024,1.0,0.06632989237865143,1530360.0,99390.38157597651
D,0.004822067644509026,0.034294177965136154,0.9966887417218543,0.06630686198920586,1529880.0,99085.57236396478
D,0.004960933904680251,0.03432546470521154,0.9966887417218543,0.06636534009480764,1528440.0,98995.2585233687
D,0.005100496329506441,0.03440393187792891,0.9966887417218543,0.06651198762567673,1524840.0,98769.47392187853
D,0.005270371463728274,0.034498567335243556,0.9966887417218543,0.06668882242162402,1520520.0,98498.5324000903
D,0.005324590890668577,0.03451043338683788,0.9966887417218543,0.06671099290780143,1519980.0,98464.66470986679
D,0.005604166321425694,0.03462157809983897,0.9966887417218543,0.06691863050244554,1514940.0,98148.56626778054
D,0.005693796391493826,0.0346734247206543,0.9966887417218543,0.06701547367249248,1512600.0,98001.80627681193
D,0.005852336624488694,0.03472943348332756,0.9966887417218543,0.06712008027650797,1510080.0,97843.7570557688
D,0.006058870137245808,0.03484199560134275,0.9966887417218543,0.06733027625545242,1505040.0,97527.65861368255
D,0.006059382700637321,0.03485006367951835,0.9966887417218543,0.06734534064212999,1504680.0,97505.08015353353
D,0.006230764747147023,0.03495528974567414,0.9966887417218543,0.06754179288679459,1500000.0,97211.5601715963
D,0.006295841450711203,0.03502443565278101,0.9966887417218543,0.06767086330935251,1496940.0,97019.64326032964
D,0.006365437150146038,0.03495281370150297,0.9933774834437086,0.06752954417557683,1499340.0,96895.46172951005
D,0.006573624887342396,0.03494623655913978,0.9900662251655629,0.06750959584556332,1498860.0,96590.65251749831
D,0.006605582812001316,0.03497076023391813,0.9900662251655629,0.0675553547220967,1497780.0,96522.91713705126
D,0.006793803107482712,0.0350609756097561,0.9900662251655629,0.06772366930917328,1493820.0,96274.55407541206
D,0.0069350556280183325,0.03515165765342111,0.9900662251655629,0.0678928247048138,1489860.0,96026.19101377287
D,0.006972701368016374,0.035176470588235295,0.9900662251655629,0.0679391047489207,1488780.0,95958.45563332581
D,0.007144267837923363,0.03528856367284315,0.9900662251655629,0.06814814814814815,1483920.0,95653.64642131407
D,0.007281057882431073,0.035334436303474354,0.9900662251655629,0.06823368324965769,1481940.0,95529.46489049446
D,0.007370716756263012,0.035405565423327415,0.9900662251655629,0.0683662970161198,1478880.0,95337.54797922782
D,0.00756182738683542,0.03551912568306011,0.9900662251655629,0.06857798165137613,1474020.0,95032.73876721607
D,0.007563404583477122,0.03551912568306011,0.9900662251655629,0.06857798165137613,1474020.0,95032.73876721607
D,0.007753680906603388,0.035518474374255066,0.9867549668874173,0.06856879889553612,1473360.0,94716.64032512983
D,0.007836537456850543,0.03558633866730356,0.9867549668874173,0.06869525126786538,1470480.0,94536.01264393768
D,0.007924059450544694,0.035645933014354064,0.9867549668874173,0.0688062803047795,1467960.0,94377.96342289457
D,0.00805866658580809,0.03576143045721829,0.9867549668874173,0.06902142443543716,1463100.0,94073.15421088281
D,0.0080688851573592,0.035770015604369224,0.9867549668874173,0.06903741457199118,1462740.0,94050.5757507338
D,0.008228573230517936,0.035894965068658156,0.9867549668874173,0.0692701069270107,1457520.0,93723.18807857303
D,0.008278660408937117,0.03595993725111621,0.9867549668874173,0.06939108161602049,1454820.0,93553.8496274554
D,0.0083864682955621,0.03590425531914894,0.9834437086092715,0.06927921623512948,1456500.0,93384.51117633776
D,0.008566744891134827,0.035909256338711636,0.9801324503311258,0.0692802808660035,1455660.0,93057.12350417701
D,0.008602470864331269,0.03591797112000971,0.9801324503311258,0.06929650005852746,1455300.0,93034.545044028
D,0.008785525501007493,0.036036036036036036,0.9801324503311258,0.06951620479098168,1450440.0,92729.73583201626
D,0.008951038470237094,0.03610196365410416,0.9801324503311258,0.06963886601576286,1447740.0,92560.39738089862
D,0.008990344425224355,0.03615487968730915,0.9801324503311258,0.06973730710331018,1445580.0,92424.92662000451
D,0.009148372930297053,0.03627895575438166,0.9801324503311258,0.06996808887838318,1440540.0,92108.82817791827
D,0.009157615903771078,0.03629675045984059,0.9801324503311258,0.07000118245240632,1439820.0,92063.67125762023
D,0.009319377121222987,0.03640388636084123,0.9801324503311258,0.07020040317799123,1435500.0,91792.729735832
D,0.00937882876845655,0.03648915187376726,0.9801324503311258,0.07035892560019016,1432080.0,91578.23436441635
D,0.009420121092027889,0.0365341890891138,0.9801324503311258,0.07044264635887673,1430280.0,91465.34206367127
D,0.009576153140438921,0.03665634674922601,0.9801324503311258,0.07066969082010267,1425420.0,91160.53285165952
D,0.009616264563251804,0.03668815071888944,0.9801324503311258,0.07072879330943846,1424160.0,91081.50824113796
D,0.00975738539549184,0.036779324055666,0.9801324503311258,0.07089820359281436,1420560.0,90855.72363964778
D,0.009881685363587848,0.036889332003988036,0.9801324503311258,0.07110257026183041,1416240.0,90584.78211785956
D,0.009908807223722234,0.03690773067331671,0.9801324503311258,0.07113674597452535,1415520.0,90539.62519756153
D,0.010150143532336077,0.03690729388214688,0.9768211920529801,0.07112718505123568,1415040.0,90234.8159855498
D,0.0102558520407858,0.03696741854636591,0.9768211920529801,0.07123883120019318,1412700.0,90088.05599458117
D,0.010386498472774558,0.037037037037037035,0.9768211920529801,0.07136808999637112,1410000.0,89918.71754346353
D,0.010552014632475772,0.03716769560287262,0.9768211920529801,0.0716106323582959,1404960.0,89602.61910137729
D,0.010552826869642668,0.03717237903225806,0.9768211920529801,0.07161932507890265,1404780.0,89591.32987130278
D,0.010718714314529436,0.03730399595346485,0.9768211920529801,0.07186358099878197,1399740.0,89275.23142921652
D,0.010796208912641173,0.037379624936644706,0.9768211920529801,0.07200390529655847,1396860.0,89094.60374802438
D,0.010837414430397811,0.037436548223350255,0.9768211920529801,0.07210950867758495,1394700.0,88959.13298713027
D,0.01096987274341966,0.03757483123169023,0.9768211920529801,0.07236600024530848,1389480.0,88631.74531496952
D,0.010983953320703812,0.03758919469928644,0.9768211920529801,0.07239263803680981,1388940.0,88597.87762474599
D,0.011111635069473165,0.037704498977505115,0.9768211920529801,0.07260644843711545,1384620.0,88326.93610295777
D,0.011175666319462528,0.03779628443305574,0.9768211920529801,0.07277661280374986,1381200.0,88112.44073154211
D,0.01124730822369808,0.03784477228992944,0.9768211920529801,0.07286649376312215,1379400.0,87999.54843079702
D,0.011406754537710574,0.03798120252349685,0.9768211920529801,0.07311934564382204,1374360.0,87683.44998871077
D,0.011432711542650797,0.0380105656487566,0.9768211920529801,0.07317375666625325,1373280.0,87615.71460826372
D,0.011538770739688469,0.03811369509043928,0.9768211920529801,0.07336483461825417,1369500.0,87378.64077669903
D,0.011635005729537377,0.03822729039782299,0.9768211920529801,0.07357525876044395,1365360.0,87118.98848498533
D,0.011680794837570153,0.03826199740596628,0.9768211920529801,0.07363954068896654,1364100.0,87039.96387446376
D,0.011848216461034778,0.0384014579536579,0.9768211920529801,0.07389779559118237,1359060.0,86723.86543237751
D,0.011885163833370354,0.03844650071679916,0.9768211920529801,0.07398119122257053,1357440.0,86622.26236170693
D,0.011971470310187672,0.03842132775744903,0.9735099337748344,0.07392506914759868,1358040.0,86385.18853014224
D,0.012068688430789513,0.03853716083366103,0.9735099337748344,0.07413945278022949,1353900.0,86125.53623842854
D,0.012093936884592427,0.03856243441762854,0.9735099337748344,0.07418622255866768,1353000.0,86069.090088056
D,0.012218356810679076,0.03870967741935484,0.9735099337748344,0.07445865518551349,1347780.0,85741.70241589524
D,0.012271245321526118,0.03876071193144364,0.9735099337748344,0.07455306200076076,1345980.0,85628.81011515015
D,0.012362508697658172,0.03885291396854764,0.9735099337748344,0.07472359893252001,1342740.0,85425.60397380899
D,0.012483807746429916,0.03898687176767007,0.9735099337748344,0.07497131199795996,1338060.0,85132.08399187175
D,0.012493528652245317,0.0389920424403183,0.9735099337748344,0.07498087222647282,1337880.0,85120.79476179725
D,0.012616804877005798,0.03913738019169329,0.9735099337748344,0.0752495520859995,1332840.0,84804.69631971099
D,0.012694108370661015,0.03907708722325954,0.9701986754966887,0.07512820512820514,1334700.0,84646.64709866788
D,0.012753520993882286,0.03915541894961914,0.9701986754966887,0.07527296082209378,1332000.0,84477.30864755024
D,0.012863928708001422,0.039163090128755365,0.9668874172185431,0.07527713328177364,1331520.0,84172.4994355385
D,0.012883038876127184,0.03917359806815133,0.9668874172185431,0.07529654461062404,1331160.0,84149.92097538948
D,0.013042013302478228,0.039170817068246065,0.9635761589403974,0.07528133488552582,1331040.0,83867.69022352676
D,0.013105825846467325,0.0392659560113345,0.9635761589403974,0.07545702061454686,1327800.0,83664.48408218559
D,0.013138431561810496,0.03932963914042438,0.9635761589403974,0.07557460070120764,1325640.0,83529.0133212915
D,0.01325299839413437,0.039473684210526314,0.9635761589403974,0.07584050039093042,1320780.0,83224.20410927974
D,0.013269291306957984,0.03950583763236492,0.9635761589403974,0.07589984350547732,1319700.0,83156.46872883268
D,0.013345274270453001,0.039624183006535946,0.9635761589403974,0.0761182317551661,1315740.0,82908.1056671935
D,0.0134080140593188,0.039737812371978695,0.9635761589403974,0.07632786885245901,1311960.0,82671.0318356288
D,0.013463623723089102,0.03979759299781182,0.9635761589403974,0.07643814026792752,1309980.0,82546.85030480921
D,0.013600310552050599,0.03994509265614276,0.9635761589403974,0.0767101621194148,1305120.0,82242.04109279747
D,0.013633565481961357,0.03998351195383347,0.9635761589403974,0.07678100263852242,1303860.0,82163.01648227591
D,0.013722504090709547,0.04010474090407938,0.9635761589403974,0.07700449854458852,1299900.0,81914.6534206367
D,0.013795663433004668,0.040221147201105735,0.9635761589403974,0.0772190526734775,1296120.0,81677.57958907202
D,0.013843992176943789,0.0402656704026567,0.9635761589403974,0.07730110240403773,1294680.0,81587.26574847595
D,0.013950701236704981,0.040444753300903406,0.9635761589403974,0.07763105242096838,1288920.0,81226.01038609167
D,0.013972074209005396,0.040467250730079264,0.9635761589403974,0.07767249432803949,1288200.0,81180.85346579364
D,0.014090440291910812,0.04059709821428571,0.9635761589403974,0.07791164658634538,1284060.0,80921.20117407992
D,0.014139380601936749,0.04071638449699175,0.9635761589403974,0.07813129279097868,1280280.0,80684.12734251525
D,0.01416691813572673,0.040750595154740235,0.9635761589403974,0.07819427650141071,1279200.0,80616.39196206818
D,0.014273769136360644,0.040905257239246554,0.9635761589403974,0.07847896440129448,1274340.0,80311.58275005645
D,0.014320230886843513,0.04096860481486696,0.9635761589403974,0.0785955435516543,1272360.0,80187.40121923685
D,0.014393563522771227,0.040931545518701484,0.9602649006622517,0.07851631244077432,1273500.0,79984.1950778957
D,0.014498772659429556,0.04107648725212465,0.9602649006622517,0.07878293941863626,1269000.0,79701.96432603296
D,0.014513726489230192,0.040958049886621314,0.956953642384106,0.07855395487904321,1272660.0,79656.80740573493
D,0.01459601664762079,0.04112122936824132,0.956953642384106,0.07885402455661664,1267620.0,79340.70896364868
D,0.014627224021300464,0.04119743406985032,0.956953642384106,0.07899412327456608,1265280.0,79193.94897268007
D,0.014726621033606382,0.04127981716897586,0.956953642384106,0.07914555662056688,1262760.0,79035.89975163694
D,0.014790151634733998,0.04129624318898767,0.9536423841059603,0.07916437603078616,1262280.0,78731.09053962519
D,0.014802818673397378,0.04130808950086059,0.9536423841059603,0.07918614242507561,1261920.0,78708.51207947618
D,0.014875703335791317,0.04145674391823809,0.9536423841059603,0.07945923575665609,1257420.0,78426.28132761345
D,0.014951549507057215,0.04157043879907621,0.9536423841059603,0.07966804979253111,1254000.0,78211.78595619778
D,0.014977150284647828,0.04162451221274751,0.9536423841059603,0.07976734524304113,1252380.0,78110.1828855272
D,0.01507573312973733,0.04178757980266976,0.9536423841059603,0.08006672226855713,1247520.0,77805.37367351547
D,0.01510676234770481,0.041836141778036025,0.9536423841059603,0.0801558586139716,1246080.0,77715.0598329194
D,0.015167207788778765,0.04197027105800058,0.9536423841059603,0.08040201005025126,1242120.0,77466.6967712802
D,0.015247823312864676,0.041952930858061684,0.9503311258278145,0.08035839283214334,1242720.0,77229.62293971551
D,0.015278240428959556,0.04200204888043319,0.9503311258278145,0.08044849334267694,1241280.0,77139.30909911943
D,0.015373724339464226,0.042187270321916805,0.9503311258278145,0.08078817733990148,1235880.0,76800.63219688418
D,0.015395538515329132,0.042224510813594233,0.9503311258278145,0.08085645865614875,1234800.0,76732.89681643712
D,0.015518926992965025,0.04223272297696397,0.9470198675496688,0.08085948543963811,1234680.0,76450.6660645744
D,0.01559180403418473,0.04235781990521327,0.9470198675496688,0.08108874397504962,1231080.0,76224.88146308421
D,0.015615542223865778,0.04241435562805873,0.9470198675496688,0.08119233498935416,1229460.0,76123.27839241365
D,0.015698230900875552,0.04261025029797378,0.9470198675496688,0.08155118334759054,1223880.0,75773.31226010386
D,0.01570511993748528,0.04262930392010732,0.9470198675496688,0.08158607901868492,1223340.0,75739.44456988033
D,0.015800626629966206,0.042788749251944945,0.9470198675496688,0.08187804179788148,1218840.0,75457.21381801761
D,0.01588399282605684,0.04291072768192048,0.9470198675496688,0.08210133486436055,1215420.0,75242.71844660194
D,0.01590732955890727,0.04296875,0.9470198675496688,0.08220753089968381,1213800.0,75141.11537593136
D,0.01603391264553999,0.04315027157513579,0.9470198675496688,0.08253968253968255,1208760.0,74825.01693384511
D,0.016059681823981032,0.043195891859235766,0.9470198675496688,0.08262314025711397,1207500.0,74745.99232332355
D,0.016126594476093308,0.04332676867141342,0.9470198675496688,0.08286252354048965,1203900.0,74520.20772183337
D,0.016207367484388623,0.0434848715219705,0.9470198675496688,0.0831516208751272,1199580.0,74249.26620004517
D,0.016229764391340492,0.04351795496043822,0.9470198675496688,0.08321210357870235,1198680.0,74192.82004967262
D,0.01633853772857255,0.0437175175787221,0.9470198675496688,0.08357685563997662,1193280.0,73854.14314743734
D,0.016370167825143746,0.04377774376243686,0.9470198675496688,0.08368690563277249,1191660.0,73752.54007676676
D,0.01644852598652379,0.04391891891891892,0.9470198675496688,0.08394481948928677,1187880.0,73515.46624520207
D,0.016555279931480236,0.043920480813684694,0.9437086092715232,0.08393461934913855,1188120.0,73255.81395348837
D,0.01656155477042267,0.04394757131842714,0.9437086092715232,0.08398408722557829,1187400.0,73210.65703319033
D,0.016665883230899528,0.04414498141263941,0.9437086092715232,0.08434448061556674,1182180.0,72883.26936102958
D,0.01669259362070037,0.0442134657151722,0.9437086092715232,0.08446947243627742,1180380.0,72770.37706028449
D,0.016782651353363338,0.04435107376283847,0.9437086092715232,0.0847205707491082,1176780.0,72544.59245879432
D,0.016883933681239985,0.04451733833177132,0.9437086092715232,0.08502386634844869,1172460.0,72273.6509370061
D,0.016900148841225034,0.044545170365739295,0.9437086092715232,0.08507462686567163,1171740.0,72228.49401670805
D,0.01695410862377887,0.044747998115873766,0.9437086092715232,0.08544446110028481,1166520.0,71901.10634454731
D,0.0169912516344328,0.044825416797735135,0.9437086092715232,0.08558558558558559,1164540.0,71776.9248137277
D,0.01705539764277868,0.044945592177889925,0.9437086092715232,0.08580460635255156,1161480.0,71585.00790246105
D,0.017124058253370242,0.04513064133016627,0.9437086092715232,0.08614175608281698,1156800.0,71291.48792052382
D,0.017149794229579494,0.04502219403931516,0.9403973509933775,0.0859304084720121,1159920.0,71212.46331000226
D,0.01726620871188912,0.04506369426751592,0.9370860927152318,0.08599209966575509,1159260.0,70896.36486791601
D,0.01730352967830399,0.045135566188197765,0.9370860927152318,0.08612294583079731,1157460.0,70783.47256717093
D,0.017429620087073463,0.04526551503518874,0.9370860927152318,0.08635947512969179,1154220.0,70580.26642582976
D,0.017486734538918768,0.04543994861913937,0.9370860927152318,0.08667687595712098,1149900.0,70309.32490404155
D,0.017502859974701922,0.04550570831323364,0.9370860927152318,0.08679650360374175,1148280.0,70207.72183337096
D,0.017614231109072943,0.04572628857650671,0.9370860927152318,0.08719765829610229,1142880.0,69869.0449311357
D,0.01763076638929826,0.045770661491185506,0.9370860927152318,0.08727833461835004,1141800.0,69801.30955068865
D,0.017704207876722073,0.04577922077922078,0.9337748344370861,0.0872794800371402,1142040.0,69541.65725897494
D,0.017774117291413857,0.04593582016615084,0.9337748344370861,0.08756404285048906,1138260.0,69304.58342741025
D,0.017804926079982596,0.045995759256238784,0.9337748344370861,0.08767293642157624,1136820.0,69214.26958681417
D,0.01791397764729476,0.04622193083101131,0.9337748344370861,0.08808371076058098,1131420.0,68875.5926845789
D,0.01792498419078797,0.04609580052493438,0.9304635761589404,0.08783994998437011,1134900.0,68819.14653420636
D,0.01804324619608928,0.04627799736495389,0.9304635761589404,0.08817069344210857,1130580.0,68548.20501241816
D,0.018120678682209047,0.04643860518922492,0.9304635761589404,0.08846214386903825,1126800.0,68311.13118085347
D,0.0181485216691459,0.046492389146260756,0.9304635761589404,0.08855972265994327,1125540.0,68232.1065703319
D,0.01827092789399082,0.04673208049226676,0.9304635761589404,0.08899445764053841,1119960.0,67882.14043802214
D,0.018283407001718845,0.04677875811553188,0.9304635761589404,0.08907909335869392,1118880.0,67814.40505757507
D,0.018365616279857104,0.04695071010860485,0.9304635761589404,0.08939080642595833,1114920.0,67566.04199593588
D,0.018448865726176142,0.04712393090726145,0.9304635761589404,0.08970470869912212,1110960.0,67317.67893429668
D,0.01847517513016043,0.047163477677072844,0.9304635761589404,0.08977635782747603,1110060.0,67261.23278392415
D,0.01859483789324528,0.047225501770956316,0.9271523178807947,0.0898732145722998,1109220.0,66933.84511176338
D,0.018632606201948457,0.047305288055414764,0.9271523178807947,0.09001768204468735,1107420.0,66820.95281101829
D,0.018716342224436425,0.04745762711864407,0.9271523178807947,0.09029345372460497,1104000.0,66606.45743960261
D,0.018780229459788834,0.04748127978216474,0.9238410596026491,0.09032049206863062,1104060.0,66335.51591781441
D,0.018831539648548185,0.04756222297988408,0.9238410596026491,0.09046692607003891,1102260.0,66222.62361706932
D,0.018915273261538655,0.0478067169294037,0.9238410596026491,0.09090909090909091,1096860.0,65883.94671483405
D,0.018940491369498973,0.047839506172839504,0.9238410596026491,0.09096837300293446,1096140.0,65838.78979453602
D,0.019012501373545786,0.0478815018945918,0.9205298013245033,0.09102815979043877,1095840.0,65545.26981259878
D,0.019081958107989537,0.04803040774015204,0.9205298013245033,0.09129720853858786,1092600.0,65342.06367125762
D,0.019119985069408908,0.04813019390581717,0.9205298013245033,0.09147745969068771,1090440.0,65206.59291036351
D,0.01920896705779224,0.04838990426457789,0.9205298013245033,0.09194641971225401,1084860.0,64856.62677805374
D,0.01920909589401606,0.0483983286908078,0.9205298013245033,0.0919616275223288,1084680.0,64845.33754797923
D,0.019309275924889846,0.04848590932959916,0.9172185430463576,0.09210307564422278,1083480.0,64495.371415669455
D,0.019363614361891896,0.04859649122807017,0.9172185430463576,0.09230256581139619,1081140.0,64348.61142470083
D,0.019446886830711056,0.048574445617740235,0.9139072847682119,0.09224598930481284,1082280.0,64145.40528335968
D,0.01956916963990791,0.048444130127298445,0.9072847682119205,0.09197717354817053,1086360.0,63851.88530142244
D,0.01958526061809001,0.048461266360099044,0.9072847682119205,0.09200805910006715,1086000.0,63829.30684127343
D,0.0197351895230208,0.04855059576738396,0.9039735099337748,0.09215189873417722,1084800.0,63479.34070896365
D,0.019754799909577028,0.048458934616069836,0.9006622516556292,0.0919695688926458,1087380.0,63366.44840821856
D,0.019825642965653128,0.0486322188449848,0.9006622516556292,0.09228159457167091,1083780.0,63140.66380672838
D,0.019888968228073255,0.048841802837134136,0.9006622516556292,0.09265883154488162,1079460.0,62869.722284940166
D,0.0199263944341622,0.04891206617514835,0.9006622516556292,0.09278526351697083,1078020.0,62779.408444344095
D,0.020061061845054014,0.04918625678119349,0.9006622516556292,0.09327846364883402,1072440.0,62429.44231203432
D,0.020085629586543585,0.049221860296778865,0.9006622516556292,0.09334248455730954,1071720.0,62384.28539173628
D,0.020169503203969538,0.04944555535357208,0.9006622516556292,0.09374461485438566,1067220.0,62102.05463987356
D,0.020207438644464386,0.04944353220215289,0.8973509933774835,0.0937229811516514,1068000.0,61876.27003838339
D,0.020224172523964704,0.04952485380116959,0.8973509933774835,0.09386906823692413,1066380.0,61774.6669677128
D,0.020339263509108012,0.049797868430724,0.8973509933774835,0.09435933147632312,1060980.0,61435.990065477534
D,0.02036864596411863,0.04984366378517565,0.8973509933774835,0.09444154033803798,1060080.0,61379.543915104994
D,0.02044615058607045,0.05006465915388879,0.8973509933774835,0.09483814523184603,1055760.0,61108.60239331678
D,0.020528999985913166,0.04987947339143334,0.890728476821192,0.094468832309043,1060920.0,60882.817791826594
D,0.020555990172522125,0.0499535747446611,0.890728476821192,0.09460172322841569,1059480.0,60792.50395123052
D,0.020625198545729653,0.05022404779686333,0.890728476821192,0.09508660303994346,1054260.0,60465.11627906976
D,0.02064712435183145,0.05009345794392523,0.8874172185430463,0.09483368719037508,1057560.0,60397.38089862271
D,0.020734702551048072,0.050309742819598276,0.8874172185430463,0.09522117605258483,1053420.0,60137.72860690901
D,0.020796595454934324,0.050508857896720695,0.8874172185430463,0.09557774607703282,1049640.0,59900.65477534432
D,0.020844932559992587,0.05060422960725076,0.8874172185430463,0.09574848160057163,1047840.0,59787.762474599236
D,0.02094701025913477,0.0508828555154737,0.8874172185430463,0.09624708206141139,1042620.0,59460.37480243848
D,0.020960347891516837,0.050931204865070315,0.8874172185430463,0.09633357296908698,1041720.0,59403.92865206593
D,0.021048943060676645,0.05115480053445314,0.8874172185430463,0.09673344161703665,1037580.0,59144.27636035222
D,0.021136404687054525,0.05116903027980069,0.8841059602649006,0.0967391304347826,1038180.0,58907.20252878754
D,0.021170295554942663,0.05125743904780188,0.8841059602649006,0.09689711486118671,1036560.0,58805.59945811695
D,0.02126770828503258,0.05116817918517088,0.8774834437086093,0.09669768290457945,1039920.0,58466.92255588168
D,0.02127672953293464,0.05121762659451102,0.8774834437086093,0.09678597516435354,1039020.0,58410.47640550915
D,0.02140219991655777,0.05145631067961165,0.8774834437086093,0.09721203228173146,1034700.0,58139.53488372093
D,0.02149012316207939,0.051267056530214426,0.8708609271523179,0.09683357879234168,1039860.0,57913.75028223075
D,0.02153699797344108,0.051357156805311464,0.8708609271523179,0.09699428360685967,1038240.0,57812.14721156017
D,0.021648298429196307,0.0516395052032201,0.8708609271523179,0.09749768303985169,1033200.0,57496.04876947392
D,0.02165878422060261,0.051690251572327046,0.8708609271523179,0.09758812615955474,1032300.0,57439.60261910138
D,0.021744129126172282,0.051966014621616284,0.8708609271523179,0.09807943315308595,1027440.0,57134.79340708964
D,0.021826510774319727,0.052151497124727345,0.8708609271523179,0.09840972871842843,1024200.0,56931.58726574847
D,0.021852357022037125,0.0522551162328631,0.8708609271523179,0.0985941893158388,1022400.0,56818.69496500339
D,0.022006982957795,0.05254745254745255,0.8708609271523179,0.09911437723761071,1017360.0,56502.596522917134
D,0.022020447963400212,0.05261052210442088,0.8708609271523179,0.09922656102622147,1016280.0,56434.86114247009
D,0.022168493893961517,0.05285369774919614,0.8708609271523179,0.09965896172792724,1012140.0,56175.208850756375
D,0.022256314628556473,0.05307769929364278,0.8708609271523179,0.1000570667681187,1008360.0,55938.13501919169
D,0.02232279256804905,0.0532280914794576,0.8708609271523179,0.10032424184627121,1005840.0,55780.08579814857
D,0.022416753223994623,0.05312436393242418,0.8642384105960265,0.10009587727708533,1009560.0,55463.98735606232
D,0.022420435627724403,0.0531459987782529,0.8642384105960265,0.10013427968540187,1009200.0,55441.4088959133
D,0.02250148609078366,0.05345074749129634,0.8642384105960265,0.10067502410800387,1004160.0,55125.31045382705
D,0.0225734305646005,0.05361544782251438,0.8642384105960265,0.10096711798839458,1001460.0,54955.972002709415
D,0.02263669739375987,0.05378116628889347,0.8642384105960265,0.10126091173617846,998760.0,54786.63355159178
D,0.022775167627219286,0.053482587064676616,0.8543046357615894,0.10066328521264145,1006680.0,54459.245879431015
D,0.02278989514474666,0.053515868077162417,0.8543046357615894,0.10072223306656256,1006140.0,54425.3781892075
D,0.022913152916196926,0.05386221294363257,0.8543046357615894,0.10133542812254517,1000560.0,54075.41205689772
D,0.022962456908166326,0.053952321204516936,0.8543046357615894,0.1014948859166011,999120.0,53985.09821630165
D,0.023066793113216265,0.05401429171920975,0.8509933774834437,0.10158102766798419,999180.0,53714.15669451344
D,0.023160058051825673,0.05405405405405406,0.847682119205298,0.1016276300119095,999600.0,53465.793632874236
D,0.02321302387925712,0.054134066398815815,0.847682119205298,0.10176903200159014,998340.0,53386.76902235267
D,0.023321670081751605,0.05428997232275921,0.8443708609271523,0.10202040408081617,996960.0,53025.51365996839
D,0.023332607924193095,0.05434782608695652,0.8443708609271523,0.10212254705646776,996060.0,52969.06750959584
D,0.02343284890302151,0.054413024850042846,0.8410596026490066,0.10221327967806841,996120.0,52698.12598780763
D,0.023524725531801908,0.05464716006884682,0.8410596026490066,0.10262626262626263,992520.0,52472.34138631746
D,0.023601515982569335,0.05477679534181583,0.8410596026490066,0.10285482891273538,990540.0,52348.159855497855
D,0.02374212788774737,0.055121527777777776,0.8410596026490066,0.10346232179226068,985320.0,52020.772183337096
D,0.023749465899767005,0.05515743756786102,0.8410596026490066,0.10352557570817199,984780.0,51986.90449311357
D,0.023898781485720912,0.05547062677440489,0.8410596026490066,0.10407703339479615,980100.0,51693.38451117633
D,0.023978109998223668,0.05525104143828108,0.8344370860927153,0.10363972856261568,985620.0,51490.17836983518
D,0.024028473070223377,0.055396790503407345,0.8344370860927153,0.10389610389610389,983460.0,51354.70760894108
D,0.024130068718005625,0.05572755417956656,0.8344370860927153,0.1044776119402985,978600.0,51049.898396929326
D,0.02414322448292425,0.055776892430278883,0.8344370860927153,0.1045643153526971,977880.0,51004.7414766313
D,0.0242540632260194,0.05608724682839973,0.8344370860927153,0.10510948905109488,973380.0,50722.51072476857
D,0.02434042992083657,0.056101922217255254,0.8311258278145696,0.10510887772194305,974340.0,50508.0153533529
D,0.02438092476961795,0.05605381165919283,0.8278145695364238,0.10499790004199916,976200.0,50349.966132309775
D,0.02447085213777045,0.056194989844278946,0.8245033112582781,0.10521867737164589,975360.0,50022.578460149016
D,0.024487649434063164,0.056220365771054416,0.8245033112582781,0.10526315789473685,975000.0,50000.0
D,0.02463234696978377,0.05656519763743753,0.8245033112582781,0.10586734693877552,970140.0,49695.19078798826
D,0.024741898710695844,0.05678449258836944,0.8245033112582781,0.10625133347557073,967080.0,49503.27387672161
D,0.02479106940806945,0.05695333943275389,0.8245033112582781,0.10654685494223362,964740.0,49356.51388575299
D,0.024884793439153955,0.057333640340778265,0.8245033112582781,0.10721205597416578,959520.0,49029.12621359224
D,0.024891710416514452,0.05736005528680028,0.8245033112582781,0.10725823820805513,959160.0,49006.547753443214
D,0.025022188373724073,0.057719054242002785,0.8245033112582781,0.10788561525129983,954300.0,48701.73854143147
D,0.025105387515509125,0.05794740516639516,0.8245033112582781,0.10828440965427266,951240.0,48509.82163016482
D,0.025175788252446228,0.05812324929971989,0.8245033112582781,0.10859136502398604,948900.0,48363.06163919621
D,0.025306092766679007,0.05828437132784959,0.8211920529801324,0.10884353741496598,948060.0,48035.673967035444
D,0.025308241575040125,0.05829807240244476,0.8211920529801324,0.10886742756804213,947880.0,48024.38473696094
D,0.025460901016596274,0.05868433506862281,0.8211920529801324,0.10954063604240284,942840.0,47708.28629487469
D,0.025560533930787596,0.05866983372921615,0.8178807947019867,0.10948581560283688,944340.0,47527.65861368254
D,0.02561926800178623,0.05889365760610396,0.8178807947019867,0.10987544483985766,941460.0,47347.0309324904
D,0.025730136343622412,0.05880940950552088,0.8112582781456954,0.10966875559534466,945180.0,47030.93249040416
D,0.02574335212113132,0.05885178957482585,0.8112582781456954,0.1097424412094065,944640.0,46997.064800180626
D,0.025884095771744938,0.05880929332042594,0.804635761589404,0.10960757780784844,947820.0,46647.09866787085
D,0.0259104852587278,0.05870936438622028,0.8013245033112583,0.10940325497287522,950400.0,46534.206367125764
D,0.025997580234253546,0.05899561189663579,0.8013245033112583,0.10990009082652134,946800.0,46308.42176563558
D,0.02609849512963289,0.05934281510544385,0.8013245033112583,0.11050228310502284,942480.0,46037.48024384737
D,0.026115053523712635,0.059386503067484664,0.8013245033112583,0.11057802147589675,941940.0,46003.61255362384
D,0.026203989207760063,0.059594460929772504,0.7980132450331126,0.11090658076392085,940740.0,45653.646421314064
D,0.026242325661074057,0.059742191373326724,0.7980132450331126,0.11116236162361624,938940.0,45540.75412056898
D,0.026330510843925337,0.05976095617529881,0.7947019867549668,0.111162575266327,940080.0,45337.54797922781
D,0.026445565785995225,0.0601353044349787,0.7947019867549668,0.11180992313067784,935580.0,45055.31722736509
D,0.026489524038735033,0.05995985950827898,0.7913907284768212,0.11147388059701493,939060.0,44998.871076992546
D,0.026669889661024463,0.06042983565107459,0.7913907284768212,0.11228564716936809,933480.0,44648.90494468277
D,0.02671533669336536,0.06055231821636686,0.7913907284768212,0.11249705813132502,932040.0,44558.59110408671
D,0.026830068796316622,0.0608762098828324,0.7913907284768212,0.1130558183538316,928260.0,44321.51727252202
D,0.026902543652722703,0.06123494747630028,0.7913907284768212,0.11367419738406657,924120.0,44061.86498080831
D,0.026986242071637495,0.06142379850938062,0.7913907284768212,0.11399952301454806,921960.0,43926.3942199142
D,0.027156802846053443,0.06167400881057269,0.7880794701986755,0.11439557798606104,920580.0,43565.13885752991
D,0.027159222173809117,0.06167400881057269,0.7880794701986755,0.11439557798606104,920580.0,43565.13885752991
D,0.02734724214356922,0.061928403449176904,0.7847682119205298,0.11479777185759263,919200.0,43203.88349514563
D,0.02738586897191543,0.06212319790301442,0.7847682119205298,0.11513237794510565,917040.0,43068.41273425153
D,0.027529349762516756,0.062467053241960994,0.7847682119205298,0.11572265625,913260.0,42831.33890268684
D,0.027627042032550283,0.06284805091487669,0.7847682119205298,0.11637613552663885,909120.0,42571.68661097313
D,0.0276503417997816,0.06298166356630348,0.7847682119205298,0.11660516605166052,907680.0,42481.372770377064
D,0.027825270348927643,0.0632368703108253,0.7814569536423841,0.11700545364402579,906480.0,42131.40663806728
D,0.027861672564649234,0.06330472103004292,0.7814569536423841,0.11712158808933003,905760.0,42086.24971776925
D,0.02799553828060323,0.06346205779098028,0.7781456953642384,0.11735330836454433,905640.0,41804.01896590652
D,0.028104085803811914,0.06378935939196526,0.7781456953642384,0.11791269443050678,902220.0,41589.523594490856
D,0.028142310709917948,0.06396298312465977,0.7781456953642384,0.11820925553319919,900420.0,41476.63129374577
D,0.028331763132402783,0.06397583745194947,0.7715231788079471,0.11815415821501013,903420.0,41115.37593136148
D,0.028332115140442517,0.064010989010989,0.7715231788079471,0.11821410451547437,903060.0,41092.79747121246
D,0.028462570652375747,0.06421256573484639,0.7682119205298014,0.11851851851851854,902580.0,40787.98825920073
D,0.028562694529548488,0.06423804226918799,0.7649006622516556,0.1185223191380195,903900.0,40596.07134793407
D,0.028644624128128484,0.06413831567205801,0.7615894039735099,0.11831275720164611,906480.0,40483.17904718898
D,0.028846309666909004,0.06439820022497188,0.7582781456953642,0.11871435977190253,905460.0,40144.502144953716
D,0.028859207828537837,0.06447072072072071,0.7582781456953642,0.11883757135443694,904740.0,40099.34522465568
D,0.028981949284289828,0.06498297389330307,0.7582781456953642,0.11970726607422896,899700.0,39783.24678256943
D,0.029088724405552237,0.0652607580507267,0.7582781456953642,0.1201784308580425,897000.0,39613.9083314518
D,0.029132141346495777,0.06527340395075866,0.7549668874172185,0.12015810276679842,898500.0,39433.28065025965
D,0.02928026577167078,0.06551226551226551,0.7516556291390728,0.12052030793735068,897840.0,39117.1822081734
D,0.029280495130366724,0.06551226551226551,0.7516556291390728,0.12052030793735068,897840.0,39117.1822081734
D,0.029452351510628957,0.06610366919044845,0.7516556291390728,0.1215203426124197,892260.0,38767.216075863624
D,0.0294859811978469,0.06606255480853551,0.7483443708609272,0.12140746709642761,894300.0,38620.45608489501
D,0.029570773731395366,0.06637298091042584,0.7483443708609272,0.12193148098192609,891420.0,38439.82840370287
D,0.02974917690483394,0.06692330470832099,0.7483443708609272,0.12285947268279422,886380.0,38123.72996161662
D,0.02976230507036913,0.06700266824785057,0.7483443708609272,0.12299319727891156,885660.0,38078.57304131858
D,0.02999646704616239,0.06668660287081339,0.7384105960264901,0.12232583653318704,893580.0,37751.18536915782
D,0.030025764333596598,0.0669066906690669,0.7384105960264901,0.12269601100412655,891600.0,37627.00383833823
D,0.03011276971038366,0.0669683257918552,0.7350993377483444,0.12275366325684267,892740.0,37423.79769699706
D,0.03028740086484755,0.06717325227963526,0.7317880794701986,0.12305122494432072,892620.0,37141.56694513434
D,0.030299749255986427,0.06725502130249543,0.7317880794701986,0.12318840579710146,891900.0,37096.41002483631
D,0.030436192800852243,0.06754682222904514,0.7284768211920529,0.12363023321157629,891060.0,36769.02235267554
D,0.030499645167175952,0.06779661016949153,0.7284768211920529,0.1240484916831125,888900.0,36633.55159178144
D,0.03059611107724397,0.06815365551425032,0.7284768211920529,0.1246458923512748,885840.0,36441.63468051479
D,0.03076625061921576,0.06870705808869457,0.7284768211920529,0.12557077625570776,881160.0,36148.114698577556
D,0.030799968542186144,0.06877149109096593,0.7284768211920529,0.1256783776063982,880620.0,36114.247008354025
D,0.030989178967026427,0.06942253076680341,0.7284768211920529,0.1267646211466436,875220.0,35775.570106118765
D,0.031032008212082206,0.06966434452184928,0.7284768211920529,0.1271676300578035,873240.0,35651.38857529916
D,0.031124215504256304,0.06976744186046512,0.7251655629139073,0.12728857890148212,874200.0,35436.8932038835
D,0.03127952283037327,0.07032755298651253,0.7251655629139073,0.12822014051522249,869700.0,35154.66245202078
D,0.03134710533046652,0.07046332046332046,0.7251655629139073,0.1284457478005865,868620.0,35086.92707157372
D,0.03152344667584694,0.07045454545454545,0.7185430463576159,0.1283264340626848,872340.0,34770.82862948747
D,0.03155262483921648,0.07068403908794789,0.7185430463576159,0.1287069988137604,870540.0,34657.93632874238
D,0.03168301285057736,0.07112422156669944,0.7185430463576159,0.1294363256784969,867120.0,34443.44095732671
D,0.03182262766291869,0.0713813615333774,0.7152317880794702,0.12980769230769232,867000.0,34161.21020546399
D,0.031885574181822494,0.07166556071665561,0.7152317880794702,0.13027744270205066,864840.0,34025.73944456988
D,0.03218792234863691,0.07200267916945746,0.7119205298013245,0.1307785888077859,864180.0,33709.64100248363
D,0.032204407576754995,0.0720992622401073,0.7119205298013245,0.13093788063337392,863460.0,33664.4840821856
D,0.032458273621534646,0.0727580372250423,0.7119205298013245,0.13202333435677005,858600.0,33359.674870173854
D,0.03254400285908956,0.0731541340592038,0.7119205298013245,0.13267510027769205,855720.0,33179.04718898171
D,0.03261123659155293,0.07313738892686261,0.7086092715231788,0.1325898389095415,857760.0,33032.287198013095
D,0.03280540255547036,0.07381855812349086,0.7086092715231788,0.133708216182443,852900.0,32727.47798600135
D,0.03281649528551753,0.07392055267702936,0.7086092715231788,0.13387550828902098,852180.0,32682.32106570332
D,0.0329800612875874,0.07426778242677824,0.7052980132450332,0.13438485804416403,851700.0,32377.511853691576
D,0.033052139814200895,0.07400911960715538,0.6986754966887417,0.13384078655248968,857400.0,32185.594942424927
D,0.03313620443867671,0.07437433909058865,0.6986754966887417,0.13443771901879578,854880.0,32027.5457213818
D,0.033297037435608384,0.07445671535447096,0.6920529801324503,0.1344483756834995,858240.0,31688.868819146533
D,0.033306103894361304,0.07448325017818959,0.6920529801324503,0.13449163449163448,858060.0,31677.579589072026
D,0.03346610980720461,0.07523398128149748,0.6920529801324503,0.1357142857142857,853020.0,31361.481146985774
D,0.03353888160913662,0.07564241766196164,0.6920529801324503,0.13637846655791191,850320.0,31192.14269586814
D,0.03369636351026994,0.07608299963596651,0.6920529801324503,0.13709412922269595,847440.0,31011.515014676
D,0.0339578786543101,0.07607497243660419,0.6854304635761589,0.13695004961958318,851520.0,30717.995032738767
D,0.033971529158922556,0.07618697092381303,0.6854304635761589,0.13713150049685327,850800.0,30672.83811244073
D,0.03421564896209018,0.0763785394932936,0.6788079470198676,0.13730743469524448,853620.0,30300.293519981937
D,0.03430854242025046,0.07626168224299065,0.6754966887417219,0.13705072220356063,856380.0,30198.690449311354
D,0.03442994165108073,0.07645951035781544,0.6721854304635762,0.1373013189042949,857160.0,29972.90584782118
D,0.03460918631047085,0.07636778115501519,0.6655629139072847,0.13701431492842536,861780.0,29713.253556107473
D,0.03466735838706923,0.07657142857142857,0.6655629139072847,0.13734198838401093,860520.0,29634.22894558591
D,0.034889167140775175,0.07742681047765794,0.6655629139072847,0.13871635610766045,855300.0,29306.841273425154
D,0.03495513087201832,0.07727975270479134,0.6622516556291391,0.13840830449826988,858240.0,29216.52743282908
D,0.03514670928569107,0.07683307332293292,0.652317880794702,0.1374738311235171,867060.0,28945.585911040867
D,0.03520256496060842,0.0770440251572327,0.6490066225165563,0.13773717498243146,867840.0,28719.80130955069
D,0.035336858829810296,0.07737860244769049,0.6490066225165563,0.13827160493827162,865860.0,28595.619778731092
D,0.03554218546848176,0.07827476038338659,0.6490066225165563,0.1397006414825374,860640.0,28268.232106570336
D,0.035573664003439615,0.0784,0.6490066225165563,0.13990007137758742,859920.0,28223.075186272294
D,0.03583527857946446,0.07885159725030327,0.6456953642384106,0.14054054054054052,859440.0,27918.265974260554
D,0.035945846209501676,0.07939739413680781,0.6456953642384106,0.14140681653372006,856380.0,27726.349062993904
D,0.036085091643731707,0.07981989357347523,0.6456953642384106,0.14207650273224043,854040.0,27579.58907202529
D,0.036375015530656314,0.08084577114427861,0.6456953642384106,0.14369933677229182,848460.0,27229.622939715508
D,0.036445427039722554,0.08091286307053942,0.6456953642384106,0.14380530973451328,848100.0,27207.044479566495
D,0.03674509146051572,0.08063838723225536,0.6357615894039735,0.14312336936265374,856020.0,26879.656807405732
D,0.03685232923916337,0.08062473617560152,0.6324503311258278,0.1430175964058405,858240.0,26744.186046511626
D,0.03707945980361673,0.08124202467035305,0.6324503311258278,0.14398793818318886,855000.0,26540.97990517047
D,0.03728514534699386,0.08129032258064516,0.6258278145695364,0.1438903692424819,859080.0,26247.459923233237
D,0.03730522869739413,0.08139534883720931,0.6258278145695364,0.1440548780487805,858540.0,26213.59223300971
D,0.03761146785197748,0.08158813263525305,0.6192052980132451,0.14417887432536622,861900.0,25874.91533077444
D,0.03769995654170647,0.08198158702323542,0.6192052980132451,0.14479287650019357,859920.0,25750.733799954844
D,0.0379326597219309,0.08270676691729323,0.6192052980132451,0.14592274678111586,856320.0,25524.949198464663
D,0.03817418351187534,0.08359409924005365,0.6192052980132451,0.14730208743599843,852000.0,25254.00767667645
D,0.03824880663545659,0.08340807174887892,0.6158940397350994,0.14691943127962084,855120.0,25174.983066154888
D,0.03843480936625895,0.08420573509330906,0.6125827814569537,0.14805922368947577,853560.0,24802.438473696096
D,0.03848154782543899,0.08344733242134063,0.6059602649006622,0.1466933867735471,861600.0,24757.281553398057
D,0.038785717636751676,0.08406466512702078,0.6026490066225165,0.14754762869882446,860940.0,24441.18311131181
D,0.03885768814911243,0.08422522103303862,0.5993377483443708,0.14769481844145244,862440.0,24260.555430119664
D,0.03895921973347374,0.0847378277153558,0.5993377483443708,0.14848236259228875,860100.0,24113.79543915105
D,0.039180166622763114,0.08586337760910816,0.5993377483443708,0.15020746887966804,855060.0,23797.6969970648
D,0.039201832007034275,0.08594491927825261,0.5993377483443708,0.15033222591362125,854700.0,23775.118536915783
D,0.039515512715479005,0.08605769230769231,0.5927152317880795,0.15029387069689337,858780.0,23481.59855497855
D,0.03968928954873273,0.08680892337536372,0.5927152317880795,0.15143824027072758,855540.0,23278.39241363739
D,0.039835717817999654,0.08723196881091617,0.5927152317880795,0.15208156329651656,853740.0,23165.5001128923
D,0.04019546468068987,0.087988136431043,0.5894039735099338,0.1531182795698925,852900.0,22838.112440731544
D,0.040222139312522345,0.08820614469772052,0.5894039735099338,0.153448275862069,852000.0,22781.666290358997
D,0.04058335577286493,0.0889894419306184,0.5860927152317881,0.1545176778699258,851160.0,22454.27861819824
D,0.040749053971972315,0.08915906788247213,0.5827814569536424,0.15465729349736376,852840.0,22284.940167080604
D,0.0408913066374682,0.08924018357980622,0.5794701986754967,0.15466195315952275,854880.0,22138.18017611199
D,0.04125977878007575,0.08963730569948186,0.5728476821192053,0.15501792114695342,858060.0,21788.21404380221
D,0.04127358205282893,0.08977685521536066,0.5728476821192053,0.15522655899506504,857520.0,21754.346353578687
D,0.041801862178010595,0.09066947812335266,0.5695364238410596,0.15643474306502955,856500.0,21415.66945134342
D,0.041913374079556594,0.0911983032873807,0.5695364238410596,0.15722120658135283,854520.0,21291.487920523818
D,0.042097105111198366,0.09144385026737968,0.5662251655629139,0.15745856353591162,856020.0,21110.860239331676
D,0.04237576603733716,0.09115572436245252,0.5562913907284768,0.15664335664335663,864300.0,20806.051027319936
D,0.04247342561490848,0.0914534567229178,0.5562913907284768,0.15708274894810656,863220.0,20738.315646872885
D,0.04284477908783382,0.0912106135986733,0.5463576158940397,0.15632401705352914,871320.0,20422.217204786633
D,0.04297845991372351,0.09005002779321845,0.5364238410596026,0.15421227986673014,882660.0,20309.324904041547
D,0.04311289848640727,0.09101123595505618,0.5364238410596026,0.15561959654178673,879240.0,20094.829532625874
D,0.04350213565507405,0.09116809116809117,0.5298013245033113,0.15556635877491493,883500.0,19812.598780763154
D,0.04354606251548014,0.09137635636778983,0.5298013245033113,0.15586945932781296,882780.0,19767.441860465115
D,0.04392123577752044,0.09122603137710633,0.5198675496688742,0.1552150271873455,890520.0,19428.76495822985
D,0.04400820955805942,0.09175920514319112,0.5198675496688742,0.15598609041231992,888720.0,19315.87265748476
D,0.04428877357661438,0.09107037256061502,0.5099337748344371,0.1545408931259408,898260.0,19090.08805599458
D,0.04458003955286247,0.09178164367126575,0.5066225165562914,0.1554088369730828,898320.0,18819.146534206368
D,0.044654182543069756,0.09151113786875377,0.5033112582781457,0.15486500254712177,901620.0,18751.411153759316
D,0.04503901293554518,0.09258123850398528,0.5,0.1562338334195551,900600.0,18412.734251524045
D,0.045081549247481145,0.09242144177449169,0.4966887417218543,0.15584415584415587,903540.0,18322.420410927974
D,0.04533938487793766,0.091875,0.4867549668874172,0.15457413249211358,912540.0,18062.76811921427
D,0.04568763695696511,0.09240506329113925,0.48344370860927155,0.155154091392136,913320.0,17836.983517724093
D,0.045792988954092485,0.09293443666454487,0.48344370860927155,0.15589962626801923,911700.0,17735.38044705351
D,0.04615785362427815,0.0935672514619883,0.4768211920529801,0.15643671917436175,914700.0,17374.125084669227
D,0.04621339204321791,0.09375,0.4768211920529801,0.15669205658324264,914160.0,17340.2573944457
D,0.04646400349137377,0.0948905109489051,0.4735099337748344,0.15809839690436706,913320.0,17012.86972228494
D,0.04664842654915434,0.09450402144772117,0.46688741721854304,0.15719063545150502,919380.0,16843.531271167307
D,0.04677319053887795,0.09533468559837728,0.46688741721854304,0.15833801235261089,917040.0,16696.771280198693
D,0.04719014746944443,0.09461325966850828,0.45364238410596025,0.15657142857142856,928980.0,16346.805147888912
D,0.04719295262247837,0.09461325966850828,0.45364238410596025,0.15657142857142856,928980.0,16346.805147888912
D,0.04778736692714915,0.09513742071881606,0.4470198675496689,0.15688553166763508,932520.0,16019.417475728156
D,0.047984653624480254,0.09401709401709402,0.4370860927152318,0.15474794841735054,942960.0,15850.079024610523
D,0.04819043764476151,0.09307359307359307,0.4271523178807947,0.15284360189573462,952860.0,15646.872883269361
D,0.04843929661531414,0.09411764705882353,0.423841059602649,0.1540312876052948,952560.0,15353.35290133213
D,0.04848644210231579,0.09446494464944649,0.423841059602649,0.15449607724803863,951660.0,15296.906750959584
D,0.049013462535193404,0.0944822373393802,0.4139072847682119,0.15384615384615385,959040.0,14935.6513885753
D,0.049074290478518134,0.09415337889141989,0.4105960264900662,0.15318097591105623,962340.0,14867.916008128246
D,0.049335064797918,0.09505409582689335,0.40728476821192056,0.15413533834586465,962580.0,14608.26371641454
D,0.049592866332737955,0.09662215239591516,0.40728476821192056,0.1561904761904762,958800.0,14371.189884849853
D,0.049797350450327925,0.09659540775930324,0.40397350993377484,0.1559105431309904,961380.0,14258.297584104765
D,0.05043610017120319,0.09870550161812297,0.40397350993377484,0.15864759427828348,956520.0,13953.488372093023
D,0.05049403171910445,0.09926769731489016,0.40397350993377484,0.1593729588504246,955260.0,13874.46376157146
D,0.05097136970036165,0.1015820149875104,0.40397350993377484,0.16234198270126413,950220.0,13558.36531948521
D,0.05126604898879692,0.10042194092827005,0.39403973509933776,0.16005379959650304,960480.0,13377.737638293069
D,0.05148196322903678,0.10162254483347566,0.39403973509933776,0.16157501697216564,957960.0,13219.688417249945
D,0.05202227333314626,0.10254163014899212,0.38741721854304634,0.1621621621621622,961320.0,12881.011515014676
D,0.05204442335102057,0.10254163014899212,0.38741721854304634,0.1621621621621622,961320.0,12881.011515014676
D,0.052574697943037166,0.10332434860736747,0.38079470198675497,0.1625441696113074,965040.0,12564.913072928426
D,0.05272455281005195,0.10391978122151321,0.37748344370860926,0.1629735525375268,966540.0,12384.285391736285
D,0.05294391336262958,0.10506912442396313,0.37748344370860926,0.1643835616438356,964380.0,12248.814630842176
D,0.05366140125686881,0.1062618595825427,0.3708609271523179,0.16519174041297935,967560.0,11898.8484985324
D,0.053661485320829684,0.1063627730294397,0.3708609271523179,0.16531365313653137,967380.0,11887.559268457891
D,0.054235241246891615,0.10916179337231968,0.3708609271523179,0.1686746987951807,962520.0,11582.75005644615
D,0.05451555303266135,0.11078140454995054,0.3708609271523179,0.1706016755521706,959820.0,11413.411605328516
D,0.05476715991575766,0.11144578313253012,0.3675496688741722,0.17103235747303544,961500.0,11244.073154210882
D,0.055538926485992596,0.11387163561076605,0.36423841059602646,0.17350157728706625,960480.0,10905.396251975615
D,0.05557534266384731,0.11398963730569948,0.36423841059602646,0.17363851617995263,960300.0,10894.107021901105
D,0.05625661084036356,0.11682743837084673,0.3609271523178808,0.1765182186234818,958920.0,10532.85165951682
D,0.05643224074798567,0.11713665943600868,0.3576158940397351,0.17647058823529413,961320.0,10408.670128697222
D,0.05682536515623192,0.11823204419889503,0.3543046357615894,0.17729908864954433,962640.0,10216.75321743057
D,0.05757777840487403,0.12186788154897495,0.3543046357615894,0.18135593220338983,957780.0,9911.94400541883
D,0.05770012254821785,0.12200684150513112,0.3543046357615894,0.18150975402883798,957600.0,9900.654775344321
D,0.058656089804032925,0.12514757969303425,0.3509933774834437,0.1845082680591819,956580.0,9561.977873109054
D,0.05896415760964128,0.12709832134292565,0.3509933774834437,0.18661971830985916,954240.0,9415.217882140438
D,0.05957912411795302,0.12836185819070906,0.347682119205298,0.1875,955740.0,9234.590200948294
D,0.06113887361557224,0.1291139240506329,0.33774834437086093,0.18681318681318682,963840.0,8918.491758862046
D,0.061180950557518064,0.12927756653992395,0.33774834437086093,0.18698441796516957,963660.0,8907.202528787537
D,0.0626693759883906,0.13157894736842105,0.33112582781456956,0.18832391713747645,967200.0,8579.81485662678
D,0.06321553222607054,0.13119143239625167,0.32450331125827814,0.18684461391801716,973620.0,8433.054865658163
D,0.0645509810272918,0.1304945054945055,0.31456953642384106,0.18446601941747573,983340.0,8218.559494242492
D,0.06591675406630959,0.13229018492176386,0.3079470198675497,0.18507462686567164,987600.0,7936.328742379769
D,0.06597917167062584,0.13055954088952654,0.30132450331125826,0.18218218218218216,995280.0,7868.593361932716
D,0.06768946398506683,0.13432835820895522,0.2980132450331126,0.18518518518518517,994800.0,7563.784149920975
D,0.06834940860893614,0.13505311077389984,0.2947019867549669,0.1852237252861602,997200.0,7439.602619101378
D,0.06970106986115938,0.1372854914196568,0.2913907284768212,0.18663838812301167,998340.0,7236.396477760217
D,0.07154669340494461,0.13983739837398373,0.2847682119205298,0.1875681570338059,1002420.0,6942.876495822985
D,0.0720195635850115,0.13957307060755336,0.2814569536423841,0.18660812294182216,1005720.0,6875.141115375931
D,0.0739644657722711,0.14113597246127366,0.271523178807947,0.1857304643261608,1013820.0,6559.042673289682
D,0.07475438898073605,0.1436077057793345,0.271523178807947,0.1878579610538373,1012020.0,6446.150372544593
D,0.0766214682696497,0.14828209764918626,0.271523178807947,0.19181286549707602,1008780.0,6242.944231203432
D,0.07821684469704544,0.1555977229601518,0.271523178807947,0.19782870928829915,1004100.0,5949.4242492662
D,0.07856216520143891,0.15678776290630975,0.271523178807947,0.1987878787878788,1003380.0,5904.267328968164
D,0.08087477401886108,0.16565656565656567,0.271523178807947,0.205771643663739,998340.0,5588.168886881915
D,0.08161628366716624,0.16735537190082644,0.2682119205298013,0.20610687022900764,1000740.0,5463.987356062316
D,0.08285563103483312,0.16738197424892703,0.2582781456953642,0.203125,1010640.0,5260.781214721156
D,0.08553747075028989,0.175,0.25496688741721857,0.20754716981132076,1010340.0,4967.261232783924
D,0.0856031354502048,0.17539863325740318,0.25496688741721857,0.20782726045883942,1010160.0,4955.972002709415
D,0.08874094782518899,0.1820388349514563,0.24834437086092714,0.21008403361344538,1014060.0,4651.162790697675
D,0.09161079215759196,0.1889168765743073,0.24834437086092714,0.2145922746781116,1011360.0,4481.824339580041
D,0.09326749485454268,0.1968503937007874,0.24834437086092714,0.21961932650073204,1008480.0,4301.1966583878975
D,0.09772236546329992,0.2033898305084746,0.23841059602649006,0.21951219512195125,1016760.0,3996.3874463761576
D,0.09833474065398586,0.20454545454545456,0.23841059602649006,0.22018348623853212,1016400.0,3973.808986227139
D,0.10343134141332803,0.2191358024691358,0.23509933774834438,0.2268370607028754,1015740.0,3657.7105441408894
D,0.10603976013691098,0.22727272727272727,0.23178807947019867,0.22950819672131148,1017240.0,3477.0828629487464
D,0.1077174234830075,0.23648648648648649,0.23178807947019867,0.23411371237458192,1015080.0,3341.6121020546398
D,0.11373120099548244,0.2537878787878788,0.22185430463576158,0.23674911660777384,1022460.0,2980.3567396703543
D,0.1143300138110043,0.25475285171102663,0.22185430463576158,0.23716814159292038,1022280.0,2969.0675095958454
D,0.1218675607091194,0.27896995708154504,0.2152317880794702,0.24299065420560745,1025640.0,2630.390607360578
D,0.12778371726819315,0.29411764705882354,0.2152317880794702,0.248565965583174,1023480.0,2494.919846466471
D,0.13388550656016943,0.3073170731707317,0.20860927152317882,0.2485207100591716,1029360.0,2314.2921652743285
D,0.14571978960793497,0.3333333333333333,0.19536423841059603,0.24634655532359084,1041840.0,1998.1937231880788
D,0.14757847484664288,0.3390804597701149,0.19536423841059603,0.24789915966386555,1041300.0,1964.3260329645518
D,0.15929491636323587,0.38461538461538464,0.18211920529801323,0.24719101123595505,1053240.0,1614.3599006547754
D,0.16438989219312966,0.39097744360902253,0.17218543046357615,0.2390804597701149,1064580.0,1501.4675999096862
D,0.18100146551771917,0.40869565217391307,0.15562913907284767,0.22541966426858515,1083240.0,1298.2614585685255
D,0.201451775700876,0.48314606741573035,0.1423841059602649,0.21994884910485935,1096080.0,1004.7414766312937
D,0.2065509884645485,0.4883720930232558,0.1390728476821192,0.2164948453608247,1099920.0,970.8737864077669
D,0.2713840591530096,0.6727272727272727,0.12251655629139073,0.20728291316526612,1116240.0,620.9076540979905
D,0.4099879526067603,0.8461538461538461,0.0728476821192053,0.13414634146341461,1176720.0,293.5199819372319
